,nasdaq100,nifty50,gold,usdinr
2001-08-01,1729.530029296875,,267.3999938964844,
2001-08-02,1751.449951171875,,267.3999938964844,
2001-08-03,1725.9000244140625,,267.8999938964844,
2001-08-06,1702.8399658203125,,267.1000061035156,
2001-08-07,1696.3699951171875,,267.20001220703125,
2001-08-08,1626.199951171875,,267.8999938964844,
2001-08-09,1628.9200439453125,,273.3999938964844,
2001-08-10,1617.449951171875,,273.8999938964844,
2001-08-13,1653.27001953125,,275.70001220703125,
2001-08-14,1629.949951171875,,276.29998779296875,
2001-08-15,1572.030029296875,,275.70001220703125,
2001-08-16,1581.97998046875,,275.20001220703125,
2001-08-17,1516.5799560546875,,279.29998779296875,
2001-08-20,1535.989990234375,,276.1000061035156,
2001-08-21,1480.739990234375,,275.0,
2001-08-22,1515.4100341796875,,274.8999938964844,
2001-08-23,1496.97998046875,,275.29998779296875,
2001-08-24,1579.6199951171875,,272.5,
2001-08-27,1578.3299560546875,,272.6000061035156,
2001-08-28,1526.300048828125,,272.29998779296875,
2001-08-29,1499.760009765625,,273.70001220703125,
2001-08-30,1453.9000244140625,,275.3999938964844,
2001-08-31,1469.699951171875,,274.3999938964844,
2001-09-04,1424.1199951171875,,271.6000061035156,
2001-09-05,1415.300048828125,,272.0,
2001-09-06,1361.68994140625,,273.0,
2001-09-07,1354.27001953125,,273.1000061035156,
2001-09-10,1365.3900146484375,,271.6000061035156,
2001-09-14,,,290.20001220703125,
2001-09-17,1252.699951171875,,289.79998779296875,
2001-09-18,1224.6400146484375,,288.1000061035156,
2001-09-19,1208.22998046875,,291.5,
2001-09-20,1166.27001953125,,289.0,
2001-09-21,1126.949951171875,,291.8999938964844,
2001-09-24,1191.02001953125,,289.70001220703125,
2001-09-25,1187.77001953125,,290.5,
2001-09-26,1143.47998046875,,293.29998779296875,
2001-09-27,1144.27001953125,,291.70001220703125,
2001-09-28,1168.3699951171875,,292.3999938964844,
2001-10-01,1151.239990234375,,292.20001220703125,
2001-10-02,1159.3699951171875,,289.8999938964844,
2001-10-03,1249.4100341796875,,290.5,
2001-10-04,1260.6600341796875,,290.5,
2001-10-05,1271.72998046875,,291.3999938964844,
2001-10-08,1279.6300048828125,,292.3999938964844,
2001-10-09,1244.56005859375,,288.8999938964844,
2001-10-10,1304.6800537109375,,285.70001220703125,
2001-10-11,1389.8699951171875,,281.79998779296875,
2001-10-12,1393.8399658203125,,284.8999938964844,
2001-10-15,1378.9200439453125,,282.1000061035156,
2001-10-16,1404.81005859375,,282.29998779296875,
2001-10-17,1314.800048828125,,283.3999938964844,
2001-10-18,1330.3299560546875,,279.20001220703125,
2001-10-19,1347.5899658203125,,280.1000061035156,
2001-10-22,1383.0699462890625,,275.5,
2001-10-23,1384.06005859375,,276.1000061035156,
2001-10-24,1424.68994140625,,275.8999938964844,
2001-10-25,1479.050048828125,,277.79998779296875,
2001-10-26,1454.9000244140625,,277.8999938964844,
2001-10-29,1374.5799560546875,,279.1000061035156,
2001-10-30,1342.260009765625,,280.6000061035156,
2001-10-31,1364.780029296875,,279.5,
2001-11-01,1424.1500244140625,,279.70001220703125,
2001-11-02,1425.780029296875,,279.79998779296875,
2001-11-05,1480.2099609375,,278.5,
2001-11-06,1523.0899658203125,,279.70001220703125,
2001-11-07,1524.6700439453125,,281.0,
2001-11-08,1510.5999755859375,,276.79998779296875,
2001-11-09,1514.9599609375,,277.3999938964844,
2001-11-12,1528.75,,278.29998779296875,
2001-11-13,1580.760009765625,,277.79998779296875,
2001-11-14,1585.8900146484375,,277.79998779296875,
2001-11-15,1582.5799560546875,,275.1000061035156,
2001-11-16,1582.1400146484375,,274.70001220703125,
2001-11-19,1617.5799560546875,,272.70001220703125,
2001-11-20,1549.699951171875,,273.0,
2001-11-21,1552.010009765625,,272.8999938964844,
2001-11-23,1577.469970703125,,,
2001-11-26,1619.6500244140625,,272.29998779296875,
2001-11-27,1609.8699951171875,,273.20001220703125,
2001-11-28,1557.030029296875,,274.1000061035156,
2001-11-29,1599.300048828125,,273.5,
2001-11-30,1596.050048828125,,273.8999938964844,
2001-12-03,1567.5400390625,,276.8999938964844,
2001-12-04,1634.27001953125,,275.3999938964844,
2001-12-05,1720.9100341796875,,273.70001220703125,
2001-12-06,1717.969970703125,,274.20001220703125,
2001-12-07,1673.9000244140625,,273.8999938964844,
2001-12-10,1645.3599853515625,,272.20001220703125,
2001-12-11,1661.27001953125,,272.20001220703125,
2001-12-12,1669.949951171875,,273.79998779296875,
2001-12-13,1601.9100341796875,,273.8999938964844,
2001-12-14,1605.6700439453125,,278.0,
2001-12-17,1640.3399658203125,,277.70001220703125,
2001-12-18,1657.6800537109375,,280.3999938964844,
2001-12-19,1628.68994140625,,275.5,
2001-12-20,1557.3599853515625,,276.0,
2001-12-21,1578.27001953125,,278.0,
2001-12-24,1577.31005859375,,,
2001-12-26,1590.8399658203125,,279.70001220703125,
2001-12-27,1606.47998046875,,277.3999938964844,
2001-12-28,1621.1300048828125,,276.5,
2001-12-31,1577.050048828125,,278.70001220703125,
2002-01-02,1610.3900146484375,,278.8999938964844,
2002-01-03,1666.6600341796875,,278.20001220703125,
2002-01-04,1675.030029296875,,278.8999938964844,
2002-01-07,1649.8299560546875,,278.6000061035156,
2002-01-08,1666.5799560546875,,278.8999938964844,
2002-01-09,1653.760009765625,,283.3999938964844,
2002-01-10,1656.6800537109375,,287.1000061035156,
2002-01-11,1634.1700439453125,,287.3999938964844,
2002-01-14,1603.760009765625,,285.3999938964844,
2002-01-15,1612.4599609375,,284.3999938964844,
2002-01-16,1558.97998046875,,287.29998779296875,
2002-01-17,1602.3199462890625,,284.3999938964844,
2002-01-18,1548.219970703125,,283.1000061035156,
2002-01-22,1501.780029296875,,281.5,
2002-01-23,1549.2099609375,,278.6000061035156,
2002-01-24,1565.1300048828125,,278.1000061035156,
2002-01-25,1558.260009765625,,278.79998779296875,
2002-01-28,1564.8599853515625,,278.29998779296875,
2002-01-29,1519.3299560546875,,281.3999938964844,
2002-01-30,1538.93994140625,,281.8999938964844,
2002-01-31,1550.1700439453125,,282.1000061035156,
2002-02-01,1528.1500244140625,,286.0,
2002-02-04,1479.1700439453125,,289.29998779296875,
2002-02-05,1462.8599853515625,,298.20001220703125,
2002-02-06,1445.9599609375,,297.5,
2002-02-07,1413.8599853515625,,299.70001220703125,
2002-02-08,1452.1700439453125,,303.5,
2002-02-11,1477.6400146484375,,300.1000061035156,
2002-02-12,1464.760009765625,,300.70001220703125,
2002-02-13,1486.75,,299.3999938964844,
2002-02-14,1474.7099609375,,299.70001220703125,
2002-02-15,1436.699951171875,,298.3999938964844,
2002-02-19,1387.27001953125,,293.20001220703125,
2002-02-20,1408.260009765625,,292.29998779296875,
2002-02-21,1348.25,,293.20001220703125,
2002-02-22,1356.1600341796875,,293.20001220703125,
2002-02-25,1407.989990234375,,292.70001220703125,
2002-02-26,1401.18994140625,,298.0,
2002-02-27,1378.47998046875,,296.29998779296875,
2002-02-28,1359.219970703125,,296.70001220703125,
2002-03-01,1435.4100341796875,,298.0,
2002-03-04,1494.699951171875,,296.70001220703125,
2002-03-05,1498.949951171875,,294.0,
2002-03-06,1519.949951171875,,293.5,
2002-03-07,1506.81005859375,,290.1000061035156,
2002-03-08,1555.1099853515625,,290.1000061035156,
2002-03-11,1553.800048828125,,291.1000061035156,
2002-03-12,1520.5400390625,,293.6000061035156,
2002-03-13,1486.27001953125,,293.6000061035156,
2002-03-14,1477.18994140625,,291.0,
2002-03-15,1495.4100341796875,,289.8999938964844,
2002-03-18,1505.8900146484375,,292.1000061035156,
2002-03-19,1504.6700439453125,,292.79998779296875,
2002-03-20,1451.02001953125,,292.1000061035156,
2002-03-21,1488.969970703125,,292.79998779296875,
2002-03-22,1470.0999755859375,,297.29998779296875,
2002-03-25,1427.5999755859375,,297.3999938964844,
2002-03-26,1439.550048828125,,296.6000061035156,
2002-03-27,1436.510009765625,,302.20001220703125,
2002-03-28,1452.81005859375,,302.6000061035156,
2002-04-01,1478.52001953125,,303.20001220703125,
2002-04-02,1410.4100341796875,,305.8999938964844,
2002-04-03,1394.2099609375,,302.6000061035156,
2002-04-04,1396.969970703125,,301.1000061035156,
2002-04-05,1376.719970703125,,300.1000061035156,
2002-04-08,1392.9599609375,,300.5,
2002-04-09,1345.3199462890625,,298.79998779296875,
2002-04-10,1363.2900390625,,301.70001220703125,
2002-04-11,1324.6500244140625,,302.20001220703125,
2002-04-12,1351.8499755859375,,302.1000061035156,
2002-04-15,1355.0899658203125,,300.0,
2002-04-16,1413.9300537109375,,298.79998779296875,
2002-04-17,1403.7099609375,,302.1000061035156,
2002-04-18,1395.9000244140625,,304.5,
2002-04-19,1385.010009765625,,302.29998779296875,
2002-04-22,1349.8299560546875,,303.0,
2002-04-23,1322.81005859375,,304.0,
2002-04-24,1302.3199462890625,,304.29998779296875,
2002-04-25,1302.3199462890625,,308.1000061035156,
2002-04-26,1250.8900146484375,,311.6000061035156,
2002-04-29,1246.75,,311.20001220703125,
2002-04-30,1277.0699462890625,,308.8999938964844,
2002-05-01,1267.43994140625,,309.1000061035156,
2002-05-02,1225.3699951171875,,308.29998779296875,
2002-05-03,1190.739990234375,,312.20001220703125,
2002-05-06,1161.1600341796875,,311.20001220703125,
2002-05-07,1159.25,,311.6000061035156,
2002-05-08,1282.4100341796875,,308.20001220703125,
2002-05-09,1240.4100341796875,,309.5,
2002-05-10,1188.780029296875,,311.0,
2002-05-13,1241.5400390625,,310.6000061035156,
2002-05-14,1305.550048828125,,307.29998779296875,
2002-05-15,1311.050048828125,,308.70001220703125,
2002-05-16,1315.8499755859375,,309.79998779296875,
2002-05-17,1325.800048828125,,310.6000061035156,
2002-05-20,1292.2099609375,,315.70001220703125,
2002-05-21,1255.9100341796875,,315.79998779296875,
2002-05-22,1264.510009765625,,318.0,
2002-05-23,1286.77001953125,,322.5,
2002-05-24,1253.030029296875,,320.3999938964844,
2002-05-28,1244.8199462890625,,323.8999938964844,
2002-05-29,1218.6800537109375,,325.3999938964844,
2002-05-30,1227.9000244140625,,325.5,
2002-05-31,1208.3399658203125,,326.5,
2002-06-03,1159.1500244140625,,326.70001220703125,
2002-06-04,1178.800048828125,,327.79998779296875,
2002-06-05,1195.5999755859375,,321.20001220703125,
2002-06-06,1157.6199951171875,,324.8999938964844,
2002-06-07,1140.239990234375,,324.6000061035156,
2002-06-10,1135.6199951171875,,318.70001220703125,
2002-06-11,1100.969970703125,,319.70001220703125,
2002-06-12,1123.3399658203125,,320.29998779296875,
2002-06-13,1106.5400390625,,317.70001220703125,
2002-06-14,1109.5999755859375,,319.1000061035156,
2002-06-17,1149.9100341796875,,317.3999938964844,
2002-06-18,1138.469970703125,,319.20001220703125,
2002-06-19,1097.5400390625,,319.79998779296875,
2002-06-20,1062.449951171875,,323.20001220703125,
2002-06-21,1035.6300048828125,,324.6000061035156,
2002-06-24,1057.6800537109375,,324.29998779296875,
2002-06-25,1022.739990234375,,320.20001220703125,
2002-06-26,1027.219970703125,,320.5,
2002-06-27,1050.6400146484375,,319.20001220703125,
2002-06-28,1051.4100341796875,,313.5,
2002-07-01,998.1699829101562,,314.0,
2002-07-02,963.6599731445312,,312.79998779296875,
2002-07-03,995.6799926757812,,310.8999938964844,
2002-07-05,1060.8900146484375,,,
2002-07-08,1014.3300170898438,,312.1000061035156,
2002-07-09,990.22998046875,,316.1000061035156,
2002-07-10,959.0499877929688,,314.70001220703125,
2002-07-11,998.030029296875,,317.20001220703125,
2002-07-12,1000.8200073242188,,315.6000061035156,
2002-07-15,1021.02001953125,,319.6000061035156,
2002-07-16,1011.2999877929688,,317.20001220703125,
2002-07-17,1028.739990234375,,317.3999938964844,
2002-07-18,994.6099853515625,,317.0,
2002-07-19,965.3699951171875,,323.8999938964844,
2002-07-22,939.0999755859375,,323.6000061035156,
2002-07-23,896.8200073242188,,312.70001220703125,
2002-07-24,951.5800170898438,,311.5,
2002-07-25,894.4500122070312,,309.79998779296875,
2002-07-26,910.9099731445312,,303.3999938964844,
2002-07-29,970.1300048828125,,302.5,
2002-07-30,980.3599853515625,,303.70001220703125,
2002-07-31,962.0999755859375,,303.20001220703125,
2002-08-01,913.5900268554688,,304.0,
2002-08-02,892.510009765625,,307.0,
2002-08-05,857.0800170898438,,307.79998779296875,
2002-08-06,901.9099731445312,,305.5,
2002-08-07,919.0800170898438,,314.29998779296875,
2002-08-08,947.239990234375,,310.3999938964844,
2002-08-09,937.3300170898438,,314.20001220703125,
2002-08-12,938.97998046875,,314.1000061035156,
2002-08-13,907.6199951171875,,314.20001220703125,
2002-08-14,968.8400268554688,,311.79998779296875,
2002-08-15,980.97998046875,,314.29998779296875,
2002-08-16,996.0599975585938,,313.70001220703125,
2002-08-19,1026.06005859375,,306.0,
2002-08-20,1008.02001953125,,308.70001220703125,
2002-08-21,1035.469970703125,,307.6000061035156,
2002-08-22,1049.030029296875,,306.6000061035156,
2002-08-23,1010.489990234375,,306.70001220703125,
2002-08-26,1016.7899780273438,,309.3999938964844,
2002-08-27,974.469970703125,,312.29998779296875,
2002-08-28,944.8300170898438,,309.3999938964844,
2002-08-29,961.75,,312.8999938964844,
2002-08-30,942.3800048828125,,312.3999938964844,
2002-09-03,899.6400146484375,,313.3999938964844,
2002-09-04,920.97998046875,,314.8999938964844,
2002-09-05,882.9199829101562,,318.20001220703125,
2002-09-06,922.219970703125,,319.8999938964844,
2002-09-09,932.22998046875,,321.29998779296875,
2002-09-10,947.719970703125,,317.8999938964844,
2002-09-11,946.4000244140625,,316.6000061035156,
2002-09-12,915.010009765625,,318.8999938964844,
2002-09-13,923.8300170898438,,316.6000061035156,
2002-09-16,908.47998046875,,317.1000061035156,
2002-09-17,897.530029296875,,317.0,
2002-09-18,895.2000122070312,,320.6000061035156,
2002-09-19,865.9299926757812,,322.6000061035156,
2002-09-20,871.5999755859375,,321.8999938964844,
2002-09-23,843.0800170898438,,323.0,
2002-09-24,843.6099853515625,,325.8999938964844,
2002-09-25,880.4400024414062,,322.20001220703125,
2002-09-26,873.739990234375,,320.29998779296875,
2002-09-27,860.3499755859375,,319.70001220703125,
2002-09-30,832.52001953125,,323.8999938964844,
2002-10-01,870.6300048828125,,320.8999938964844,
2002-10-02,849.5499877929688,,321.5,
2002-10-03,833.2100219726562,,321.1000061035156,
2002-10-04,815.4000244140625,,322.1000061035156,
2002-10-07,804.6400146484375,,321.8999938964844,
2002-10-08,811.5,,318.20001220703125,
2002-10-09,807.4199829101562,,319.6000061035156,
2002-10-10,849.5700073242188,,316.5,
2002-10-11,890.6099853515625,,316.29998779296875,
2002-10-14,900.75,,317.79998779296875,
2002-10-15,950.4199829101562,,312.6000061035156,
2002-10-16,910.1300048828125,,314.0,
2002-10-17,945.0599975585938,,311.6000061035156,
2002-10-18,956.1300048828125,,312.70001220703125,
2002-10-21,979.3499755859375,,310.8999938964844,
2002-10-22,963.8699951171875,,313.0,
2002-10-23,989.3200073242188,,312.0,
2002-10-24,964.9099731445312,,310.70001220703125,
2002-10-25,995.5499877929688,,313.3999938964844,
2002-10-28,979.5499877929688,,315.20001220703125,
2002-10-29,960.8200073242188,,317.70001220703125,
2002-10-30,986.0900268554688,,316.5,
2002-10-31,989.5399780273438,,318.0,
2002-11-01,1019.0599975585938,,318.79998779296875,
2002-11-04,1046.989990234375,,318.29998779296875,
2002-11-05,1050.3900146484375,,318.20001220703125,
2002-11-06,1065.8599853515625,,317.5,
2002-11-07,1025.7900390625,,320.5,
2002-11-08,1008.3499755859375,,321.29998779296875,
2002-11-11,972.47998046875,,321.20001220703125,
2002-11-12,1001.9400024414062,,324.5,
2002-11-13,1011.9400024414062,,318.70001220703125,
2002-11-14,1057.8299560546875,,317.8999938964844,
2002-11-15,1061.280029296875,,320.70001220703125,
2002-11-18,1045.18994140625,,319.20001220703125,
2002-11-19,1025.9599609375,,318.6000061035156,
2002-11-20,1070.530029296875,,317.3999938964844,
2002-11-21,1118.1400146484375,,317.3999938964844,
2002-11-22,1116.010009765625,,320.70001220703125,
2002-11-25,1127.06005859375,,317.79998779296875,
2002-11-26,1087.489990234375,,317.70001220703125,
2002-11-27,1125.6700439453125,,316.79998779296875,
2002-11-29,1116.0999755859375,,,
2002-12-02,1120.489990234375,,317.6000061035156,
2002-12-03,1088.800048828125,,320.20001220703125,
2002-12-04,1069.43994140625,,322.20001220703125,
2002-12-05,1053.06005859375,,324.79998779296875,
2002-12-06,1065.969970703125,,326.29998779296875,
2002-12-09,1014.8400268554688,,325.79998779296875,
2002-12-10,1033.0699462890625,,323.5,
2002-12-11,1036.3399658203125,,324.79998779296875,
2002-12-12,1039.949951171875,,331.3999938964844,
2002-12-13,1005.8499755859375,,333.20001220703125,
2002-12-16,1042.43994140625,,337.0,
2002-12-17,1040.010009765625,,337.3999938964844,
2002-12-18,1013.6699829101562,,342.1000061035156,
2002-12-19,1006.0499877929688,,345.8999938964844,
2002-12-20,1013.9000244140625,,340.5,
2002-12-23,1032.300048828125,,345.1000061035156,
2002-12-24,1023.2899780273438,,346.79998779296875,
2002-12-26,1016.4600219726562,,348.8999938964844,
2002-12-27,997.8499755859375,,349.20001220703125,
2002-12-30,989.8900146484375,,343.3999938964844,
2002-12-31,984.3699951171875,,347.6000061035156,
2003-01-02,1027.8599853515625,,346.1000061035156,
2003-01-03,1031.6300048828125,,351.20001220703125,
2003-01-06,1061.47998046875,,351.70001220703125,
2003-01-07,1071.8499755859375,,347.29998779296875,
2003-01-08,1042.52001953125,,353.8999938964844,
2003-01-09,1076.050048828125,,353.29998779296875,
2003-01-10,1087.3599853515625,,354.5,
2003-01-13,1083.0,,354.70001220703125,
2003-01-14,1094.8699951171875,,352.0,
2003-01-15,1073.5999755859375,,350.70001220703125,
2003-01-16,1061.4599609375,,357.70001220703125,
2003-01-17,1017.5800170898438,,356.6000061035156,
2003-01-21,1008.9299926757812,,357.29998779296875,
2003-01-22,1006.510009765625,,359.70001220703125,
2003-01-23,1032.6700439453125,,364.5,
2003-01-24,996.1799926757812,,368.20001220703125,
2003-01-27,986.4099731445312,,369.3999938964844,
2003-01-28,1001.4099731445312,,370.0,
2003-01-29,1016.5599975585938,,366.29998779296875,
2003-01-30,985.52001953125,,368.6000061035156,
2003-01-31,983.0499877929688,,368.29998779296875,
2003-02-03,987.0700073242188,,370.79998779296875,
2003-02-04,971.72998046875,,379.0,
2003-02-05,968.969970703125,,376.3999938964844,
2003-02-06,970.5499877929688,,370.1000061035156,
2003-02-07,957.0499877929688,,369.8999938964844,
2003-02-10,969.9600219726562,,363.70001220703125,
2003-02-11,971.6099853515625,,362.5,
2003-02-12,956.77001953125,,352.6000061035156,
2003-02-13,951.9000244140625,,357.3999938964844,
2003-02-14,982.0900268554688,,351.8999938964844,
2003-02-18,1014.9099731445312,,344.20001220703125,
2003-02-19,1005.8800048828125,,349.8999938964844,
2003-02-20,1001.469970703125,,353.1000061035156,
2003-02-21,1015.9199829101562,,351.79998779296875,
2003-02-24,994.6900024414062,,356.29998779296875,
2003-02-25,999.280029296875,,352.29998779296875,
2003-02-26,974.489990234375,,354.0,
2003-02-27,994.7999877929688,,346.1000061035156,
2003-02-28,1009.739990234375,,350.20001220703125,
2003-03-03,991.0700073242188,,349.20001220703125,
2003-03-04,982.97998046875,,353.20001220703125,
2003-03-05,990.22998046875,,353.1000061035156,
2003-03-06,983.9600219726562,,356.79998779296875,
2003-03-07,986.8200073242188,,350.79998779296875,
2003-03-10,964.2899780273438,,354.70001220703125,
2003-03-11,958.8200073242188,,350.5,
2003-03-12,970.5399780273438,,346.5,
2003-03-13,1029.7900390625,,335.8999938964844,
2003-03-14,1030.449951171875,,336.5,
2003-03-17,1077.010009765625,,337.1000061035156,
2003-03-18,1082.18994140625,,337.6000061035156,
2003-03-19,1074.969970703125,,336.1000061035156,
2003-03-20,1080.239990234375,,332.8999938964844,
2003-03-21,1093.1199951171875,,326.0,
2003-03-24,1047.0999755859375,,329.5,
2003-03-25,1066.5699462890625,,328.3999938964844,
2003-03-26,1066.300048828125,,330.29998779296875,
2003-03-27,1061.9300537109375,,328.70001220703125,
2003-03-28,1046.719970703125,,328.70001220703125,
2003-03-31,1018.6599731445312,,335.8999938964844,
2003-04-01,1022.6300048828125,,334.29998779296875,
2003-04-02,1063.4599609375,,329.6000061035156,
2003-04-03,1064.06005859375,,324.8999938964844,
2003-04-04,1050.699951171875,,325.29998779296875,
2003-04-07,1053.280029296875,,321.5,
2003-04-08,1046.300048828125,,322.20001220703125,
2003-04-09,1023.52001953125,,325.6000061035156,
2003-04-10,1033.1400146484375,,326.70001220703125,
2003-04-11,1026.1500244140625,,327.8999938964844,
2003-04-14,1048.31005859375,,324.20001220703125,
2003-04-15,1053.0799560546875,,324.8999938964844,
2003-04-16,1054.8900146484375,,325.79998779296875,
2003-04-17,1083.56005859375,,327.20001220703125,
2003-04-21,1081.0400390625,,333.5,
2003-04-22,1102.43994140625,,334.3999938964844,
2003-04-23,1112.9300537109375,,331.5,
2003-04-24,1108.1199951171875,,334.79998779296875,
2003-04-25,1083.18994140625,,333.3999938964844,
2003-04-28,1107.1300048828125,,334.5,
2003-04-29,1116.7900390625,,333.70001220703125,
2003-04-30,1106.06005859375,,339.1000061035156,
2003-05-01,1113.2099609375,,342.1000061035156,
2003-05-02,1136.3499755859375,,341.0,
2003-05-05,1136.260009765625,,342.29998779296875,
2003-05-06,1152.780029296875,,342.5,
2003-05-07,1135.8499755859375,,341.8999938964844,
2003-05-08,1118.760009765625,,348.3999938964844,
2003-05-09,1143.550048828125,,348.6000061035156,
2003-05-12,1160.4200439453125,,351.6000061035156,
2003-05-13,1155.969970703125,,350.0,
2003-05-14,1148.1400146484375,,352.29998779296875,
2003-05-15,1162.9300537109375,,352.6000061035156,
2003-05-16,1154.47998046875,,354.70001220703125,
2003-05-19,1112.489990234375,,364.20001220703125,
2003-05-20,1112.8499755859375,,366.29998779296875,
2003-05-21,1113.6800537109375,,372.0,
2003-05-22,1131.449951171875,,368.1000061035156,
2003-05-23,1130.050048828125,,368.79998779296875,
2003-05-27,1172.5799560546875,,367.79998779296875,
2003-05-28,1173.31005859375,,365.20001220703125,
2003-05-29,1181.8199462890625,,369.6000061035156,
2003-05-30,1197.8900146484375,,364.5,
2003-06-02,1185.1300048828125,,366.0,
2003-06-03,1198.5699462890625,,365.20001220703125,
2003-06-04,1224.760009765625,,362.6000061035156,
2003-06-05,1231.719970703125,,368.6000061035156,
2003-06-06,1213.1099853515625,,363.70001220703125,
2003-06-09,1195.550048828125,,361.79998779296875,
2003-06-10,1212.989990234375,,352.20001220703125,
2003-06-11,1228.239990234375,,355.5,
2003-06-12,1229.3199462890625,,353.29998779296875,
2003-06-13,1203.9100341796875,,356.6000061035156,
2003-06-16,1241.5799560546875,,359.0,
2003-06-17,1239.6300048828125,,363.20001220703125,
2003-06-18,1247.9000244140625,,357.20001220703125,
2003-06-19,1225.8900146484375,,361.29998779296875,
2003-06-20,1223.4000244140625,,356.29998779296875,
2003-06-23,1200.1700439453125,,353.0,
2003-06-24,1191.699951171875,,346.29998779296875,
2003-06-25,1188.3299560546875,,349.29998779296875,
2003-06-26,1214.5799560546875,,343.8999938964844,
2003-06-27,1205.239990234375,,345.20001220703125,
2003-06-30,1201.68994140625,,346.0,
2003-07-01,1217.3699951171875,,351.3999938964844,
2003-07-02,1245.75,,351.29998779296875,
2003-07-03,1231.3399658203125,,351.0,
2003-07-07,1281.8900146484375,,348.1000061035156,
2003-07-08,1298.3699951171875,,344.1000061035156,
2003-07-09,1295.1600341796875,,343.6000061035156,
2003-07-10,1268.6500244140625,,344.29998779296875,
2003-07-11,1280.5699462890625,,344.79998779296875,
2003-07-14,1295.739990234375,,347.70001220703125,
2003-07-15,1294.469970703125,,342.1000061035156,
2003-07-16,1291.989990234375,,343.1000061035156,
2003-07-17,1255.93994140625,,344.20001220703125,
2003-07-18,1259.9100341796875,,347.20001220703125,
2003-07-21,1240.780029296875,,350.8999938964844,
2003-07-22,1257.6300048828125,,350.6000061035156,
2003-07-23,1268.52001953125,,358.6000061035156,
2003-07-24,1253.760009765625,,362.20001220703125,
2003-07-25,1278.31005859375,,362.70001220703125,
2003-07-28,1280.530029296875,,364.79998779296875,
2003-07-29,1275.1700439453125,,361.70001220703125,
2003-07-30,1263.780029296875,,356.20001220703125,
2003-07-31,1276.93994140625,,354.0,
2003-08-01,1264.3399658203125,,346.1000061035156,
2003-08-04,1267.3800048828125,,349.20001220703125,
2003-08-05,1229.719970703125,,349.6000061035156,
2003-08-06,1215.1300048828125,,350.79998779296875,
2003-08-07,1217.1700439453125,,352.5,
2003-08-08,1207.280029296875,,356.29998779296875,
2003-08-11,1223.1400146484375,,361.70001220703125,
2003-08-12,1240.699951171875,,358.5,
2003-08-13,1240.3699951171875,,362.1000061035156,
2003-08-14,1251.9000244140625,,366.0,
2003-08-15,1253.6300048828125,,363.20001220703125,
2003-08-18,1284.81005859375,,358.3999938964844,
2003-08-19,1299.68994140625,,361.6000061035156,
2003-08-20,1299.72998046875,,365.6000061035156,
2003-08-21,1314.6500244140625,,360.6000061035156,
2003-08-22,1304.5400390625,,363.1000061035156,
2003-08-25,1306.6400146484375,,361.29998779296875,
2003-08-26,1309.050048828125,,365.79998779296875,
2003-08-27,1318.9300537109375,,373.5,
2003-08-28,1332.3299560546875,,370.5,
2003-08-29,1341.199951171875,,375.70001220703125,
2003-09-02,1361.0899658203125,,373.20001220703125,
2003-09-03,1360.18994140625,,373.8999938964844,
2003-09-04,1373.260009765625,,372.8999938964844,
2003-09-05,1361.9000244140625,,377.6000061035156,
2003-09-08,1386.72998046875,,375.1000061035156,
2003-09-09,1370.56005859375,,381.70001220703125,
2003-09-10,1332.280029296875,,380.0,
2003-09-11,1350.800048828125,,379.70001220703125,
2003-09-12,1357.6300048828125,,375.79998779296875,
2003-09-15,1347.77001953125,,374.5,
2003-09-16,1382.8199462890625,,373.5,
2003-09-17,1376.800048828125,,376.20001220703125,
2003-09-18,1400.1300048828125,,376.6000061035156,
2003-09-19,1392.260009765625,,381.79998779296875,
2003-09-22,1366.3199462890625,,387.20001220703125,
2003-09-23,1388.1500244140625,,385.8999938964844,
2003-09-24,1339.6400146484375,,387.5,
2003-09-25,1325.75,,385.0,
2003-09-26,1309.31005859375,,380.79998779296875,
2003-09-29,1335.510009765625,,382.3999938964844,
2003-09-30,1303.699951171875,,385.3999938964844,
2003-10-01,1335.3399658203125,,384.29998779296875,
2003-10-02,1337.0999755859375,,383.1000061035156,
2003-10-03,1375.3199462890625,,369.3999938964844,
2003-10-06,1381.699951171875,,372.70001220703125,
2003-10-07,1392.56005859375,,377.20001220703125,
2003-10-08,1382.4000244140625,,375.3999938964844,
2003-10-09,1396.949951171875,,369.20001220703125,
2003-10-10,1404.8699951171875,,373.6000061035156,
2003-10-13,1414.719970703125,,375.20001220703125,
2003-10-14,1420.6600341796875,,375.70001220703125,
2003-10-15,1417.5899658203125,,372.6000061035156,
2003-10-16,1426.7099609375,,372.70001220703125,
2003-10-17,1394.02001953125,,371.79998779296875,
2003-10-20,1409.31005859375,,374.0,
2003-10-21,1422.1300048828125,,381.70001220703125,
2003-10-22,1387.4000244140625,,386.5,
2003-10-23,1378.1099853515625,,384.70001220703125,
2003-10-24,1370.6099853515625,,388.8999938964844,
2003-10-27,1377.4100341796875,,387.8999938964844,
2003-10-28,1420.02001953125,,383.20001220703125,
2003-10-29,1419.9200439453125,,386.79998779296875,
2003-10-30,1417.3800048828125,,384.29998779296875,
2003-10-31,1416.3900146484375,,384.5,
2003-11-03,1443.1300048828125,,377.0,
2003-11-04,1429.3800048828125,,379.8999938964844,
2003-11-05,1429.56005859375,,382.6000061035156,
2003-11-06,1440.0799560546875,,380.6000061035156,
2003-11-07,1436.72998046875,,383.29998779296875,
2003-11-10,1414.6199951171875,,386.6000061035156,
2003-11-11,1409.6400146484375,,388.1000061035156,
2003-11-12,1443.52001953125,,394.8999938964844,
2003-11-13,1439.8699951171875,,394.1000061035156,
2003-11-14,1407.510009765625,,397.79998779296875,
2003-11-17,1393.75,,391.5,
2003-11-18,1364.699951171875,,397.6000061035156,
2003-11-19,1378.9000244140625,,394.8999938964844,
2003-11-20,1363.489990234375,,393.70001220703125,
2003-11-21,1373.3199462890625,,396.0,
2003-11-24,1419.31005859375,,391.5,
2003-11-25,1411.3599853515625,,391.1000061035156,
2003-11-26,1420.1099853515625,,396.79998779296875,
2003-11-28,1424.25,,,
2003-12-01,1447.0799560546875,,402.70001220703125,45.709999084472656
2003-12-02,1431.8900146484375,,403.70001220703125,45.62900161743164
2003-12-03,1419.77001953125,,403.8999938964844,45.54999923706055
2003-12-04,1432.3800048828125,,403.29998779296875,45.54800033569336
2003-12-05,1406.9100341796875,,406.3999938964844,45.44900131225586
2003-12-08,1418.050048828125,,406.6000061035156,45.470001220703125
2003-12-09,1383.6600341796875,,408.20001220703125,45.430999755859375
2003-12-10,1388.9599609375,,406.20001220703125,45.37099838256836
2003-12-11,1416.9599609375,,404.6000061035156,45.44900131225586
2003-12-12,1417.27001953125,,409.3999938964844,45.422000885009766
2003-12-15,1396.8199462890625,,409.20001220703125,45.46799850463867
2003-12-16,1403.280029296875,,407.70001220703125,45.46799850463867
2003-12-17,1400.0,,412.0,45.388999938964844
2003-12-18,1431.31005859375,,410.3999938964844,45.426998138427734
2003-12-19,1426.1700439453125,,409.20001220703125,45.422000885009766
2003-12-22,1431.7099609375,,410.6000061035156,45.45199966430664
2003-12-23,1448.1700439453125,,411.0,45.388999938964844
2003-12-24,1443.18994140625,,412.29998779296875,45.44200134277344
2003-12-25,,,,45.44499969482422
2003-12-26,1443.8599853515625,,,45.441001892089844
2003-12-29,1470.3699951171875,,414.79998779296875,45.54899978637695
2003-12-30,1470.010009765625,,416.8999938964844,45.499000549316406
2003-12-31,1467.9200439453125,,415.70001220703125,45.529998779296875
2004-01-01,,,,45.527000427246094
2004-01-02,1463.5699462890625,,,45.60300064086914
2004-01-05,1496.5799560546875,,424.3999938964844,45.465999603271484
2004-01-06,1501.260009765625,,422.79998779296875,45.54899978637695
2004-01-07,1514.260009765625,,421.8999938964844,45.387001037597656
2004-01-08,1530.6500244140625,,424.0,45.46799850463867
2004-01-09,1520.4599609375,,426.3999938964844,45.35100173950195
2004-01-12,1539.77001953125,,426.29998779296875,45.34400177001953
2004-01-13,1524.780029296875,,423.70001220703125,45.3129997253418
2004-01-14,1534.0799560546875,,421.70001220703125,45.327999114990234
2004-01-15,1532.010009765625,,408.3999938964844,45.3489990234375
2004-01-16,1553.6199951171875,,406.70001220703125,45.32500076293945
2004-01-19,,,,45.33100128173828
2004-01-20,1552.8699951171875,,412.70001220703125,45.327999114990234
2004-01-21,1546.5999755859375,,411.1000061035156,45.30699920654297
2004-01-22,1530.4200439453125,,410.0,45.32099914550781
2004-01-23,1531.2099609375,,407.8999938964844,45.24399948120117
2004-01-26,1553.6600341796875,,406.6000061035156,45.22700119018555
2004-01-27,1519.22998046875,,410.0,45.270999908447266
2004-01-28,1491.5699462890625,,414.5,45.25299835205078
2004-01-29,1496.4000244140625,,398.5,45.270999908447266
2004-01-30,1493.0799560546875,,402.20001220703125,45.00400161743164
2004-02-02,1487.8399658203125,,398.70001220703125,45.17499923706055
2004-02-03,1491.8499755859375,,399.20001220703125,45.20800018310547
2004-02-04,1462.6099853515625,,401.0,45.20899963378906
2004-02-05,1465.030029296875,,398.1000061035156,45.20600128173828
2004-02-06,1498.949951171875,,403.6000061035156,45.167999267578125
2004-02-09,1490.9100341796875,,406.79998779296875,45.19200134277344
2004-02-10,1500.2900390625,,406.3999938964844,45.183998107910156
2004-02-11,1514.1800537109375,,410.20001220703125,45.1879997253418
2004-02-12,1501.3399658203125,,413.70001220703125,45.20000076293945
2004-02-13,1484.469970703125,,410.29998779296875,45.36199951171875
2004-02-16,,,,45.18199920654297
2004-02-17,1506.5699462890625,,416.0,45.20000076293945
2004-02-18,1507.489990234375,,412.29998779296875,45.16999816894531
2004-02-19,1484.800048828125,,409.79998779296875,45.194000244140625
2004-02-20,1482.0999755859375,,397.5,45.17100143432617
2004-02-23,1463.75,,399.0,45.172000885009766
2004-02-24,1462.050048828125,,404.5,45.21200180053711
2004-02-25,1470.219970703125,,395.79998779296875,45.18600082397461
2004-02-26,1477.1300048828125,,395.79998779296875,45.167999267578125
2004-02-27,1470.3800048828125,,396.3999938964844,45.19599914550781
2004-03-01,1489.489990234375,,399.29998779296875,45.17300033569336
2004-03-02,1473.219970703125,,393.5,45.17900085449219
2004-03-03,1466.0899658203125,,392.3999938964844,45.150001525878906
2004-03-04,1481.3599853515625,,392.8999938964844,45.229000091552734
2004-03-05,1472.989990234375,,401.29998779296875,45.189998626708984
2004-03-08,1441.1199951171875,,400.6000061035156,45.18000030517578
2004-03-09,1437.469970703125,,404.20001220703125,45.12900161743164
2004-03-10,1417.5,,400.0,45.10900115966797
2004-03-11,1402.199951171875,,400.70001220703125,45.183998107910156
2004-03-12,1431.4000244140625,,395.29998779296875,45.17100143432617
2004-03-15,1399.8699951171875,,399.3999938964844,45.16999816894531
2004-03-16,1407.0699462890625,,402.3999938964844,45.14899826049805
2004-03-17,1428.8900146484375,,406.8999938964844,45.17100143432617
2004-03-18,1417.77001953125,,411.1000061035156,45.150001525878906
2004-03-19,1398.5799560546875,,412.5,45.09000015258789
2004-03-22,1381.3900146484375,,417.3999938964844,45.071998596191406
2004-03-23,1370.0400390625,,419.79998779296875,44.810001373291016
2004-03-24,1381.8599853515625,,417.20001220703125,44.65599822998047
2004-03-25,1425.8599853515625,,416.70001220703125,44.659000396728516
2004-03-26,1415.3900146484375,,422.1000061035156,44.49800109863281
2004-03-28,,,,43.97999954223633
2004-03-29,1442.31005859375,,417.1000061035156,43.8129997253418
2004-03-30,1445.25,,421.70001220703125,43.33399963378906
2004-03-31,1438.4100341796875,,427.29998779296875,43.37300109863281
2004-04-01,1453.219970703125,,427.79998779296875,43.70000076293945
2004-04-02,1490.300048828125,,421.6000061035156,
2004-04-04,,,,43.56800079345703
2004-04-05,1508.3699951171875,,415.3999938964844,43.62799835205078
2004-04-06,1493.5799560546875,,418.8999938964844,43.38100051879883
2004-04-07,1481.9599609375,,422.79998779296875,43.525001525878906
2004-04-08,1485.510009765625,,419.8999938964844,43.52299880981445
2004-04-12,1495.9300537109375,,420.1000061035156,43.6349983215332
2004-04-13,1472.8800048828125,,407.0,43.667999267578125
2004-04-14,1475.6600341796875,,399.79998779296875,43.80799865722656
2004-04-15,1459.449951171875,,397.70001220703125,43.729000091552734
2004-04-16,1449.06005859375,,401.0,
2004-04-18,,,,43.790000915527344
2004-04-19,1473.47998046875,,400.6000061035156,43.86800003051758
2004-04-20,1436.9000244140625,,397.70001220703125,43.981998443603516
2004-04-21,1451.010009765625,,390.79998779296875,43.93899917602539
2004-04-22,1485.5,,393.29998779296875,44.10900115966797
2004-04-23,1497.010009765625,,395.1000061035156,
2004-04-25,,,,44.00899887084961
2004-04-26,1480.530029296875,,396.0,44.071998596191406
2004-04-27,1479.469970703125,,398.6000061035156,44.10599899291992
2004-04-28,1453.030029296875,,385.3999938964844,44.319000244140625
2004-04-29,1431.3599853515625,,386.6000061035156,44.284000396728516
2004-04-30,1401.3599853515625,,387.0,
2004-05-02,,,,44.29199981689453
2004-05-03,1415.2900390625,,387.0,44.76900100708008
2004-05-04,1422.1099853515625,,391.3999938964844,44.5620002746582
2004-05-05,1428.4200439453125,,393.3999938964844,44.59000015258789
2004-05-06,1415.5999755859375,,388.0,44.53099822998047
2004-05-07,1406.18994140625,,378.70001220703125,
2004-05-09,,,,44.97200012207031
2004-05-10,1397.0999755859375,,378.29998779296875,45.16999816894531
2004-05-11,1421.8900146484375,,376.8999938964844,45.3120002746582
2004-05-12,1414.8299560546875,,377.3999938964844,45.15999984741211
2004-05-13,1417.0899658203125,,374.79998779296875,45.380001068115234
2004-05-14,1399.8499755859375,,377.0,
2004-05-16,,,,45.430999755859375
2004-05-17,1379.9000244140625,,379.5,45.347999572753906
2004-05-18,1397.469970703125,,375.79998779296875,45.077999114990234
2004-05-19,1396.3399658203125,,382.8999938964844,45.11399841308594
2004-05-20,1396.8699951171875,,378.3999938964844,45.191001892089844
2004-05-21,1408.1700439453125,,384.79998779296875,
2004-05-23,,,,45.18299865722656
2004-05-24,1413.969970703125,,385.6000061035156,45.27199935913086
2004-05-25,1447.719970703125,,388.29998779296875,45.26599884033203
2004-05-26,1453.8699951171875,,388.29998779296875,45.29199981689453
2004-05-27,1463.1099853515625,,394.8999938964844,45.29100036621094
2004-05-28,1466.219970703125,,394.0,
2004-05-30,,,,45.290000915527344
2004-05-31,,,,45.37099838256836
2004-06-01,1468.5400390625,,394.6000061035156,45.3489990234375
2004-06-02,1464.219970703125,,390.70001220703125,45.10499954223633
2004-06-03,1445.2099609375,,388.1000061035156,45.05099868774414
2004-06-04,1455.0400390625,,390.8999938964844,
2004-06-06,,,,44.93299865722656
2004-06-07,1491.449951171875,,393.79998779296875,44.92599868774414
2004-06-08,1495.969970703125,,391.0,44.82699966430664
2004-06-09,1469.5,,384.5,44.98899841308594
2004-06-10,1481.27001953125,,385.8999938964844,45.06700134277344
2004-06-13,,,,45.250999450683594
2004-06-14,1458.6400146484375,,383.6000061035156,45.26499938964844
2004-06-15,1479.199951171875,,388.1000061035156,45.32600021362305
2004-06-16,1479.989990234375,,384.6000061035156,45.428001403808594
2004-06-17,1464.030029296875,,388.8999938964844,45.507999420166016
2004-06-18,1464.6500244140625,,395.1000061035156,
2004-06-20,,,,45.768001556396484
2004-06-21,1453.22998046875,,394.0,46.06700134277344
2004-06-22,1474.8699951171875,,395.0,45.542999267578125
2004-06-23,1493.52001953125,,395.0,45.75
2004-06-24,1488.31005859375,,403.1000061035156,45.683998107910156
2004-06-25,1498.3800048828125,,402.8999938964844,
2004-06-27,,,,45.742000579833984
2004-06-28,1493.0699462890625,,401.0,45.90800094604492
2004-06-29,1505.6500244140625,,392.5,45.88800048828125
2004-06-30,1516.6400146484375,,392.6000061035156,45.7859992980957
2004-07-01,1489.5699462890625,,396.0,45.590999603271484
2004-07-02,1481.18994140625,,398.29998779296875,
2004-07-04,,,,45.69300079345703
2004-07-05,,,,45.88999938964844
2004-07-06,1445.7099609375,,392.6000061035156,45.72800064086914
2004-07-07,1452.489990234375,,402.29998779296875,45.652000427246094
2004-07-08,1431.1300048828125,,407.79998779296875,45.608001708984375
2004-07-09,1440.0,,407.5,
2004-07-11,,,,45.58700180053711
2004-07-12,1432.1099853515625,,408.1000061035156,45.75299835205078
2004-07-13,1428.6800537109375,,402.0,45.86899948120117
2004-07-14,1416.050048828125,,405.3999938964844,46.029998779296875
2004-07-15,1415.9200439453125,,404.20001220703125,46.0880012512207
2004-07-16,1392.1700439453125,,406.6000061035156,
2004-07-18,,,,45.99100112915039
2004-07-19,1396.77001953125,,405.6000061035156,45.90999984741211
2004-07-20,1421.0699462890625,,401.8999938964844,46.00699996948242
2004-07-21,1386.5699462890625,,397.1000061035156,46.106998443603516
2004-07-22,1408.510009765625,,395.20001220703125,46.117000579833984
2004-07-23,1375.47998046875,,390.5,
2004-07-25,,,,46.191001892089844
2004-07-26,1368.4000244140625,,390.29998779296875,46.111000061035156
2004-07-27,1391.5,,387.0,46.266998291015625
2004-07-28,1383.75,,389.0,46.31100082397461
2004-07-29,1398.550048828125,,387.0,46.250999450683594
2004-07-30,1400.3900146484375,,391.0,
2004-08-01,,,,46.229000091552734
2004-08-02,1406.3299560546875,,391.70001220703125,46.21099853515625
2004-08-03,1379.1400146484375,,394.0,46.30500030517578
2004-08-04,1379.2099609375,,392.20001220703125,46.27000045776367
2004-08-05,1353.43994140625,,392.29998779296875,46.18899917602539
2004-08-06,1315.300048828125,,399.79998779296875,
2004-08-08,,,,46.29999923706055
2004-08-09,1318.8299560546875,,400.70001220703125,46.231998443603516
2004-08-10,1346.7099609375,,400.0,46.21099853515625
2004-08-11,1324.6500244140625,,395.5,46.189998626708984
2004-08-12,1304.4300537109375,,394.29998779296875,46.229000091552734
2004-08-13,1307.8199462890625,,398.8999938964844,
2004-08-15,,,,46.231998443603516
2004-08-16,1326.8399658203125,,402.8999938964844,46.2400016784668
2004-08-17,1335.719970703125,,404.3999938964844,46.25699996948242
2004-08-18,1363.72998046875,,404.29998779296875,46.27000045776367
2004-08-19,1353.239990234375,,407.1000061035156,46.20899963378906
2004-08-20,1366.72998046875,,413.20001220703125,
2004-08-22,,,,46.150001525878906
2004-08-23,1370.9000244140625,,410.5,46.20500183105469
2004-08-24,1369.780029296875,,403.0,46.244998931884766
2004-08-25,1389.1700439453125,,407.8999938964844,46.27299880981445
2004-08-26,1383.97998046875,,407.3999938964844,46.229000091552734
2004-08-27,1388.56005859375,,403.29998779296875,
2004-08-29,,,,46.229000091552734
2004-08-30,1367.93994140625,,407.79998779296875,46.27399826049805
2004-08-31,1368.6800537109375,,410.3999938964844,46.24599838256836
2004-09-01,1377.9599609375,,408.79998779296875,46.249000549316406
2004-09-02,1398.3399658203125,,406.0,46.22999954223633
2004-09-03,1371.8199462890625,,400.5,
2004-09-05,,,,46.24700164794922
2004-09-06,,,,46.2859992980957
2004-09-07,1381.8399658203125,,397.3999938964844,46.24399948120117
2004-09-08,1376.77001953125,,399.3999938964844,46.22600173950195
2004-09-09,1391.530029296875,,398.5,46.12699890136719
2004-09-10,1413.0,,401.8999938964844,
2004-09-12,,,,46.12900161743164
2004-09-13,1427.3399658203125,,404.1000061035156,45.76499938964844
2004-09-14,1434.3699951171875,,405.70001220703125,45.750999450683594
2004-09-15,1415.300048828125,,405.0,45.86899948120117
2004-09-16,1417.969970703125,,404.70001220703125,45.78799819946289
2004-09-17,1426.300048828125,,405.79998779296875,
2004-09-19,,,,45.849998474121094
2004-09-20,1424.719970703125,,405.29998779296875,45.770999908447266
2004-09-21,1435.9100341796875,,408.29998779296875,45.709999084472656
2004-09-22,1404.219970703125,,407.20001220703125,45.74800109863281
2004-09-23,1405.77001953125,,410.8999938964844,45.8489990234375
2004-09-24,1399.050048828125,,408.1000061035156,
2004-09-26,,,,45.801998138427734
2004-09-27,1385.550048828125,,409.1000061035156,45.941001892089844
2004-09-28,1389.699951171875,,412.5,45.84700012207031
2004-09-29,1410.8599853515625,,413.0,45.808998107910156
2004-09-30,1412.739990234375,,418.70001220703125,45.95800018310547
2004-10-01,1452.93994140625,,419.5,
2004-10-03,,,,45.75
2004-10-04,1459.010009765625,,414.0,45.76599884033203
2004-10-05,1461.760009765625,,418.20001220703125,45.74800109863281
2004-10-06,1474.3599853515625,,418.3999938964844,45.74800109863281
2004-10-07,1455.77001953125,,418.0,45.645999908447266
2004-10-08,1430.9599609375,,423.1000061035156,
2004-10-10,,,,45.64500045776367
2004-10-11,1437.72998046875,,422.0,45.77299880981445
2004-10-12,1435.0,,415.1000061035156,45.766998291015625
2004-10-13,1434.4599609375,,413.20001220703125,45.79800033569336
2004-10-14,1425.2099609375,,418.1000061035156,45.75199890136719
2004-10-15,1430.97998046875,,418.70001220703125,
2004-10-17,,,,45.75
2004-10-18,1457.31005859375,,416.20001220703125,45.678001403808594
2004-10-19,1443.800048828125,,420.29998779296875,45.6870002746582
2004-10-20,1452.260009765625,,423.5,45.6510009765625
2004-10-21,1474.7900390625,,424.3999938964844,45.61000061035156
2004-10-22,1438.25,,424.6000061035156,
2004-10-24,,,,45.487998962402344
2004-10-25,1432.5699462890625,,429.0,45.57099914550781
2004-10-26,1442.1400146484375,,426.79998779296875,45.56100082397461
2004-10-27,1480.030029296875,,424.79998779296875,
2004-10-28,1487.1199951171875,,425.1000061035156,45.310001373291016
2004-10-29,1486.719970703125,,428.5,
2004-11-01,1488.7900390625,,427.29998779296875,45.323001861572266
2004-11-02,1494.8299560546875,,420.0,45.39099884033203
2004-11-03,1503.8900146484375,,424.6000061035156,45.233001708984375
2004-11-04,1516.199951171875,,430.1000061035156,45.073001861572266
2004-11-05,1525.239990234375,,433.6000061035156,44.94900131225586
2004-11-08,1527.1300048828125,,432.70001220703125,45.10100173950195
2004-11-09,1527.0,,435.70001220703125,45.07699966430664
2004-11-10,1517.06005859375,,434.0,45.05799865722656
2004-11-11,1541.699951171875,,434.8999938964844,45.07400131225586
2004-11-12,1558.4100341796875,,437.8999938964844,45.029998779296875
2004-11-15,1560.9599609375,,437.0,44.97200012207031
2004-11-16,1548.530029296875,,440.20001220703125,44.9900016784668
2004-11-17,1571.1199951171875,,444.79998779296875,44.85599899291992
2004-11-18,1580.81005859375,,442.6000061035156,44.95000076293945
2004-11-19,1552.1099853515625,,446.79998779296875,44.939998626708984
2004-11-22,1568.280029296875,,448.79998779296875,44.92100143432617
2004-11-23,1562.5999755859375,,447.79998779296875,44.95600128173828
2004-11-24,1582.550048828125,,449.29998779296875,44.9630012512207
2004-11-25,,,,44.90399932861328
2004-11-26,1578.260009765625,,,44.891998291015625
2004-11-29,1580.43994140625,,453.70001220703125,44.71500015258789
2004-11-30,1571.5,,451.29998779296875,44.433998107910156
2004-12-01,1607.1500244140625,,454.0,44.22999954223633
2004-12-02,1613.1500244140625,,450.3999938964844,43.94900131225586
2004-12-03,1614.4000244140625,,456.0,43.99100112915039
2004-12-06,1619.5899658203125,,454.20001220703125,43.61000061035156
2004-12-07,1589.3299560546875,,452.0,43.590999603271484
2004-12-08,1601.9100341796875,,437.20001220703125,43.76499938964844
2004-12-09,1609.7900390625,,435.79998779296875,44.051998138427734
2004-12-10,1605.1600341796875,,433.8999938964844,44.569000244140625
2004-12-13,1621.1600341796875,,438.8999938964844,44.03200149536133
2004-12-14,1627.4599609375,,435.8999938964844,43.99100112915039
2004-12-15,1623.6300048828125,,440.79998779296875,43.930999755859375
2004-12-16,1607.6199951171875,,436.8999938964844,43.6870002746582
2004-12-17,1596.6099853515625,,441.6000061035156,43.900001525878906
2004-12-20,1591.969970703125,,442.3999938964844,43.770999908447266
2004-12-21,1609.260009765625,,441.79998779296875,43.650001525878906
2004-12-22,1613.5699462890625,,440.29998779296875,43.77000045776367
2004-12-23,1613.77001953125,,441.8999938964844,43.590999603271484
2004-12-24,,,,43.547000885009766
2004-12-27,1607.5899658203125,,445.20001220703125,43.612998962402344
2004-12-28,1624.18994140625,,444.29998779296875,43.630001068115234
2004-12-29,1624.949951171875,,436.0,43.529998779296875
2004-12-30,1623.760009765625,,437.5,43.65700149536133
2004-12-31,1621.1199951171875,,,43.30799865722656
2005-01-03,1603.510009765625,,428.70001220703125,43.41600036621094
2005-01-04,1571.8299560546875,,428.5,43.49100112915039
2005-01-05,1563.760009765625,,426.6000061035156,43.5890007019043
2005-01-06,1557.52001953125,,421.0,43.827999114990234
2005-01-07,1564.81005859375,,418.8999938964844,43.832000732421875
2005-01-10,1564.9200439453125,,419.1000061035156,43.792999267578125
2005-01-11,1553.4000244140625,,421.8999938964844,43.52899932861328
2005-01-12,1565.780029296875,,426.1000061035156,43.53099822998047
2005-01-13,1545.1800537109375,,424.5,43.573001861572266
2005-01-14,1561.1099853515625,,422.70001220703125,43.51100158691406
2005-01-17,,,,43.5
2005-01-18,1573.489990234375,,423.20001220703125,43.68000030517578
2005-01-19,1545.6500244140625,,423.0,43.52000045776367
2005-01-20,1514.56005859375,,422.3999938964844,43.68000030517578
2005-01-21,1503.6400146484375,,426.70001220703125,43.500999450683594
2005-01-24,1480.6600341796875,,426.8999938964844,43.58000183105469
2005-01-25,1490.5699462890625,,422.0,43.65999984741211
2005-01-26,1509.010009765625,,426.8999938964844,43.65999984741211
2005-01-27,1507.550048828125,,426.29998779296875,43.68000030517578
2005-01-28,1499.4599609375,,425.79998779296875,43.60300064086914
2005-01-31,1519.6300048828125,,421.79998779296875,43.65999984741211
2005-02-01,1523.6600341796875,,420.79998779296875,43.599998474121094
2005-02-02,1525.0999755859375,,421.1000061035156,43.2400016784668
2005-02-03,1508.239990234375,,416.6000061035156,43.29999923706055
2005-02-04,1534.489990234375,,414.0,43.28900146484375
2005-02-07,1529.050048828125,,413.6000061035156,43.36000061035156
2005-02-08,1532.68994140625,,412.6000061035156,43.619998931884766
2005-02-09,1506.81005859375,,412.8999938964844,43.63999938964844
2005-02-10,1506.8299560546875,,417.20001220703125,43.63999938964844
2005-02-11,1530.510009765625,,420.5,43.68000030517578
2005-02-14,1538.2099609375,,425.79998779296875,43.70000076293945
2005-02-15,1547.300048828125,,425.8999938964844,43.7400016784668
2005-02-16,1542.4100341796875,,425.5,43.63999938964844
2005-02-17,1519.2900390625,,427.29998779296875,43.619998931884766
2005-02-18,1515.4000244140625,,427.1000061035156,43.650001525878906
2005-02-21,,,,43.720001220703125
2005-02-22,1494.0699462890625,,434.5,43.58000183105469
2005-02-23,1497.0899658203125,,434.8999938964844,43.65999984741211
2005-02-24,1517.7099609375,,434.5,43.599998474121094
2005-02-25,1526.9000244140625,,434.8999938964844,43.5890007019043
2005-02-28,1511.02001953125,,436.5,43.560001373291016
2005-03-01,1527.25,,432.8999938964844,43.63999938964844
2005-03-02,1525.280029296875,,432.79998779296875,43.63999938964844
2005-03-03,1511.8900146484375,,429.8999938964844,43.58000183105469
2005-03-04,1520.5799560546875,,434.20001220703125,43.56700134277344
2005-03-07,1545.199951171875,,435.0,43.584999084472656
2005-03-08,1528.6500244140625,,440.29998779296875,43.560001373291016
2005-03-09,1521.97998046875,,442.1000061035156,43.58000183105469
2005-03-10,1524.3800048828125,,442.79998779296875,43.5
2005-03-11,1505.6400146484375,,446.20001220703125,43.409000396728516
2005-03-14,1515.0899658203125,,441.1000061035156,43.459999084472656
2005-03-15,1502.06005859375,,440.8999938964844,43.47999954223633
2005-03-16,1486.22998046875,,443.70001220703125,43.54999923706055
2005-03-17,1487.6300048828125,,438.70001220703125,43.54999923706055
2005-03-18,1484.4000244140625,,439.29998779296875,43.54999923706055
2005-03-21,1484.449951171875,,431.1000061035156,43.54999923706055
2005-03-22,1465.0899658203125,,431.29998779296875,43.650001525878906
2005-03-23,1471.77001953125,,425.20001220703125,43.65999984741211
2005-03-24,1469.93994140625,,424.70001220703125,43.63999938964844
2005-03-25,,,,43.619998931884766
2005-03-27,,,,43.650001525878906
2005-03-28,1472.7099609375,,425.8999938964844,43.650001525878906
2005-03-29,1464.3399658203125,,426.0,43.75
2005-03-30,1491.739990234375,,,43.61000061035156
2005-03-31,1482.530029296875,,428.70001220703125,43.4900016784668
2005-04-01,1469.3499755859375,,425.8999938964844,
2005-04-03,,,,43.650001525878906
2005-04-04,1476.719970703125,,423.8999938964844,43.650001525878906
2005-04-05,1483.75,,424.5,43.68000030517578
2005-04-06,1480.6700439453125,,427.1000061035156,43.619998931884766
2005-04-07,1499.7099609375,,426.5,43.6510009765625
2005-04-08,1485.5999755859375,,426.8999938964844,
2005-04-10,,,,43.641998291015625
2005-04-11,1478.550048828125,,428.6000061035156,43.619998931884766
2005-04-12,1489.1600341796875,,427.6000061035156,43.68000030517578
2005-04-13,1461.6800537109375,,429.29998779296875,43.599998474121094
2005-04-14,1441.1300048828125,,424.0,43.698001861572266
2005-04-15,1408.5899658203125,,424.8999938964844,
2005-04-17,,,,43.619998931884766
2005-04-18,1409.97998046875,,427.5,43.68000030517578
2005-04-19,1420.800048828125,,432.8999938964844,43.58000183105469
2005-04-20,1406.8499755859375,,435.29998779296875,43.68000030517578
2005-04-21,1447.3699951171875,,433.0,43.61000061035156
2005-04-22,1421.2099609375,,434.29998779296875,
2005-04-24,,,,43.630001068115234
2005-04-25,1437.31005859375,,434.6000061035156,43.619998931884766
2005-04-26,1420.4300537109375,,437.8999938964844,43.58000183105469
2005-04-27,1423.760009765625,,433.0,43.599998474121094
2005-04-28,1409.2900390625,,,43.380001068115234
2005-04-29,1420.7900390625,,435.0,
2005-05-01,,,,43.5
2005-05-02,1423.7099609375,,429.5,43.52000045776367
2005-05-03,1427.6099853515625,,426.70001220703125,43.459999084472656
2005-05-04,1452.199951171875,,429.0,43.349998474121094
2005-05-05,1450.1600341796875,,429.79998779296875,43.43000030517578
2005-05-06,1456.0,,426.1000061035156,
2005-05-08,,,,43.439998626708984
2005-05-09,1463.3800048828125,,426.20001220703125,43.36000061035156
2005-05-10,1450.3599853515625,,427.20001220703125,43.220001220703125
2005-05-11,1459.550048828125,,427.20001220703125,43.2400016784668
2005-05-12,1454.7900390625,,421.6000061035156,43.400001525878906
2005-05-13,1470.6300048828125,,420.20001220703125,
2005-05-15,,,,43.400001525878906
2005-05-16,1480.6800537109375,,418.8999938964844,43.41999816894531
2005-05-17,1490.1400146484375,,419.3999938964844,43.380001068115234
2005-05-18,1509.260009765625,,421.5,43.380001068115234
2005-05-19,1521.4300537109375,,420.5,43.32600021362305
2005-05-20,1528.06005859375,,417.3999938964844,
2005-05-22,,,,43.41999816894531
2005-05-23,1535.219970703125,,416.6000061035156,43.47999954223633
2005-05-24,1540.469970703125,,417.5,43.459999084472656
2005-05-25,1532.7099609375,,418.79998779296875,43.5
2005-05-26,1548.800048828125,,418.0,43.5
2005-05-27,1549.800048828125,,419.79998779296875,
2005-05-29,,,,43.5
2005-05-30,,,,43.619998931884766
2005-05-31,1542.6300048828125,,416.29998779296875,43.720001220703125
2005-06-01,1559.5,,415.29998779296875,43.70000076293945
2005-06-02,1568.9599609375,,422.70001220703125,43.560001373291016
2005-06-03,1544.47998046875,,423.70001220703125,
2005-06-05,,,,43.52000045776367
2005-06-06,1545.27001953125,,426.5,43.47999954223633
2005-06-07,1531.1199951171875,,424.79998779296875,43.41999816894531
2005-06-08,1527.6800537109375,,424.70001220703125,43.459999084472656
2005-06-09,1539.4599609375,,424.20001220703125,43.470001220703125
2005-06-10,1521.02001953125,,427.3999938964844,
2005-06-12,,,,43.540000915527344
2005-06-13,1529.1300048828125,,429.29998779296875,43.58000183105469
2005-06-14,1524.4200439453125,,427.5,43.5
2005-06-15,1529.489990234375,,429.1000061035156,43.47999954223633
2005-06-16,1537.4200439453125,,436.20001220703125,43.4900016784668
2005-06-17,1538.1300048828125,,438.29998779296875,
2005-06-19,,,,43.47999954223633
2005-06-20,1537.31005859375,,438.3999938964844,43.47999954223633
2005-06-21,1536.47998046875,,438.8999938964844,43.41999816894531
2005-06-22,1534.3599853515625,,438.1000061035156,43.47999954223633
2005-06-23,1515.949951171875,,441.70001220703125,43.4900016784668
2005-06-24,1500.1800537109375,,440.5,
2005-06-26,,,,43.41999816894531
2005-06-27,1493.75,,440.29998779296875,43.47999954223633
2005-06-28,1508.6099853515625,,436.3999938964844,43.47999954223633
2005-06-29,1504.1099853515625,,,43.459999084472656
2005-06-30,1493.52001953125,,435.8999938964844,43.5
2005-07-01,1490.530029296875,,427.79998779296875,
2005-07-03,,,,43.459999084472656
2005-07-04,,,,43.5
2005-07-05,1506.3499755859375,,422.8999938964844,43.5
2005-07-06,1498.050048828125,,423.5,43.560001373291016
2005-07-07,1503.780029296875,,423.29998779296875,43.540000915527344
2005-07-08,1533.27001953125,,422.8999938964844,
2005-07-10,,,,43.459999084472656
2005-07-11,1547.6600341796875,,425.5,43.459999084472656
2005-07-12,1555.5899658203125,,426.29998779296875,43.4119987487793
2005-07-13,1557.6199951171875,,423.8999938964844,43.41999816894531
2005-07-14,1573.43994140625,,419.6000061035156,43.470001220703125
2005-07-15,1577.8199462890625,,420.70001220703125,
2005-07-17,,,,43.45399856567383
2005-07-18,1570.0899658203125,,420.5,43.52000045776367
2005-07-19,1590.489990234375,,419.70001220703125,43.45000076293945
2005-07-20,1602.75,,421.70001220703125,43.0
2005-07-21,1601.8900146484375,,425.3999938964844,43.45000076293945
2005-07-22,1600.760009765625,,424.70001220703125,
2005-07-24,,,,43.459999084472656
2005-07-25,1593.5699462890625,,425.70001220703125,43.40999984741211
2005-07-26,1598.9300537109375,,423.3999938964844,43.34000015258789
2005-07-27,1611.949951171875,,424.70001220703125,43.31999969482422
2005-07-28,1618.6400146484375,,427.29998779296875,43.349998474121094
2005-07-29,1605.1400146484375,,429.8999938964844,
2005-07-31,,,,43.380001068115234
2005-08-01,1610.1099853515625,,431.8999938964844,43.400001525878906
2005-08-02,1627.010009765625,,431.8999938964844,43.369998931884766
2005-08-03,1627.18994140625,,436.8999938964844,43.39099884033203
2005-08-04,1608.739990234375,,437.8999938964844,43.41999816894531
2005-08-05,1601.5899658203125,,437.20001220703125,
2005-08-07,,,,43.45000076293945
2005-08-08,1589.969970703125,,434.70001220703125,43.45000076293945
2005-08-09,1601.1400146484375,,434.20001220703125,43.45000076293945
2005-08-10,1585.7099609375,,436.5,43.5
2005-08-11,1600.6500244140625,,445.5,43.56399917602539
2005-08-12,1591.75,,445.8999938964844,
2005-08-14,,,,43.439998626708984
2005-08-15,1600.7099609375,,442.20001220703125,43.45000076293945
2005-08-16,1574.010009765625,,446.1000061035156,43.459999084472656
2005-08-17,1582.2900390625,,439.8999938964844,43.5
2005-08-18,1575.760009765625,,439.5,43.52000045776367
2005-08-19,1573.719970703125,,437.20001220703125,
2005-08-21,,,,43.54999923706055
2005-08-22,1575.5899658203125,,438.1000061035156,43.58000183105469
2005-08-23,1571.300048828125,,439.3999938964844,43.70000076293945
2005-08-24,1561.7099609375,,437.29998779296875,43.70000076293945
2005-08-25,1565.8800048828125,,438.3999938964844,43.599998474121094
2005-08-26,1558.8399658203125,,437.3999938964844,
2005-08-28,,,,43.65999984741211
2005-08-29,1571.52001953125,,437.0,43.652000427246094
2005-08-30,1565.72998046875,,431.20001220703125,43.97999954223633
2005-08-31,1581.7099609375,,433.79998779296875,43.900001525878906
2005-09-01,1577.25,,442.29998779296875,43.79999923706055
2005-09-02,1573.1199951171875,,444.20001220703125,
2005-09-04,,,,43.65999984741211
2005-09-05,,,,43.810001373291016
2005-09-06,1597.27001953125,,444.3999938964844,43.81999969482422
2005-09-07,1599.8599853515625,,444.8999938964844,43.779998779296875
2005-09-08,1597.6800537109375,,446.70001220703125,43.7599983215332
2005-09-09,1607.8299560546875,,449.0,
2005-09-11,,,,43.790000915527344
2005-09-12,1612.199951171875,,449.70001220703125,43.83000183105469
2005-09-13,1607.3800048828125,,446.1000061035156,43.81999969482422
2005-09-14,1589.6300048828125,,449.79998779296875,43.79999923706055
2005-09-15,1588.550048828125,,455.5,43.81999969482422
2005-09-16,1599.43994140625,,459.5,
2005-09-18,,,,43.83000183105469
2005-09-19,1586.050048828125,,466.70001220703125,43.84000015258789
2005-09-20,1578.199951171875,,466.20001220703125,
2005-09-21,1561.8399658203125,,468.8999938964844,43.849998474121094
2005-09-22,1567.3599853515625,,466.6000061035156,43.849998474121094
2005-09-23,1571.75,,463.5,
2005-09-25,,,,43.849998474121094
2005-09-26,1572.8599853515625,,465.8999938964844,43.900001525878906
2005-09-27,1568.8399658203125,,462.6000061035156,44.0
2005-09-28,1568.81005859375,,469.70001220703125,43.939998626708984
2005-09-29,1589.9300537109375,,472.20001220703125,43.93000030517578
2005-09-30,1601.6600341796875,,469.0,
2005-10-02,,,,44.060001373291016
2005-10-03,1605.5899658203125,,466.1000061035156,44.040000915527344
2005-10-04,1595.5400390625,,466.1000061035156,44.20000076293945
2005-10-05,1571.52001953125,,466.1000061035156,44.13999938964844
2005-10-06,1552.93994140625,,471.8999938964844,44.34000015258789
2005-10-07,1555.9200439453125,,474.70001220703125,
2005-10-09,,,,44.75
2005-10-10,1546.989990234375,,475.1000061035156,44.86000061035156
2005-10-11,1539.31005859375,,477.1000061035156,44.75
2005-10-12,1521.18994140625,,473.8999938964844,44.869998931884766
2005-10-13,1533.800048828125,,471.1000061035156,44.720001220703125
2005-10-14,1544.2900390625,,469.20001220703125,
2005-10-16,,,,44.810001373291016
2005-10-17,1549.8800048828125,,474.1000061035156,45.02000045776367
2005-10-18,1538.4300537109375,,472.1000061035156,45.09000015258789
2005-10-19,1569.6099853515625,,463.5,45.119998931884766
2005-10-20,1555.5899658203125,,461.0,45.0099983215332
2005-10-21,1565.1199951171875,,467.0,
2005-10-23,,,,45.04999923706055
2005-10-24,1590.6500244140625,,465.0,44.900001525878906
2005-10-25,1585.8199462890625,,472.79998779296875,44.939998626708984
2005-10-26,1575.1400146484375,,471.20001220703125,44.9900016784668
2005-10-27,1543.3800048828125,,473.79998779296875,45.0099983215332
2005-10-28,1557.1099853515625,,473.0,
2005-10-31,1579.1800537109375,,465.1000061035156,45.040000915527344
2005-11-01,1576.52001953125,,458.79998779296875,45.0
2005-11-02,1597.2900390625,,462.79998779296875,45.16999816894531
2005-11-03,1619.6700439453125,,460.1000061035156,45.20000076293945
2005-11-04,1628.030029296875,,456.29998779296875,45.439998626708984
2005-11-07,1629.27001953125,,459.0,45.779998779296875
2005-11-08,1628.4000244140625,,460.8999938964844,45.720001220703125
2005-11-09,1630.2099609375,,466.29998779296875,45.68000030517578
2005-11-10,1650.9300537109375,,466.6000061035156,45.689998626708984
2005-11-11,1653.3599853515625,,468.29998779296875,45.47999954223633
2005-11-14,1651.9000244140625,,468.20001220703125,45.650001525878906
2005-11-15,1644.31005859375,,468.1000061035156,45.560001373291016
2005-11-16,1651.449951171875,,478.29998779296875,45.70000076293945
2005-11-17,1676.3900146484375,,486.20001220703125,45.63999938964844
2005-11-18,1679.8499755859375,,485.6000061035156,45.70000076293945
2005-11-21,1686.22998046875,,489.0,45.65999984741211
2005-11-22,1694.1400146484375,,492.6000061035156,45.7400016784668
2005-11-23,1696.77001953125,,492.1000061035156,45.68000030517578
2005-11-24,,,,45.63999938964844
2005-11-25,1701.050048828125,,,45.7400016784668
2005-11-28,1684.3900146484375,,498.29998779296875,45.849998474121094
2005-11-29,1676.8399658203125,,499.1000061035156,45.79999923706055
2005-11-30,1672.56005859375,,494.6000061035156,45.86000061035156
2005-12-01,1704.280029296875,,502.5,45.90999984741211
2005-12-02,1709.0999755859375,,503.29998779296875,46.11000061035156
2005-12-05,1694.77001953125,,508.8999938964844,46.2400016784668
2005-12-06,1701.3499755859375,,510.20001220703125,46.119998931884766
2005-12-07,1697.0400390625,,514.2999877929688,46.15999984741211
2005-12-08,1685.5899658203125,,519.2999877929688,46.16999816894531
2005-12-09,1692.6199951171875,,527.0,46.11000061035156
2005-12-12,1698.3499755859375,,528.4000244140625,45.959999084472656
2005-12-13,1705.77001953125,,521.0,46.02000045776367
2005-12-14,1698.97998046875,,506.5,45.58000183105469
2005-12-15,1701.699951171875,,503.8999938964844,45.220001220703125
2005-12-16,1688.6800537109375,,503.3999938964844,45.36600112915039
2005-12-19,1664.3599853515625,,503.6000061035156,45.279998779296875
2005-12-20,1665.0699462890625,,494.6000061035156,45.13999938964844
2005-12-21,1670.6099853515625,,493.0,45.099998474121094
2005-12-22,1683.3499755859375,,502.70001220703125,45.220001220703125
2005-12-23,1682.9200439453125,,503.0,45.099998474121094
2005-12-26,,,,45.060001373291016
2005-12-27,1668.3699951171875,,508.0,45.08000183105469
2005-12-28,1667.0999755859375,,514.2000122070312,45.02000045776367
2005-12-29,1655.3599853515625,,515.7000122070312,45.11000061035156
2005-12-30,1645.199951171875,,517.0999755859375,44.970001220703125
2006-01-02,,,,44.97999954223633
2006-01-03,1679.9300537109375,,530.7000122070312,44.86000061035156
2006-01-04,1695.8299560546875,,533.9000244140625,44.68000030517578
2006-01-05,1705.2900390625,,526.2999877929688,44.66999816894531
2006-01-06,1734.989990234375,,539.7000122070312,44.290000915527344
2006-01-09,1741.9000244140625,,549.0999755859375,44.2599983215332
2006-01-10,1744.02001953125,,544.2999877929688,44.18000030517578
2006-01-11,1758.239990234375,,548.7999877929688,43.91999816894531
2006-01-12,1747.3499755859375,,548.2999877929688,43.939998626708984
2006-01-13,1746.780029296875,,556.0999755859375,44.06999969482422
2006-01-16,,,,44.119998931884766
2006-01-17,1736.3900146484375,,553.4000244140625,44.20000076293945
2006-01-18,1716.6199951171875,,543.7000122070312,44.290000915527344
2006-01-19,1729.9200439453125,,558.4000244140625,44.15999984741211
2006-01-20,1676.3800048828125,,553.5,44.150001525878906
2006-01-23,1676.300048828125,,558.2999877929688,44.06999969482422
2006-01-24,1686.219970703125,,557.7000122070312,44.16999816894531
2006-01-25,1677.0,,562.2000122070312,44.02000045776367
2006-01-26,1690.489990234375,,559.7000122070312,43.9900016784668
2006-01-27,1711.1099853515625,,558.7000122070312,43.935001373291016
2006-01-30,1713.449951171875,,565.7999877929688,44.02000045776367
2006-01-31,1710.75,,570.7999877929688,43.900001525878906
2006-02-01,1713.02001953125,,569.4000244140625,44.08000183105469
2006-02-02,1685.77001953125,,572.5,44.15999984741211
2006-02-03,1664.530029296875,,567.4000244140625,44.08000183105469
2006-02-06,1657.5400390625,,570.2000122070312,44.13999938964844
2006-02-07,1651.8399658203125,,551.0,44.20000076293945
2006-02-08,1670.469970703125,,550.0999755859375,44.119998931884766
2006-02-09,1654.0799560546875,,564.5,44.09000015258789
2006-02-10,1663.75,,550.2000122070312,44.029998779296875
2006-02-13,1645.8299560546875,,539.0,44.150001525878906
2006-02-14,1661.949951171875,,545.9000244140625,44.150001525878906
2006-02-15,1673.1500244140625,,539.7000122070312,44.15999984741211
2006-02-16,1688.6099853515625,,546.0,44.2400016784668
2006-02-17,1675.2099609375,,551.7999877929688,44.3120002746582
2006-02-20,,,,44.36000061035156
2006-02-21,1655.6800537109375,,553.9000244140625,44.31999969482422
2006-02-22,1677.52001953125,,553.9000244140625,44.47999954223633
2006-02-23,1672.2900390625,,548.4000244140625,44.459999084472656
2006-02-24,1676.5,,558.7999877929688,44.290000915527344
2006-02-27,1695.6600341796875,,554.7000122070312,44.40999984741211
2006-02-28,1670.5699462890625,,561.5999755859375,44.25
2006-03-01,1694.5799560546875,,563.5,44.279998779296875
2006-03-02,1693.780029296875,,568.2000122070312,44.18000030517578
2006-03-03,1684.3199462890625,,566.0,44.18000030517578
2006-03-06,1669.93994140625,,554.9000244140625,44.25
2006-03-07,1661.02001953125,,552.7000122070312,44.20000076293945
2006-03-08,1661.8599853515625,,542.5,44.380001068115234
2006-03-09,1645.0899658203125,,545.5,44.459999084472656
2006-03-10,1648.22998046875,,539.9000244140625,44.452999114990234
2006-03-13,1653.7900390625,,546.0999755859375,44.38999938964844
2006-03-14,1681.1500244140625,,551.7000122070312,44.34000015258789
2006-03-15,1694.4599609375,,553.0999755859375,44.099998474121094
2006-03-16,1679.050048828125,,554.4000244140625,44.349998474121094
2006-03-17,1685.6600341796875,,554.0999755859375,44.20500183105469
2006-03-20,1688.97998046875,,555.2000122070312,44.36000061035156
2006-03-21,1672.469970703125,,552.4000244140625,44.29999923706055
2006-03-22,1676.3199462890625,,550.9000244140625,44.400001525878906
2006-03-23,1670.72998046875,,550.0999755859375,44.47200012207031
2006-03-24,1679.81005859375,,560.0,44.46699905395508
2006-03-26,,,,44.5890007019043
2006-03-27,1680.6300048828125,,567.0,44.59199905395508
2006-03-28,1673.030029296875,,566.5999755859375,44.58000183105469
2006-03-29,1703.8399658203125,,573.0,44.459999084472656
2006-03-30,1708.6800537109375,,586.7000122070312,44.52799987792969
2006-03-31,1703.6600341796875,,581.7999877929688,
2006-04-02,,,,44.53099822998047
2006-04-03,1706.77001953125,,589.4000244140625,44.599998474121094
2006-04-04,1716.550048828125,,586.0,44.560001373291016
2006-04-05,1732.739990234375,,587.9000244140625,44.439998626708984
2006-04-06,1739.199951171875,,595.2000122070312,44.54899978637695
2006-04-07,1723.030029296875,,588.4000244140625,
2006-04-09,,,,44.65999984741211
2006-04-10,1718.8599853515625,,597.5999755859375,44.7400016784668
2006-04-11,1704.4000244140625,,595.2000122070312,45.060001373291016
2006-04-12,1704.75,,597.5,45.040000915527344
2006-04-13,1712.0699462890625,,596.5,44.994998931884766
2006-04-16,,,,45.02799987792969
2006-04-17,1694.3199462890625,,615.4000244140625,45.047000885009766
2006-04-18,1726.6400146484375,,620.0,45.099998474121094
2006-04-19,1734.0400390625,,632.5999755859375,45.099998474121094
2006-04-20,1728.9000244140625,,619.7999877929688,45.000999450683594
2006-04-21,1709.02001953125,,632.2000122070312,
2006-04-23,,,,44.82699966430664
2006-04-24,1706.43994140625,,620.5999755859375,44.81999969482422
2006-04-25,1701.469970703125,,631.0,45.02000045776367
2006-04-26,1702.199951171875,,638.7999877929688,44.79999923706055
2006-04-27,1717.1400146484375,,633.2999877929688,44.9010009765625
2006-04-28,1700.7099609375,,651.7999877929688,
2006-04-30,,,,44.7599983215332
2006-05-01,1686.6099853515625,,657.5,44.79999923706055
2006-05-02,1689.9300537109375,,664.7000122070312,44.79999923706055
2006-05-03,1686.300048828125,,665.9000244140625,44.88999938964844
2006-05-04,1701.030029296875,,674.2000122070312,44.77000045776367
2006-05-05,1713.8399658203125,,682.2000122070312,
2006-05-07,,,,44.7599983215332
2006-05-08,1715.22998046875,,677.7999877929688,44.770999908447266
2006-05-09,1711.1700439453125,,699.4000244140625,44.81100082397461
2006-05-10,1694.8199462890625,,703.7000122070312,44.81999969482422
2006-05-11,1657.47998046875,,719.7999877929688,44.82500076293945
2006-05-12,1635.81005859375,,710.2999877929688,
2006-05-14,,,,45.24800109863281
2006-05-15,1634.780029296875,,683.5999755859375,44.994998931884766
2006-05-16,1623.68994140625,,691.5,44.625
2006-05-17,1598.9100341796875,,690.5,45.400001525878906
2006-05-18,1587.1099853515625,,679.5999755859375,45.29499816894531
2006-05-19,1600.8599853515625,,656.7000122070312,
2006-05-21,,,,45.290000915527344
2006-05-22,1584.5699462890625,,657.0,45.380001068115234
2006-05-23,1569.010009765625,,673.0,45.68000030517578
2006-05-24,1580.1800537109375,,637.0,45.76900100708008
2006-05-25,1599.6800537109375,,648.4000244140625,45.755001068115234
2006-05-26,1606.3699951171875,,650.9000244140625,
2006-05-28,,,,45.9900016784668
2006-05-29,,,,46.08000183105469
2006-05-30,1571.2900390625,,653.9000244140625,46.15999984741211
2006-05-31,1579.5799560546875,,642.5,46.119998931884766
2006-06-01,1616.5699462890625,,627.5999755859375,45.59400177001953
2006-06-02,1612.9000244140625,,635.5,
2006-06-04,,,,45.68000030517578
2006-06-05,1577.5,,643.2000122070312,45.849998474121094
2006-06-06,1575.3900146484375,,629.4000244140625,45.72999954223633
2006-06-07,1565.219970703125,,627.4000244140625,45.7599983215332
2006-06-08,1561.550048828125,,609.0999755859375,45.86000061035156
2006-06-09,1550.969970703125,,608.2000122070312,
2006-06-11,,,,45.81999969482422
2006-06-12,1520.31005859375,,606.7999877929688,45.939998626708984
2006-06-13,1516.8499755859375,,562.5,45.81999969482422
2006-06-14,1530.260009765625,,562.2999877929688,45.810001373291016
2006-06-15,1573.0799560546875,,566.5,45.8489990234375
2006-06-16,1562.8399658203125,,578.0,
2006-06-18,,,,45.81999969482422
2006-06-19,1548.93994140625,,568.7999877929688,45.86000061035156
2006-06-20,1548.3199462890625,,576.9000244140625,45.84000015258789
2006-06-21,1573.56005859375,,587.5,45.91999816894531
2006-06-22,1554.489990234375,,582.2000122070312,45.94499969482422
2006-06-23,1551.050048828125,,584.7999877929688,
2006-06-25,,,,46.25400161743164
2006-06-26,1556.1700439453125,,584.7999877929688,46.2599983215332
2006-06-27,1527.0,,581.5999755859375,46.29999923706055
2006-06-28,1538.25,,578.2999877929688,46.2599983215332
2006-06-29,1585.56005859375,,586.5,45.80500030517578
2006-06-30,1575.22998046875,,613.5,
2006-07-02,,,,45.939998626708984
2006-07-03,1586.25,,,45.900001525878906
2006-07-04,,,,45.95000076293945
2006-07-05,1553.949951171875,,627.2999877929688,45.939998626708984
2006-07-06,1551.550048828125,,634.0999755859375,45.78499984741211
2006-07-07,1533.7099609375,,632.7999877929688,
2006-07-09,,,,46.0
2006-07-10,1520.9000244140625,,624.0999755859375,46.13999938964844
2006-07-11,1533.06005859375,,641.2000122070312,46.02000045776367
2006-07-12,1501.4599609375,,649.4000244140625,46.220001220703125
2006-07-13,1478.1600341796875,,652.9000244140625,46.32699966430664
2006-07-14,1462.1700439453125,,666.5999755859375,
2006-07-16,,,,46.58000183105469
2006-07-17,1468.5,,650.5999755859375,46.560001373291016
2006-07-18,1472.3399658203125,,628.2999877929688,46.79999923706055
2006-07-19,1490.5999755859375,,641.5999755859375,46.7599983215332
2006-07-20,1466.8900146484375,,631.7000122070312,46.584999084472656
2006-07-21,1451.8800048828125,,619.5999755859375,
2006-07-23,,,,46.847999572753906
2006-07-24,1482.3399658203125,,612.7000122070312,46.720001220703125
2006-07-25,1489.52001953125,,617.5999755859375,46.68000030517578
2006-07-26,1487.8800048828125,,621.5999755859375,46.540000915527344
2006-07-27,1478.530029296875,,632.4000244140625,46.46500015258789
2006-07-28,1510.300048828125,,634.7999877929688,
2006-07-30,,,,46.41999816894531
2006-07-31,1509.4300537109375,,634.2000122070312,46.439998626708984
2006-08-01,1484.93994140625,,646.2999877929688,46.5
2006-08-02,1500.47998046875,,651.5999755859375,46.428001403808594
2006-08-03,1510.5999755859375,,644.9000244140625,46.43199920654297
2006-08-04,1503.8399658203125,,644.0,
2006-08-06,,,,46.5
2006-08-07,1494.1300048828125,,647.7999877929688,46.400001525878906
2006-08-08,1484.800048828125,,645.7000122070312,46.400001525878906
2006-08-09,1485.6400146484375,,650.5,46.3120002746582
2006-08-10,1496.280029296875,,634.9000244140625,46.42499923706055
2006-08-11,1486.739990234375,,633.5,
2006-08-13,,,,46.487998962402344
2006-08-14,1494.3299560546875,,628.5,46.439998626708984
2006-08-15,1534.4300537109375,,622.5,46.46799850463867
2006-08-16,1570.06005859375,,628.7000122070312,46.292999267578125
2006-08-17,1573.5899658203125,,615.4000244140625,46.391998291015625
2006-08-18,1576.4599609375,,612.0999755859375,
2006-08-20,,,,46.388999938964844
2006-08-21,1561.1199951171875,,625.7000122070312,46.388999938964844
2006-08-22,1563.4300537109375,,624.5999755859375,46.391998291015625
2006-08-23,1550.4100341796875,,623.7000122070312,46.448001861572266
2006-08-24,1555.18994140625,,619.5,46.448001861572266
2006-08-25,1557.699951171875,,622.0,
2006-08-27,,,,46.4900016784668
2006-08-28,1570.2900390625,,615.2999877929688,46.39400100708008
2006-08-29,1573.6500244140625,,610.7000122070312,46.28799819946289
2006-08-30,1581.949951171875,,617.7000122070312,46.47600173950195
2006-08-31,1579.72998046875,,625.9000244140625,46.507999420166016
2006-09-01,1589.469970703125,,624.4000244140625,
2006-09-03,,,,46.25199890136719
2006-09-04,,,624.4000244140625,46.15299987792969
2006-09-05,1603.68994140625,,638.5,46.04899978637695
2006-09-06,1572.199951171875,,633.5,46.051998138427734
2006-09-07,1564.8399658203125,,617.0,46.152000427246094
2006-09-08,1574.7099609375,,609.5999755859375,
2006-09-10,,,,46.15299987792969
2006-09-11,1583.780029296875,,590.0,46.183998107910156
2006-09-12,1615.75,,586.9000244140625,46.00400161743164
2006-09-13,1623.989990234375,,589.0999755859375,45.91400146484375
2006-09-14,1625.97998046875,,579.2999877929688,46.04899978637695
2006-09-15,1632.43994140625,,576.4000244140625,
2006-09-17,,,,46.04800033569336
2006-09-18,1632.1700439453125,,586.2000122070312,46.029998779296875
2006-09-19,1621.0699462890625,,576.7999877929688,46.03099822998047
2006-09-20,1645.3499755859375,,580.0,45.78900146484375
2006-09-21,1634.8699951171875,,582.2000122070312,45.82099914550781
2006-09-22,1622.3699951171875,,589.4000244140625,
2006-09-24,,,,45.792999267578125
2006-09-25,1650.3699951171875,,589.9000244140625,45.89099884033203
2006-09-26,1659.199951171875,,591.2000122070312,45.83100128173828
2006-09-27,1655.6700439453125,,597.2999877929688,45.827999114990234
2006-09-28,1661.5899658203125,,605.0,45.71500015258789
2006-09-29,1654.1300048828125,,598.5999755859375,
2006-10-01,,,,45.7140007019043
2006-10-02,1632.81005859375,,597.7000122070312,45.715999603271484
2006-10-03,1640.2900390625,,576.2999877929688,45.63199996948242
2006-10-04,1681.1400146484375,,562.0,45.59400177001953
2006-10-05,1689.4300537109375,,571.0,45.487998962402344
2006-10-06,1684.8800048828125,,572.4000244140625,
2006-10-08,,,,45.62900161743164
2006-10-09,1691.0799560546875,,578.4000244140625,45.66999816894531
2006-10-10,1693.2900390625,,571.9000244140625,45.551998138427734
2006-10-11,1691.280029296875,,572.2999877929688,45.513999938964844
2006-10-12,1718.5400390625,,576.2999877929688,45.244998931884766
2006-10-13,1727.2099609375,,588.7999877929688,
2006-10-15,,,,45.354000091552734
2006-10-16,1727.6099853515625,,594.7000122070312,45.132999420166016
2006-10-17,1709.6099853515625,,589.7000122070312,45.21099853515625
2006-10-18,1700.75,,588.9000244140625,45.20600128173828
2006-10-19,1706.3699951171875,,599.0,45.23400115966797
2006-10-20,1709.5799560546875,,593.0,
2006-10-22,,,,45.32899856567383
2006-10-23,1725.9300537109375,,579.7000122070312,45.15299987792969
2006-10-24,1713.8800048828125,,584.4000244140625,45.290000915527344
2006-10-25,1726.760009765625,,587.5999755859375,45.16999816894531
2006-10-26,1744.0699462890625,,596.7999877929688,45.005001068115234
2006-10-27,1717.6099853515625,,598.2000122070312,
2006-10-30,1727.800048828125,,604.7000122070312,44.82899856567383
2006-10-31,1732.5400390625,,604.0999755859375,44.834999084472656
2006-11-01,1707.6500244140625,,616.5999755859375,44.71200180053711
2006-11-02,1710.1700439453125,,625.4000244140625,44.819000244140625
2006-11-03,1703.97998046875,,626.9000244140625,44.80099868774414
2006-11-06,1732.260009765625,,625.7999877929688,44.81100082397461
2006-11-07,1741.530029296875,,625.7000122070312,44.75600051879883
2006-11-08,1749.75,,616.4000244140625,44.61399841308594
2006-11-09,1740.1400146484375,,635.0,44.45399856567383
2006-11-10,1751.1099853515625,,628.4000244140625,44.611000061035156
2006-11-13,1768.0,,624.2000122070312,44.801998138427734
2006-11-14,1787.22998046875,,623.7999877929688,45.09000015258789
2006-11-15,1793.8199462890625,,622.5,45.19300079345703
2006-11-16,1801.969970703125,,620.5999755859375,44.77000045776367
2006-11-17,1800.6700439453125,,621.5,44.77299880981445
2006-11-20,1803.81005859375,,621.2000122070312,44.935001373291016
2006-11-21,1808.8800048828125,,628.2000122070312,44.89799880981445
2006-11-22,1819.760009765625,,628.7000122070312,44.57400131225586
2006-11-23,,,,44.63199996948242
2006-11-24,1815.530029296875,,628.7000122070312,44.529998779296875
2006-11-27,1775.1700439453125,,,44.590999603271484
2006-11-28,1780.3399658203125,,637.2000122070312,44.5989990234375
2006-11-29,1792.77001953125,,635.5,44.61399841308594
2006-11-30,1791.25,,646.9000244140625,44.55099868774414
2006-12-01,1775.1199951171875,,644.7000122070312,44.435001373291016
2006-12-04,1799.9300537109375,,645.2000122070312,44.5369987487793
2006-12-05,1804.8499755859375,,642.2999877929688,44.49399948120117
2006-12-06,1799.1300048828125,,630.5,44.6150016784668
2006-12-07,1777.4599609375,,631.9000244140625,44.57400131225586
2006-12-08,1786.2099609375,,626.0999755859375,44.46500015258789
2006-12-11,1791.739990234375,,630.0,44.69300079345703
2006-12-12,1781.969970703125,,627.0,44.77399826049805
2006-12-13,1783.43994140625,,627.9000244140625,44.73400115966797
2006-12-14,1803.4100341796875,,626.5999755859375,44.672000885009766
2006-12-15,1808.56005859375,,615.0,44.474998474121094
2006-12-18,1790.989990234375,,614.0,44.715999603271484
2006-12-19,1785.1199951171875,,621.5999755859375,44.691001892089844
2006-12-20,1777.9200439453125,,620.5999755859375,44.67300033569336
2006-12-21,1766.280029296875,,618.2000122070312,44.53099822998047
2006-12-22,1748.6099853515625,,619.0999755859375,44.30500030517578
2006-12-25,,,,44.30500030517578
2006-12-26,1753.550048828125,,623.7000122070312,44.30500030517578
2006-12-27,1763.4100341796875,,627.2000122070312,44.2599983215332
2006-12-28,1758.93994140625,,634.0999755859375,44.277000427246094
2006-12-29,1756.9000244140625,,635.2000122070312,44.040000915527344
2007-01-01,,,,44.21500015258789
2007-01-02,,,635.2000122070312,44.12200164794922
2007-01-03,1759.3699951171875,,627.0999755859375,44.111000061035156
2007-01-04,1792.9100341796875,,623.9000244140625,44.095001220703125
2007-01-05,1785.300048828125,,604.9000244140625,44.13999938964844
2007-01-08,1787.1400146484375,,607.5,44.255001068115234
2007-01-09,1795.6300048828125,,613.0999755859375,44.209999084472656
2007-01-10,1816.1500244140625,,611.5999755859375,44.375
2007-01-11,1834.8599853515625,,612.4000244140625,44.42499923706055
2007-01-12,1844.81005859375,,625.5,44.255001068115234
2007-01-15,,,,44.1349983215332
2007-01-16,1842.43994140625,,624.5999755859375,44.125
2007-01-17,1827.6800537109375,,632.0999755859375,44.025001525878906
2007-01-18,1793.6800537109375,,627.0999755859375,44.084999084472656
2007-01-19,1796.81005859375,,635.5,44.084999084472656
2007-01-22,1779.02001953125,,633.2999877929688,44.04499816894531
2007-01-23,1773.4000244140625,,645.2000122070312,44.07500076293945
2007-01-24,1802.6300048828125,,647.5999755859375,44.084999084472656
2007-01-25,1777.75,,647.7999877929688,44.084999084472656
2007-01-26,1772.969970703125,,644.5,44.01499938964844
2007-01-29,1775.0799560546875,,643.0999755859375,44.06999969482422
2007-01-30,1777.760009765625,,644.2000122070312,43.974998474121094
2007-01-31,1792.280029296875,,652.0,44.005001068115234
2007-02-01,1791.449951171875,,657.4000244140625,43.94499969482422
2007-02-02,1798.1300048828125,,646.2000122070312,43.935001373291016
2007-02-05,1795.3900146484375,,650.9000244140625,43.96500015258789
2007-02-06,1793.06005859375,,653.5999755859375,44.05400085449219
2007-02-07,1810.949951171875,,652.2999877929688,44.013999938964844
2007-02-08,1810.5400390625,,658.0,44.051998138427734
2007-02-09,1785.530029296875,,667.5,43.8650016784668
2007-02-12,1778.4200439453125,,662.5999755859375,44.07400131225586
2007-02-13,1783.8199462890625,,663.9000244140625,43.96099853515625
2007-02-14,1814.97998046875,,667.4000244140625,43.874000549316406
2007-02-15,1823.4100341796875,,667.2999877929688,44.01499938964844
2007-02-16,1821.489990234375,,668.7999877929688,43.80500030517578
2007-02-19,,,,43.992000579833984
2007-02-20,1833.7099609375,,657.0999755859375,44.117000579833984
2007-02-21,1839.1300048828125,,680.2000122070312,44.077999114990234
2007-02-22,1846.3399658203125,,679.4000244140625,44.17100143432617
2007-02-23,1839.77001953125,,683.0999755859375,44.01499938964844
2007-02-26,1830.5899658203125,,686.5,44.097999572753906
2007-02-27,1756.27001953125,,683.9000244140625,44.11399841308594
2007-02-28,1761.5999755859375,,669.4000244140625,44.01599884033203
2007-03-01,1753.449951171875,,662.2999877929688,44.19599914550781
2007-03-02,1726.030029296875,,641.5,44.03499984741211
2007-03-05,1712.93994140625,,636.7000122070312,44.513999938964844
2007-03-06,1743.0999755859375,,643.7999877929688,44.11199951171875
2007-03-07,1736.0999755859375,,650.5999755859375,44.435001373291016
2007-03-08,1746.4300537109375,,653.4000244140625,44.112998962402344
2007-03-09,1744.739990234375,,650.0,44.0099983215332
2007-03-12,1756.4200439453125,,648.4000244140625,44.053001403808594
2007-03-13,1722.47998046875,,647.5999755859375,44.01499938964844
2007-03-14,1743.1500244140625,,640.9000244140625,44.231998443603516
2007-03-15,1744.8699951171875,,645.7000122070312,44.152000427246094
2007-03-16,1742.22998046875,,652.5999755859375,43.88999938964844
2007-03-19,1758.22998046875,,653.0999755859375,44.02000045776367
2007-03-20,1767.25,,657.9000244140625,43.45399856567383
2007-03-21,1806.3499755859375,,659.0,43.44200134277344
2007-03-22,1799.75,,663.4000244140625,43.433998107910156
2007-03-23,1794.0400390625,,656.7000122070312,43.30500030517578
2007-03-25,,,,43.154998779296875
2007-03-26,1802.949951171875,,663.4000244140625,43.053001403808594
2007-03-27,1789.9300537109375,,662.0999755859375,43.09000015258789
2007-03-28,1770.5400390625,,666.5,43.57500076293945
2007-03-29,1771.719970703125,,661.5,43.04499816894531
2007-03-30,1772.3599853515625,,663.0,
2007-04-01,,,,43.17399978637695
2007-04-02,1773.3299560546875,,665.7000122070312,43.012001037597656
2007-04-03,1796.31005859375,,664.0,42.80799865722656
2007-04-04,1801.739990234375,,672.0999755859375,42.69599914550781
2007-04-05,1812.93994140625,,674.2000122070312,42.69499969482422
2007-04-08,,,,42.87200164794922
2007-04-09,1808.18994140625,,671.9000244140625,42.59400177001953
2007-04-10,1816.9300537109375,,676.5,42.612998962402344
2007-04-11,1798.0899658203125,,676.7999877929688,42.551998138427734
2007-04-12,1813.489990234375,,675.0999755859375,42.3650016784668
2007-04-13,1816.8499755859375,,685.4000244140625,
2007-04-15,,,,41.775001525878906
2007-04-16,1833.9599609375,,690.0999755859375,41.85300064086914
2007-04-17,1834.9100341796875,,688.2000122070312,41.834999084472656
2007-04-18,1832.3900146484375,,689.0999755859375,42.07500076293945
2007-04-19,1832.469970703125,,684.2999877929688,41.52000045776367
2007-04-20,1845.8900146484375,,692.0,
2007-04-22,,,,41.58000183105469
2007-04-23,1850.1800537109375,,690.5999755859375,41.01300048828125
2007-04-24,1858.8699951171875,,684.2000122070312,40.854000091552734
2007-04-25,1881.3299560546875,,684.0999755859375,40.729000091552734
2007-04-26,1889.5699462890625,,674.9000244140625,40.724998474121094
2007-04-27,1891.06005859375,,678.7000122070312,
2007-04-29,,,,40.96900177001953
2007-04-30,1867.75,,680.5,41.11399841308594
2007-05-01,1873.4300537109375,,674.4000244140625,40.97600173950195
2007-05-02,1889.72998046875,,672.2999877929688,40.93299865722656
2007-05-03,1895.6400146484375,,681.7999877929688,40.51499938964844
2007-05-04,1895.699951171875,,687.2000122070312,
2007-05-06,,,,40.70000076293945
2007-05-07,1895.9599609375,,688.0,40.691001892089844
2007-05-08,1899.8299560546875,,685.0999755859375,40.61399841308594
2007-05-09,1905.6500244140625,,680.2999877929688,41.215999603271484
2007-05-10,1875.199951171875,,665.0999755859375,40.67499923706055
2007-05-11,1898.7900390625,,670.5999755859375,
2007-05-13,,,,40.654998779296875
2007-05-14,1888.0799560546875,,668.5,40.880001068115234
2007-05-15,1871.7900390625,,673.0,40.757999420166016
2007-05-16,1891.5699462890625,,660.2000122070312,40.529998779296875
2007-05-17,1884.6800537109375,,656.2000122070312,40.30500030517578
2007-05-18,1896.9300537109375,,661.0,
2007-05-20,,,,40.53499984741211
2007-05-21,1911.1600341796875,,662.9000244140625,40.54199981689453
2007-05-22,1916.449951171875,,659.0999755859375,40.4900016784668
2007-05-23,1904.4100341796875,,661.9000244140625,40.494998931884766
2007-05-24,1874.5999755859375,,653.0,40.21500015258789
2007-05-25,1889.25,,655.0999755859375,
2007-05-27,,,,40.513999938964844
2007-05-28,,,,40.36899948120117
2007-05-29,1899.7900390625,,657.0999755859375,40.52899932861328
2007-05-30,1918.0799560546875,,653.0999755859375,40.54600143432617
2007-05-31,1928.18994140625,,661.0,40.21500015258789
2007-06-01,1928.260009765625,,671.2000122070312,
2007-06-03,,,,40.1349983215332
2007-06-04,1933.72998046875,,670.7000122070312,40.15999984741211
2007-06-05,1932.3499755859375,,669.5999755859375,40.49300003051758
2007-06-06,1914.8499755859375,,669.2999877929688,40.45199966430664
2007-06-07,1882.1700439453125,,660.0999755859375,40.7599983215332
2007-06-08,1906.260009765625,,645.5,
2007-06-10,,,,40.50899887084961
2007-06-11,1901.9599609375,,654.2999877929688,40.56999969482422
2007-06-12,1890.6700439453125,,648.5,40.551998138427734
2007-06-13,1913.8699951171875,,648.2000122070312,40.55699920654297
2007-06-14,1924.5400390625,,651.5999755859375,40.459999084472656
2007-06-15,1942.4100341796875,,654.5,
2007-06-17,,,,40.4370002746582
2007-06-18,1944.3699951171875,,655.7999877929688,40.65399932861328
2007-06-19,1941.75,,660.7000122070312,40.47999954223633
2007-06-20,1922.1199951171875,,656.0999755859375,40.534000396728516
2007-06-21,1941.3199462890625,,650.5999755859375,40.494998931884766
2007-06-22,1921.93994140625,,653.5,
2007-06-24,,,,40.65299987792969
2007-06-25,1912.9000244140625,,651.2999877929688,40.75299835205078
2007-06-26,1908.6400146484375,,642.0999755859375,40.81800079345703
2007-06-27,1933.06005859375,,641.7000122070312,40.7140007019043
2007-06-28,1931.6700439453125,,647.5,40.529998779296875
2007-06-29,1934.0999755859375,,648.0999755859375,
2007-07-01,,,,40.53200149536133
2007-07-02,1954.1199951171875,,656.5,40.35499954223633
2007-07-03,1965.199951171875,,652.9000244140625,40.41299819946289
2007-07-04,,,,40.39500045776367
2007-07-05,1981.06005859375,,648.4000244140625,40.310001373291016
2007-07-06,1988.31005859375,,652.7000122070312,
2007-07-08,,,,40.229000091552734
2007-07-09,1989.199951171875,,660.5,40.17499923706055
2007-07-10,1971.8900146484375,,662.5,40.310001373291016
2007-07-11,1984.0799560546875,,660.2999877929688,40.45399856567383
2007-07-12,2021.030029296875,,666.7000122070312,40.20000076293945
2007-07-13,2032.1600341796875,,665.7999877929688,
2007-07-15,,,,40.17399978637695
2007-07-16,2028.02001953125,,665.0,40.292999267578125
2007-07-17,2041.780029296875,,664.7000122070312,40.33300018310547
2007-07-18,2037.97998046875,,672.5999755859375,40.194000244140625
2007-07-19,2052.989990234375,,677.2000122070312,40.125
2007-07-20,2035.8800048828125,,683.9000244140625,
2007-07-22,,,,40.05099868774414
2007-07-23,2036.3299560546875,,680.7999877929688,40.21699905395508
2007-07-24,2000.550048828125,,684.2000122070312,40.231998443603516
2007-07-25,2011.1400146484375,,673.2999877929688,40.17599868774414
2007-07-26,1986.5999755859375,,662.5,40.31999969482422
2007-07-27,1956.18994140625,,660.0,
2007-07-29,,,,40.45399856567383
2007-07-30,1973.9300537109375,,664.0999755859375,40.39799880981445
2007-07-31,1932.06005859375,,666.9000244140625,40.37300109863281
2007-08-01,1945.0799560546875,,663.5999755859375,40.14899826049805
2007-08-02,1966.5999755859375,,664.5999755859375,40.19499969482422
2007-08-03,1918.56005859375,,672.5,
2007-08-05,,,,40.18899917602539
2007-08-06,1954.3699951171875,,671.5,40.33700180053711
2007-08-07,1961.6400146484375,,670.5999755859375,40.231998443603516
2007-08-08,1987.3399658203125,,674.5,40.435001373291016
2007-08-09,1936.760009765625,,661.4000244140625,40.400001525878906
2007-08-10,1925.1400146484375,,670.2999877929688,
2007-08-12,,,,40.349998474121094
2007-08-13,1934.4100341796875,,669.7000122070312,40.654998779296875
2007-08-14,1901.3199462890625,,668.5999755859375,40.87699890136719
2007-08-15,1864.9200439453125,,668.9000244140625,41.09299850463867
2007-08-16,1846.0899658203125,,648.2999877929688,40.98500061035156
2007-08-17,1888.780029296875,,656.9000244140625,
2007-08-19,,,,41.02000045776367
2007-08-20,1893.050048828125,,656.7000122070312,40.959999084472656
2007-08-21,1910.989990234375,,656.7000122070312,40.959999084472656
2007-08-22,1936.77001953125,,659.0999755859375,40.775001525878906
2007-08-23,1931.8800048828125,,658.9000244140625,40.84000015258789
2007-08-24,1961.3800048828125,,668.0,
2007-08-26,,,,40.900001525878906
2007-08-27,1947.489990234375,,666.7999877929688,40.893001556396484
2007-08-28,1899.239990234375,,664.4000244140625,40.895999908447266
2007-08-29,1954.8499755859375,,666.2999877929688,40.99100112915039
2007-08-30,1963.75,,665.0,40.57500076293945
2007-08-31,1988.72998046875,,673.0,
2007-09-02,,,,40.79100036621094
2007-09-03,,,,40.71500015258789
2007-09-04,2020.510009765625,,682.5,40.83399963378906
2007-09-05,1994.3800048828125,,681.7000122070312,40.57500076293945
2007-09-06,1998.6700439453125,,695.5999755859375,40.34000015258789
2007-09-07,1958.3499755859375,,700.7999877929688,
2007-09-10,1960.199951171875,,703.2999877929688,40.354000091552734
2007-09-11,1988.97998046875,,712.2000122070312,40.27199935913086
2007-09-12,1988.9599609375,,711.9000244140625,40.356998443603516
2007-09-13,1998.6300048828125,,709.5,40.28499984741211
2007-09-14,2000.8199462890625,,709.5999755859375,
2007-09-16,,,,40.37699890136719
2007-09-17,1983.0799560546875,4494.64990234375,715.7999877929688,40.21699905395508
2007-09-18,2035.3699951171875,4546.2001953125,715.7999877929688,40.03300094604492
2007-09-19,2041.3599853515625,4732.35009765625,722.0,39.6150016784668
2007-09-20,2032.6099853515625,4747.5498046875,732.4000244140625,39.77000045776367
2007-09-21,2049.47998046875,4837.5498046875,731.4000244140625,
2007-09-23,,,,39.430999755859375
2007-09-24,2057.25,4932.2001953125,732.0999755859375,39.65999984741211
2007-09-25,2076.830078125,4938.85009765625,731.5999755859375,39.632999420166016
2007-09-26,2088.3798828125,4940.5,728.2999877929688,39.65299987792969
2007-09-27,2096.389892578125,5000.5498046875,732.7000122070312,39.57500076293945
2007-09-28,2091.110107421875,5021.35009765625,742.7999877929688,
2007-09-30,,,,39.667999267578125
2007-10-01,2116.969970703125,5068.9501953125,747.2000122070312,39.573001861572266
2007-10-02,2115.889892578125,,729.7999877929688,39.31999969482422
2007-10-03,2103.010009765625,5210.7998046875,729.2999877929688,39.215999603271484
2007-10-04,2105.56005859375,5208.64990234375,737.7999877929688,39.404998779296875
2007-10-05,2149.669921875,5185.85009765625,741.2999877929688,
2007-10-07,,,,39.35200119018555
2007-10-08,2163.260009765625,5085.10009765625,732.7999877929688,39.154998779296875
2007-10-09,2171.2099609375,5327.25,737.4000244140625,39.17499923706055
2007-10-10,2176.97998046875,5441.4501953125,740.4000244140625,39.236000061035156
2007-10-11,2140.919921875,5524.85009765625,751.2999877929688,39.095001220703125
2007-10-12,2177.989990234375,5428.25,748.7000122070312,
2007-10-14,,,,39.236000061035156
2007-10-15,2158.919921875,5670.39990234375,757.0999755859375,39.154998779296875
2007-10-16,2151.139892578125,5668.0498046875,757.0,39.47100067138672
2007-10-17,2179.139892578125,5559.2998046875,757.5,39.55500030517578
2007-10-18,2187.52001953125,5351.0,764.0999755859375,39.45000076293945
2007-10-19,2131.080078125,5215.2998046875,764.0,
2007-10-21,,,,39.652000427246094
2007-10-22,2157.449951171875,5184.0,755.7999877929688,39.415000915527344
2007-10-23,2205.179931640625,5473.7001953125,759.0,39.375
2007-10-24,2188.590087890625,5496.14990234375,761.5999755859375,39.472999572753906
2007-10-25,2161.52001953125,5568.9501953125,767.2999877929688,39.23500061035156
2007-10-26,2194.590087890625,5702.2998046875,783.9000244140625,
2007-10-29,2203.419921875,5905.89990234375,789.0999755859375,39.21500015258789
2007-10-30,2207.610107421875,5868.75,784.2999877929688,39.310001373291016
2007-10-31,2238.97998046875,5900.64990234375,792.0,39.17399978637695
2007-11-01,2197.070068359375,5866.4501953125,790.7000122070312,39.25600051879883
2007-11-02,2213.860107421875,5932.39990234375,805.7000122070312,39.19499969482422
2007-11-05,2200.47998046875,5847.2998046875,808.0999755859375,39.25600051879883
2007-11-06,2223.969970703125,5786.5,820.7999877929688,39.21500015258789
2007-11-07,2169.429931640625,5782.35009765625,831.0,39.12900161743164
2007-11-08,2106.159912109375,5698.75,835.2000122070312,39.249000549316406
2007-11-09,2034.300048828125,,832.5,39.04499816894531
2007-11-12,1982.1600341796875,5617.10009765625,805.7999877929688,39.27199935913086
2007-11-13,2066.080078125,5695.39990234375,797.2000122070312,39.35300064086914
2007-11-14,2038.050048828125,5937.89990234375,813.0,39.2599983215332
2007-11-15,2024.030029296875,5912.10009765625,785.9000244140625,39.2140007019043
2007-11-16,2048.6201171875,5906.85009765625,785.7000122070312,39.17499923706055
2007-11-19,2021.1400146484375,5907.64990234375,776.7999877929688,39.154998779296875
2007-11-20,2029.93994140625,5780.89990234375,790.2999877929688,39.15599822998047
2007-11-21,2006.3800048828125,5561.0498046875,797.5999755859375,39.255001068115234
2007-11-22,,5519.35009765625,,39.45500183105469
2007-11-23,2028.9000244140625,5608.60009765625,824.0,39.599998474121094
2007-11-26,1989.3599853515625,5731.7001953125,826.0,
2007-11-27,2033.760009765625,5698.14990234375,813.7000122070312,39.715999603271484
2007-11-28,2095.389892578125,5617.5498046875,800.0999755859375,39.63100051879883
2007-11-29,2102.419921875,5634.60009765625,795.2999877929688,39.573001861572266
2007-11-30,2089.10009765625,5762.75,782.2000122070312,39.45500183105469
2007-12-03,2067.449951171875,5865.0,788.2999877929688,39.49399948120117
2007-12-04,2059.06005859375,5858.35009765625,801.2999877929688,39.35200119018555
2007-12-05,2099.31005859375,5940.0,797.5,39.39799880981445
2007-12-06,2127.64990234375,5954.7001953125,801.2000122070312,39.391998291015625
2007-12-07,2130.0,5974.2998046875,794.4000244140625,39.36000061035156
2007-12-10,2134.8798828125,5960.60009765625,807.7000122070312,39.34400177001953
2007-12-11,2083.719970703125,6097.25,811.4000244140625,39.292999267578125
2007-12-12,2101.360107421875,6159.2998046875,813.5,39.29399871826172
2007-12-13,2094.679931640625,6058.10009765625,799.0,39.308998107910156
2007-12-14,2072.110107421875,6047.7001953125,793.2999877929688,39.2400016784668
2007-12-17,2020.800048828125,5777.0,794.7999877929688,39.37300109863281
2007-12-18,2029.489990234375,5742.2998046875,803.0,
2007-12-19,2031.0,5751.14990234375,801.0999755859375,39.4900016784668
2007-12-20,2069.679931640625,5766.5,799.2000122070312,39.48899841308594
2007-12-21,2111.77001953125,,811.5999755859375,39.23500061035156
2007-12-24,2128.6201171875,5985.10009765625,812.7999877929688,39.25199890136719
2007-12-25,,,,39.23500061035156
2007-12-26,2136.93994140625,6070.75,826.0,39.38999938964844
2007-12-27,2106.090087890625,6081.5,828.5999755859375,39.196998596191406
2007-12-28,2107.050048828125,6079.7001953125,839.5999755859375,39.244998931884766
2007-12-31,2084.929931640625,6138.60009765625,834.9000244140625,39.244998931884766
2008-01-01,,6144.35009765625,,39.244998931884766
2008-01-02,2049.7099609375,6179.39990234375,857.0,39.375
2008-01-03,2051.760009765625,6178.5498046875,866.4000244140625,39.35300064086914
2008-01-04,1963.52001953125,6274.2998046875,863.0999755859375,39.095001220703125
2008-01-07,1957.43994140625,6279.10009765625,859.5999755859375,39.2130012512207
2008-01-08,1910.3299560546875,6287.85009765625,878.0,39.19599914550781
2008-01-09,1949.199951171875,6272.0,879.5,39.2130012512207
2008-01-10,1953.6400146484375,6156.9501953125,891.7000122070312,39.215999603271484
2008-01-11,1912.81005859375,6200.10009765625,896.0999755859375,39.095001220703125
2008-01-14,1949.1500244140625,6206.7998046875,901.5999755859375,39.21699905395508
2008-01-15,1894.0899658203125,6074.25,901.0,39.19200134277344
2008-01-16,1872.2900390625,5935.75,880.5999755859375,39.17100143432617
2008-01-17,1842.0999755859375,5913.2001953125,879.5,39.191001892089844
2008-01-18,1844.0899658203125,5705.2998046875,880.7999877929688,39.284000396728516
2008-01-21,,5208.7998046875,,39.47600173950195
2008-01-22,1795.6099853515625,4899.2998046875,889.5999755859375,39.310001373291016
2008-01-23,1789.530029296875,5203.39990234375,882.5,39.472999572753906
2008-01-24,1826.9200439453125,5033.4501953125,905.5,39.36899948120117
2008-01-25,1789.1700439453125,5383.35009765625,910.5,39.275001525878906
2008-01-28,1805.0799560546875,5274.10009765625,927.0999755859375,39.29499816894531
2008-01-29,1807.6700439453125,5280.7998046875,925.0999755859375,39.209999084472656
2008-01-30,1808.510009765625,5167.60009765625,920.5999755859375,39.34700012207031
2008-01-31,1841.4200439453125,5137.4501953125,922.7000122070312,39.31399917602539
2008-02-01,1855.27001953125,5317.25,908.7000122070312,39.27299880981445
2008-02-04,1828.800048828125,5463.5,904.9000244140625,39.27199935913086
2008-02-05,1773.489990234375,5483.89990234375,885.9000244140625,39.45100021362305
2008-02-06,1740.949951171875,5322.5498046875,900.7000122070312,39.5359992980957
2008-02-07,1753.300048828125,5133.25,906.0999755859375,39.45899963378906
2008-02-08,1773.739990234375,5120.35009765625,918.4000244140625,39.53499984741211
2008-02-11,1793.0899658203125,4857.0,922.9000244140625,39.5260009765625
2008-02-12,1780.5400390625,4838.25,907.4000244140625,39.57500076293945
2008-02-13,1823.0,4929.4501953125,906.5,39.63399887084961
2008-02-14,1787.5899658203125,5202.0,907.4000244140625,39.57600021362305
2008-02-15,1780.3800048828125,5302.89990234375,902.7999877929688,39.584999084472656
2008-02-18,,5276.89990234375,,39.63600158691406
2008-02-19,1764.81005859375,5280.7998046875,926.5999755859375,39.685001373291016
2008-02-20,1787.449951171875,5154.4501953125,934.5999755859375,40.13399887084961
2008-02-21,1766.300048828125,5191.7998046875,946.0999755859375,39.915000915527344
2008-02-22,1773.43994140625,5110.75,944.7000122070312,39.974998474121094
2008-02-25,1785.4599609375,5200.7001953125,937.5999755859375,39.91299819946289
2008-02-26,1791.31005859375,5270.0498046875,946.0999755859375,39.814998626708984
2008-02-27,1799.93994140625,5268.39990234375,958.2000122070312,39.689998626708984
2008-02-28,1794.4599609375,5285.10009765625,964.5,39.816001892089844
2008-02-29,1745.27001953125,5223.5,972.0999755859375,39.90999984741211
2008-03-03,1733.27001953125,4953.0,981.5,40.25400161743164
2008-03-04,1743.699951171875,4864.25,963.9000244140625,40.20899963378906
2008-03-05,1753.5699462890625,4921.39990234375,986.2000122070312,40.17399978637695
2008-03-06,1712.5,,975.0,40.04399871826172
2008-03-07,1707.5,4771.60009765625,972.2000122070312,40.23899841308594
2008-03-10,1673.030029296875,4800.39990234375,969.9000244140625,40.31399917602539
2008-03-11,1740.949951171875,4865.89990234375,974.2000122070312,40.17499923706055
2008-03-12,1735.1800537109375,4872.0,978.7999877929688,39.979000091552734
2008-03-13,1750.4000244140625,4623.60009765625,992.2999877929688,40.124000549316406
2008-03-14,1713.8299560546875,4745.7998046875,998.2000122070312,40.07500076293945
2008-03-17,1687.18994140625,4503.10009765625,1001.4000244140625,40.374000549316406
2008-03-18,1761.050048828125,4533.0,1003.2000122070312,40.15399932861328
2008-03-19,1715.5899658203125,4573.9501953125,944.7000122070312,40.132999420166016
2008-03-20,1751.989990234375,,919.5999755859375,40.275001525878906
2008-03-21,,,,40.185001373291016
2008-03-24,1814.4000244140625,4609.85009765625,918.2999877929688,40.185001373291016
2008-03-25,1824.5400390625,4877.5,934.5999755859375,40.051998138427734
2008-03-26,1817.280029296875,4828.85009765625,949.0,40.05699920654297
2008-03-27,1777.8900146484375,4830.25,948.7999877929688,39.94499969482422
2008-03-28,1767.5699462890625,4942.0,930.5999755859375,39.6150016784668
2008-03-30,,,,39.888999938964844
2008-03-31,1781.9300537109375,4734.5,916.2000122070312,
2008-04-01,1855.47998046875,4739.5498046875,882.9000244140625,39.91999816894531
2008-04-02,1848.800048828125,4754.2001953125,895.2000122070312,39.88399887084961
2008-04-03,1855.18994140625,4771.60009765625,905.0,39.80500030517578
2008-04-04,1865.8699951171875,4647.0,909.0,
2008-04-06,,,,39.87300109863281
2008-04-07,1860.8299560546875,4761.2001953125,922.7000122070312,39.82899856567383
2008-04-08,1846.1400146484375,4709.64990234375,914.0,39.81700134277344
2008-04-09,1826.18994140625,4747.0498046875,933.5999755859375,39.88999938964844
2008-04-10,1852.969970703125,4733.0,928.2999877929688,39.775001525878906
2008-04-11,1798.719970703125,4777.7998046875,923.5999755859375,
2008-04-13,,,,39.86899948120117
2008-04-14,1790.9300537109375,,925.4000244140625,39.86399841308594
2008-04-15,1794.72998046875,4879.64990234375,928.7000122070312,39.82899856567383
2008-04-16,1846.8900146484375,4887.2998046875,945.0999755859375,39.87200164794922
2008-04-17,1840.8800048828125,4958.39990234375,939.7999877929688,39.65399932861328
2008-04-18,1900.280029296875,,912.2000122070312,
2008-04-20,,,,39.81700134277344
2008-04-21,1913.1199951171875,5037.0,914.7000122070312,39.827999114990234
2008-04-22,1881.6500244140625,5049.2998046875,922.2999877929688,39.86000061035156
2008-04-23,1906.6600341796875,5022.7998046875,906.2000122070312,40.03499984741211
2008-04-24,1924.5799560546875,4999.85009765625,886.7999877929688,40.064998626708984
2008-04-25,1918.5799560546875,5111.7001953125,887.2000122070312,
2008-04-27,,,,40.03099822998047
2008-04-28,1923.260009765625,5089.64990234375,892.9000244140625,40.29999923706055
2008-04-29,1933.5999755859375,5195.5,874.2000122070312,40.38600158691406
2008-04-30,1917.699951171875,5165.89990234375,862.7999877929688,
2008-05-01,1980.43994140625,,848.9000244140625,40.48500061035156
2008-05-02,1981.8699951171875,5228.2001953125,856.0999755859375,
2008-05-04,,,,40.52000045776367
2008-05-05,1975.8199462890625,5192.25,872.2999877929688,40.67300033569336
2008-05-06,1990.6099853515625,5144.64990234375,876.0,41.316001892089844
2008-05-07,1951.4200439453125,5135.5,869.5999755859375,41.70000076293945
2008-05-08,1966.8599853515625,5081.7001953125,880.5999755859375,41.4119987487793
2008-05-09,1960.2900390625,4982.60009765625,884.5,
2008-05-11,,,,41.83100128173828
2008-05-12,1997.02001953125,5012.64990234375,883.7000122070312,41.9739990234375
2008-05-13,2000.6099853515625,4957.7998046875,868.5,42.3650016784668
2008-05-14,1997.300048828125,5011.75,865.4000244140625,42.36899948120117
2008-05-15,2031.3399658203125,5115.25,879.0,42.36600112915039
2008-05-16,2031.27001953125,5157.7001953125,899.0,
2008-05-18,,,,42.35100173950195
2008-05-19,2016.5999755859375,,905.0,42.611000061035156
2008-05-20,2000.6700439453125,5104.9501953125,919.5,42.619998931884766
2008-05-21,1956.800048828125,5117.64990234375,928.0,43.077999114990234
2008-05-22,1964.9200439453125,5025.4501953125,917.9000244140625,42.61000061035156
2008-05-23,1958.9599609375,4946.5498046875,925.5999755859375,
2008-05-25,,,,42.54499816894531
2008-05-26,,4875.0498046875,,42.81100082397461
2008-05-27,1995.43994140625,4859.7998046875,907.7000122070312,42.77199935913086
2008-05-28,2000.0699462890625,4918.35009765625,900.5,42.67599868774414
2008-05-29,2019.02001953125,4835.2998046875,877.2000122070312,42.53099822998047
2008-05-30,2032.5699462890625,4870.10009765625,887.2999877929688,
2008-06-01,,,,42.189998626708984
2008-06-02,2006.8399658203125,4739.60009765625,892.9000244140625,42.242000579833984
2008-06-03,1996.7900390625,4715.89990234375,881.5999755859375,42.512001037597656
2008-06-04,2021.449951171875,4585.60009765625,879.9000244140625,42.792999267578125
2008-06-05,2055.110107421875,4676.9501953125,871.7999877929688,42.715999603271484
2008-06-06,1990.3900146484375,4627.7998046875,895.4000244140625,
2008-06-08,,,,42.808998107910156
2008-06-09,1979.7099609375,4500.9501953125,894.7000122070312,42.83000183105469
2008-06-10,1972.5400390625,4449.7998046875,867.9000244140625,42.59299850463867
2008-06-11,1924.3299560546875,4523.60009765625,879.7000122070312,42.749000549316406
2008-06-12,1924.260009765625,4539.35009765625,869.2000122070312,42.83100128173828
2008-06-13,1966.010009765625,4517.10009765625,870.2999877929688,
2008-06-15,,,,42.81399917602539
2008-06-16,1984.760009765625,4572.5,883.5999755859375,42.71200180053711
2008-06-17,1972.8199462890625,4653.0,884.2999877929688,42.84199905395508
2008-06-18,1951.0999755859375,4582.39990234375,890.9000244140625,42.854000091552734
2008-06-19,1982.68994140625,4504.25,901.7000122070312,42.79999923706055
2008-06-20,1928.3900146484375,4347.5498046875,901.2999877929688,
2008-06-22,,,,42.89500045776367
2008-06-23,1913.31005859375,4266.39990234375,884.7999877929688,42.847999572753906
2008-06-24,1903.739990234375,4191.10009765625,889.2000122070312,42.68899917602539
2008-06-25,1933.8599853515625,4252.64990234375,880.0,42.652000427246094
2008-06-26,1855.3900146484375,4315.85009765625,913.0999755859375,42.71500015258789
2008-06-27,1855.719970703125,4136.64990234375,929.2999877929688,
2008-06-29,,,,42.85200119018555
2008-06-30,1837.0899658203125,4040.550048828125,926.2000122070312,
2008-07-01,1862.7099609375,3896.75,942.5,43.11399841308594
2008-07-02,1816.1500244140625,4093.35009765625,944.7999877929688,43.196998596191406
2008-07-03,1816.3499755859375,3925.75,931.9000244140625,43.084999084472656
2008-07-04,,4016.0,,
2008-07-06,,,,43.1510009765625
2008-07-07,1826.9300537109375,4030.0,927.2999877929688,43.29199981689453
2008-07-08,1871.280029296875,3988.550048828125,921.9000244140625,43.073001861572266
2008-07-09,1819.1800537109375,4157.10009765625,927.2999877929688,43.09199905395508
2008-07-10,1839.5699462890625,4162.2001953125,940.9000244140625,42.832000732421875
2008-07-11,1810.8800048828125,4049.0,959.5,
2008-07-13,,,,42.676998138427734
2008-07-14,1798.030029296875,4039.699951171875,972.7000122070312,43.111000061035156
2008-07-15,1798.3499755859375,3861.10009765625,977.7000122070312,43.09199905395508
2008-07-16,1843.8699951171875,3816.699951171875,961.7999877929688,42.73099899291992
2008-07-17,1853.469970703125,3947.199951171875,970.0,42.715999603271484
2008-07-18,1823.22998046875,4092.25,957.2999877929688,
2008-07-20,,,,42.65299987792969
2008-07-21,1819.760009765625,4159.5,963.0999755859375,42.65299987792969
2008-07-22,1821.6199951171875,4240.10009765625,948.0,41.99700164794922
2008-07-23,1845.56005859375,4476.7998046875,922.4000244140625,41.99599838256836
2008-07-24,1816.97998046875,4433.5498046875,922.0,42.27799987792969
2008-07-25,1846.550048828125,4311.85009765625,926.5999755859375,
2008-07-27,,,,42.19200134277344
2008-07-28,1802.989990234375,4332.10009765625,927.5999755859375,42.51599884033203
2008-07-29,1845.550048828125,4189.85009765625,916.4000244140625,42.4109992980957
2008-07-30,1852.800048828125,4313.5498046875,902.9000244140625,42.433998107910156
2008-07-31,1849.1500244140625,4332.9501953125,913.9000244140625,
2008-08-01,1826.56005859375,4413.5498046875,909.0,
2008-08-04,1804.8399658203125,4395.35009765625,900.0999755859375,
2008-08-05,1869.760009765625,4502.85009765625,878.5999755859375,
2008-08-06,1895.2099609375,4517.5498046875,875.5999755859375,
2008-08-07,1880.0899658203125,4523.85009765625,870.7000122070312,
2008-08-08,1926.22998046875,4529.5,857.7999877929688,
2008-08-11,1941.22998046875,4620.39990234375,821.5,
2008-08-12,1941.0699462890625,4552.25,808.2000122070312,
2008-08-13,1942.02001953125,4529.0498046875,825.0,
2008-08-14,1964.3800048828125,4430.7001953125,808.2000122070312,
2008-08-15,1957.56005859375,,786.0,
2008-08-18,1932.699951171875,4393.0498046875,799.7000122070312,
2008-08-19,1908.6800537109375,4368.25,811.0999755859375,
2008-08-20,1913.02001953125,4415.75,810.2999877929688,
2008-08-21,1906.739990234375,4283.85009765625,833.0,
2008-08-22,1931.469970703125,4327.4501953125,827.4000244140625,
2008-08-25,1889.719970703125,4335.35009765625,819.7999877929688,43.67499923706055
2008-08-26,1886.3199462890625,4337.5,822.2000122070312,43.65399932861328
2008-08-27,1900.300048828125,4292.10009765625,828.0999755859375,43.650001525878906
2008-08-28,1915.1199951171875,4214.0,830.9000244140625,43.625
2008-08-29,1872.5400390625,4360.0,829.2999877929688,
2008-08-31,,,,43.9739990234375
2008-09-01,,4348.64990234375,,44.25699996948242
2008-09-02,1850.1400146484375,4504.0,805.0,43.893001556396484
2008-09-03,1833.0899658203125,,802.7000122070312,44.38800048828125
2008-09-04,1774.780029296875,4447.75,797.9000244140625,44.573001861572266
2008-09-05,1768.22998046875,4352.2998046875,797.5999755859375,
2008-09-07,,,,44.17599868774414
2008-09-08,1762.949951171875,4482.2998046875,797.5,44.7859992980957
2008-09-09,1721.550048828125,4468.7001953125,787.0999755859375,45.058998107910156
2008-09-10,1738.0699462890625,4400.25,757.9000244140625,45.38999938964844
2008-09-11,1773.6500244140625,4290.2998046875,741.2999877929688,45.611000061035156
2008-09-12,1767.1300048828125,4228.4501953125,760.2999877929688,
2008-09-14,,,,45.83000183105469
2008-09-15,1705.4599609375,4072.89990234375,783.0999755859375,46.689998626708984
2008-09-16,1724.0799560546875,4074.89990234375,776.5,46.08700180053711
2008-09-17,1632.449951171875,4008.25,846.5999755859375,46.52899932861328
2008-09-18,1697.4200439453125,4038.14990234375,892.7000122070312,45.70500183105469
2008-09-19,1745.06005859375,4245.25,860.5999755859375,
2008-09-21,,,,45.24399948120117
2008-09-22,1665.93994140625,4223.0498046875,903.9000244140625,45.77199935913086
2008-09-23,1648.4000244140625,4126.89990234375,885.5,45.89500045776367
2008-09-24,1661.3299560546875,4161.25,889.0,46.16999816894531
2008-09-25,1687.550048828125,4110.5498046875,877.7000122070312,46.49800109863281
2008-09-26,1672.0400390625,3985.25,882.9000244140625,
2008-09-28,,,,46.49300003051758
2008-09-29,1496.1500244140625,3850.050048828125,888.2000122070312,46.60100173950195
2008-09-30,1594.6300048828125,3921.199951171875,874.2000122070312,46.56700134277344
2008-10-01,1563.800048828125,3950.75,880.7000122070312,46.39899826049805
2008-10-02,1491.1099853515625,,839.0,46.972999572753906
2008-10-03,1470.8399658203125,3818.300048828125,828.9000244140625,
2008-10-05,,,,47.564998626708984
2008-10-06,1411.280029296875,3602.35009765625,862.7000122070312,47.71799850463867
2008-10-07,1329.97998046875,3606.60009765625,878.4000244140625,47.95000076293945
2008-10-08,1330.6099853515625,3513.64990234375,903.0999755859375,47.5880012512207
2008-10-09,1275.0999755859375,,883.0999755859375,48.42300033569336
2008-10-10,1269.800048828125,3279.949951171875,855.4000244140625,
2008-10-12,,,,48.13600158691406
2008-10-13,1429.5400390625,3490.699951171875,838.9000244140625,47.99800109863281
2008-10-14,1364.5899658203125,3518.64990234375,836.2999877929688,48.404998779296875
2008-10-15,1244.22998046875,3338.39990234375,835.5,48.65299987792969
2008-10-16,1312.969970703125,3269.300048828125,801.5,48.823001861572266
2008-10-17,1311.719970703125,3074.35009765625,785.0999755859375,
2008-10-19,,,,48.694000244140625
2008-10-20,1352.760009765625,3122.800048828125,787.5999755859375,48.89699935913086
2008-10-21,1283.4300537109375,3234.89990234375,766.0999755859375,49.20800018310547
2008-10-22,1237.0899658203125,3065.14990234375,733.2999877929688,49.584999084472656
2008-10-23,1239.1600341796875,2943.14990234375,713.2999877929688,49.755001068115234
2008-10-24,1202.27001953125,2584.0,729.0999755859375,
2008-10-27,1169.780029296875,2524.199951171875,741.7000122070312,49.720001220703125
2008-10-28,1297.5699462890625,,739.2999877929688,49.16600036621094
2008-10-29,1302.1199951171875,2697.050048828125,752.7999877929688,49.48099899291992
2008-10-30,1333.93994140625,,737.2000122070312,49.37099838256836
2008-10-31,1334.780029296875,2885.60009765625,716.7999877929688,49.40299987792969
2008-11-03,1334.75,3043.85009765625,725.4000244140625,48.37300109863281
2008-11-04,1378.4000244140625,3142.10009765625,756.0,47.65399932861328
2008-11-05,1299.97998046875,2994.949951171875,741.2999877929688,47.229000091552734
2008-11-06,1241.969970703125,2892.64990234375,731.2000122070312,47.47600173950195
2008-11-07,1271.6199951171875,2973.0,733.2000122070312,47.55500030517578
2008-11-10,1251.0,3148.25,745.5999755859375,47.29199981689453
2008-11-11,1225.5899658203125,2938.64990234375,732.0,47.888999938964844
2008-11-12,1165.3800048828125,2848.449951171875,717.7000122070312,49.28499984741211
2008-11-13,1240.9300537109375,,704.9000244140625,48.994998931884766
2008-11-14,1179.6300048828125,2810.35009765625,742.4000244140625,48.78300094604492
2008-11-17,1151.9599609375,2799.550048828125,741.9000244140625,48.7859992980957
2008-11-18,1155.75,2683.14990234375,732.5999755859375,49.582000732421875
2008-11-19,1087.5999755859375,2635.0,735.9000244140625,49.652000427246094
2008-11-20,1036.510009765625,2553.14990234375,748.5999755859375,50.4010009765625
2008-11-21,1085.5699462890625,2693.449951171875,791.7000122070312,49.54800033569336
2008-11-24,1154.3399658203125,2708.25,819.4000244140625,49.79399871826172
2008-11-25,1142.5799560546875,2654.0,818.4000244140625,49.58300018310547
2008-11-26,1193.0899658203125,2752.25,808.5,49.28900146484375
2008-11-27,,,,48.99399948120117
2008-11-28,1185.75,2755.10009765625,816.2000122070312,49.869998931884766
2008-12-01,1091.1600341796875,2682.89990234375,774.5999755859375,50.1879997253418
2008-12-02,1130.0,2657.800048828125,781.2999877929688,50.090999603271484
2008-12-03,1166.199951171875,2656.449951171875,768.7999877929688,49.847999572753906
2008-12-04,1127.75,2788.0,763.7999877929688,49.57600021362305
2008-12-05,1177.8699951171875,2714.39990234375,750.5,49.5629997253418
2008-12-08,1225.06005859375,2784.0,767.4000244140625,49.42100143432617
2008-12-09,1212.449951171875,,772.4000244140625,48.891998291015625
2008-12-10,1222.3800048828125,2928.25,807.0999755859375,48.972999572753906
2008-12-11,1180.4599609375,2920.14990234375,824.9000244140625,48.38999938964844
2008-12-12,1206.6500244140625,2921.35009765625,818.9000244140625,48.233001708984375
2008-12-15,1181.8699951171875,2981.199951171875,835.4000244140625,47.48699951171875
2008-12-16,1243.489990234375,3041.75,841.7000122070312,47.768001556396484
2008-12-17,1225.8599853515625,2954.35009765625,867.5,47.57099914550781
2008-12-18,1204.68994140625,3060.75,859.5999755859375,46.64699935913086
2008-12-19,1217.18994140625,3077.5,836.4000244140625,47.03799819946289
2008-12-22,1189.1500244140625,3039.300048828125,846.2000122070312,47.93299865722656
2008-12-23,1183.18994140625,2968.64990234375,837.2000122070312,48.630001068115234
2008-12-24,1184.300048828125,2916.85009765625,847.0999755859375,48.071998596191406
2008-12-25,,,,48.68299865722656
2008-12-26,1185.43994140625,2857.25,870.4000244140625,48.68299865722656
2008-12-29,1173.1500244140625,2922.199951171875,874.5999755859375,48.016998291015625
2008-12-30,1201.3399658203125,2979.5,869.2999877929688,48.45000076293945
2008-12-31,1211.6500244140625,2959.14990234375,883.5999755859375,48.064998626708984
2009-01-01,,,,48.064998626708984
2009-01-02,1263.699951171875,3046.75,878.7999877929688,48.244998931884766
2009-01-05,1262.52001953125,3121.449951171875,857.2000122070312,48.229000091552734
2009-01-06,1274.489990234375,3112.800048828125,865.4000244140625,48.505001068115234
2009-01-07,1238.5999755859375,2920.39990234375,841.0999755859375,48.55099868774414
2009-01-08,1252.52001953125,,853.9000244140625,48.3650016784668
2009-01-09,1223.010009765625,2873.0,854.2999877929688,48.46799850463867
2009-01-12,1201.1300048828125,2773.10009765625,820.2999877929688,48.492000579833984
2009-01-13,1202.6500244140625,2744.949951171875,820.0999755859375,48.869998931884766
2009-01-14,1163.4200439453125,2835.300048828125,808.2000122070312,48.650001525878906
2009-01-15,1183.52001953125,2736.699951171875,806.7000122070312,48.66999816894531
2009-01-16,1198.1400146484375,2828.449951171875,839.2999877929688,48.643001556396484
2009-01-19,,2846.199951171875,,48.53900146484375
2009-01-20,1136.6099853515625,2796.60009765625,854.5999755859375,48.909000396728516
2009-01-21,1185.760009765625,2706.14990234375,849.5999755859375,49.132999420166016
2009-01-22,1168.0799560546875,2713.800048828125,858.2000122070312,49.08100128173828
2009-01-23,1175.8900146484375,2678.550048828125,895.2999877929688,49.018001556396484
2009-01-26,1184.56005859375,,908.5,48.46900177001953
2009-01-27,1194.4100341796875,2771.35009765625,899.2000122070312,48.79100036621094
2009-01-28,1235.9100341796875,2849.5,888.0999755859375,48.79199981689453
2009-01-29,1203.8499755859375,2823.949951171875,905.0999755859375,48.87300109863281
2009-01-30,1180.25,2874.800048828125,927.2999877929688,48.733001708984375
2009-02-02,1195.75,2766.64990234375,906.7000122070312,48.92499923706055
2009-02-03,1215.6600341796875,2783.89990234375,892.0,48.736000061035156
2009-02-04,1215.4300537109375,2803.050048828125,901.5999755859375,48.55099868774414
2009-02-05,1245.1099853515625,2780.050048828125,913.5999755859375,48.71500015258789
2009-02-06,1277.489990234375,2843.10009765625,913.9000244140625,48.09000015258789
2009-02-09,1281.6500244140625,2919.89990234375,892.4000244140625,48.5359992980957
2009-02-10,1229.2900390625,2934.5,913.7000122070312,48.59199905395508
2009-02-11,1227.050048828125,2925.699951171875,943.7999877929688,48.608001708984375
2009-02-12,1242.81005859375,2893.050048828125,948.5,48.74700164794922
2009-02-13,1236.8499755859375,2948.35009765625,941.5,48.7599983215332
2009-02-16,,2848.5,,48.71799850463867
2009-02-17,1187.0400390625,2770.5,967.0,49.45000076293945
2009-02-18,1188.77001953125,2776.14990234375,977.7000122070312,49.89500045776367
2009-02-19,1167.8900146484375,2789.35009765625,976.0999755859375,49.599998474121094
2009-02-20,1172.7099609375,2736.449951171875,1001.7999877929688,49.06800079345703
2009-02-23,1128.969970703125,,994.5999755859375,49.301998138427734
2009-02-24,1171.449951171875,2733.89990234375,969.0999755859375,49.77399826049805
2009-02-25,1160.8299560546875,2762.5,965.7000122070312,49.75199890136719
2009-02-26,1127.0999755859375,2785.64990234375,941.7999877929688,50.19200134277344
2009-02-27,1116.989990234375,2763.64990234375,941.5,50.650001525878906
2009-03-02,1076.6700439453125,2674.60009765625,939.0,51.54600143432617
2009-03-03,1080.6700439453125,2622.39990234375,912.9000244140625,51.888999938964844
2009-03-04,1110.300048828125,2645.199951171875,906.0,51.43199920654297
2009-03-05,1074.52001953125,2576.699951171875,927.0,51.69300079345703
2009-03-06,1064.699951171875,2620.14990234375,942.0999755859375,51.56399917602539
2009-03-09,1043.8699951171875,2573.14990234375,917.7000122070312,51.7869987487793
2009-03-10,1112.43994140625,,895.5999755859375,51.52399826049805
2009-03-11,1125.949951171875,,910.4000244140625,51.08599853515625
2009-03-12,1164.7099609375,2617.449951171875,923.7000122070312,51.62699890136719
2009-03-13,1168.52001953125,2719.25,929.7999877929688,51.48899841308594
2009-03-16,1145.449951171875,2777.25,921.5999755859375,51.28900146484375
2009-03-17,1192.1700439453125,2757.449951171875,916.4000244140625,51.29499816894531
2009-03-18,1206.9599609375,2794.699951171875,888.7000122070312,51.22999954223633
2009-03-19,1204.2099609375,2807.14990234375,958.2999877929688,50.31399917602539
2009-03-20,1187.1800537109375,2807.050048828125,955.7999877929688,50.5880012512207
2009-03-23,1259.81005859375,2939.89990234375,952.0999755859375,50.30400085449219
2009-03-24,1234.3399658203125,2938.699951171875,923.2999877929688,50.327999114990234
2009-03-25,1236.6600341796875,2984.35009765625,935.4000244140625,50.39699935913086
2009-03-26,1281.300048828125,3082.25,939.5999755859375,50.34600067138672
2009-03-27,1251.469970703125,3108.64990234375,923.0,50.92499923706055
2009-03-29,,,,50.96900177001953
2009-03-30,1220.81005859375,2978.14990234375,915.5,50.784000396728516
2009-03-31,1237.010009765625,3020.949951171875,922.5999755859375,50.542999267578125
2009-04-01,1252.510009765625,3060.35009765625,926.0999755859375,50.24100112915039
2009-04-02,1294.300048828125,3211.050048828125,907.4000244140625,49.847999572753906
2009-04-03,1316.1600341796875,,895.5999755859375,
2009-04-05,,,,49.9119987487793
2009-04-06,1313.0999755859375,3256.60009765625,871.5,49.847999572753906
2009-04-07,1275.4200439453125,,882.2000122070312,50.09000015258789
2009-04-08,1300.75,3342.949951171875,884.7999877929688,49.83000183105469
2009-04-09,1340.280029296875,3342.050048828125,882.2000122070312,49.62799835205078
2009-04-12,,,,49.7400016784668
2009-04-13,1336.6700439453125,3382.60009765625,894.7000122070312,49.733001708984375
2009-04-14,1322.31005859375,,890.9000244140625,49.59700012207031
2009-04-15,1316.510009765625,3484.14990234375,892.7999877929688,49.755001068115234
2009-04-16,1352.97998046875,3369.5,879.2999877929688,49.63199996948242
2009-04-17,1353.9200439453125,3384.39990234375,867.4000244140625,
2009-04-19,,,,50.053001403808594
2009-04-20,1309.3699951171875,3377.10009765625,887.0,50.266998291015625
2009-04-21,1329.06005859375,3365.300048828125,882.0999755859375,50.290000915527344
2009-04-22,1335.719970703125,3330.300048828125,891.7999877929688,49.849998474121094
2009-04-23,1344.4100341796875,3423.699951171875,905.9000244140625,49.60900115966797
2009-04-24,1373.280029296875,3480.75,913.5999755859375,
2009-04-26,,,,50.08599853515625
2009-04-27,1369.93994140625,3470.0,907.4000244140625,50.43600082397461
2009-04-28,1361.9200439453125,3362.35009765625,892.7999877929688,49.87099838256836
2009-04-29,1382.3800048828125,3473.949951171875,899.7999877929688,49.1879997253418
2009-04-30,1394.3299560546875,,890.7000122070312,49.19200134277344
2009-05-01,1396.6199951171875,,887.5999755859375,
2009-05-03,,,,49.61000061035156
2009-05-04,1427.9599609375,3654.0,901.5999755859375,49.31100082397461
2009-05-05,1423.81005859375,3661.89990234375,903.7000122070312,49.30799865722656
2009-05-06,1423.8499755859375,3625.050048828125,910.5,49.189998626708984
2009-05-07,1389.8299560546875,3683.89990234375,915.0,49.150001525878906
2009-05-08,1394.1600341796875,3620.699951171875,914.4000244140625,
2009-05-10,,,,49.292999267578125
2009-05-11,1395.7900390625,3554.60009765625,913.0,49.27299880981445
2009-05-12,1377.4000244140625,3681.10009765625,923.5,49.53099822998047
2009-05-13,1339.8299560546875,3635.25,925.5,49.755001068115234
2009-05-14,1359.6700439453125,3593.449951171875,928.0,49.4119987487793
2009-05-15,1355.1099853515625,3671.64990234375,930.9000244140625,
2009-05-17,,,,47.5880012512207
2009-05-18,1392.72998046875,4323.14990234375,921.2999877929688,47.43000030517578
2009-05-19,1398.050048828125,4318.4501953125,926.2999877929688,47.22800064086914
2009-05-20,1393.719970703125,4270.2998046875,937.0,47.23099899291992
2009-05-21,1367.3900146484375,4210.89990234375,950.7999877929688,47.14500045776367
2009-05-22,1363.1700439453125,4238.5,958.5,
2009-05-24,,,,47.27799987792969
2009-05-25,,4237.5498046875,,47.525001525878906
2009-05-26,1412.6099853515625,4116.7001953125,953.0999755859375,47.50899887084961
2009-05-27,1401.8800048828125,4276.0498046875,953.2000122070312,47.51499938964844
2009-05-28,1420.31005859375,4337.10009765625,961.5,46.96900177001953
2009-05-29,1435.5699462890625,4448.9501953125,978.7999877929688,
2009-05-31,,,,46.9010009765625
2009-06-01,1477.1199951171875,4529.89990234375,978.5999755859375,46.930999755859375
2009-06-02,1480.31005859375,4525.25,983.2000122070312,46.89099884033203
2009-06-03,1475.43994140625,4530.7001953125,964.5,47.130001068115234
2009-06-04,1492.739990234375,4572.64990234375,981.2000122070312,46.96699905395508
2009-06-05,1493.2099609375,4586.89990234375,961.7000122070312,
2009-06-07,,,,47.31700134277344
2009-06-08,1488.489990234375,4429.89990234375,951.7000122070312,47.25299835205078
2009-06-09,1501.550048828125,4550.9501953125,954.0,47.150001525878906
2009-06-10,1495.27001953125,4655.25,954.0,47.3650016784668
2009-06-11,1497.010009765625,4637.7001953125,961.2999877929688,47.308998107910156
2009-06-12,1489.969970703125,4583.39990234375,940.0999755859375,
2009-06-14,,,,47.8120002746582
2009-06-15,1456.9599609375,4484.0,926.9000244140625,47.69499969482422
2009-06-16,1443.25,4517.7998046875,931.5999755859375,47.994998931884766
2009-06-17,1455.8900146484375,4356.14990234375,935.4000244140625,47.95800018310547
2009-06-18,1453.800048828125,4251.39990234375,934.0,48.108001708984375
2009-06-19,1471.22998046875,4313.60009765625,935.5999755859375,
2009-06-21,,,,48.268001556396484
2009-06-22,1426.6099853515625,4235.25,920.5999755859375,48.59199905395508
2009-06-23,1424.4599609375,4247.0,923.9000244140625,48.35100173950195
2009-06-24,1447.06005859375,4292.9501953125,934.0999755859375,48.51100158691406
2009-06-25,1475.8199462890625,4241.85009765625,939.0999755859375,48.0359992980957
2009-06-26,1480.199951171875,4375.5,940.7000122070312,
2009-06-28,,,,48.02899932861328
2009-06-29,1483.8299560546875,4390.9501953125,940.4000244140625,47.80099868774414
2009-06-30,1477.25,4291.10009765625,927.0999755859375,47.85200119018555
2009-07-01,1481.3399658203125,4340.89990234375,941.0,47.85900115966797
2009-07-02,1446.280029296875,4348.85009765625,930.7000122070312,47.869998931884766
2009-07-03,,4424.25,,
2009-07-05,,,,48.43899917602539
2009-07-06,1441.010009765625,4165.7001953125,924.0,48.111000061035156
2009-07-07,1404.780029296875,4202.14990234375,928.7999877929688,48.83700180053711
2009-07-08,1411.530029296875,4078.89990234375,909.0,48.69300079345703
2009-07-09,1414.97998046875,4080.949951171875,915.9000244140625,48.87099838256836
2009-07-10,1419.8399658203125,4003.89990234375,912.2000122070312,
2009-07-12,,,,49.32500076293945
2009-07-13,1447.699951171875,3974.050048828125,922.2000122070312,48.74800109863281
2009-07-14,1452.8399658203125,4111.39990234375,922.5,48.28900146484375
2009-07-15,1500.97998046875,4233.5,939.0999755859375,48.47100067138672
2009-07-16,1518.8699951171875,4231.39990234375,935.0999755859375,48.63600158691406
2009-07-17,1527.260009765625,4374.9501953125,937.2000122070312,
2009-07-19,,,,48.16899871826172
2009-07-20,1544.0,4502.25,948.5,48.354000091552734
2009-07-21,1553.010009765625,4469.10009765625,946.5999755859375,48.44499969482422
2009-07-22,1565.0,4398.89990234375,953.0,48.37300109863281
2009-07-23,1601.52001953125,4523.75,954.5,48.130001068115234
2009-07-24,1599.06005859375,4568.5498046875,952.7999877929688,
2009-07-26,,,,48.09199905395508
2009-07-27,1599.31005859375,4572.2998046875,953.2999877929688,48.132999420166016
2009-07-28,1605.469970703125,4564.10009765625,939.0,48.391998291015625
2009-07-29,1599.6099853515625,4513.5,927.2000122070312,48.275001525878906
2009-07-30,1609.8699951171875,4571.4501953125,934.9000244140625,47.625999450683594
2009-07-31,1603.3599853515625,4636.4501953125,953.7000122070312,
2009-08-02,,,,47.61600112915039
2009-08-03,1628.1199951171875,4711.39990234375,956.5999755859375,47.470001220703125
2009-08-04,1628.489990234375,4680.5,967.5,47.56999969482422
2009-08-05,1614.43994140625,4694.14990234375,964.2000122070312,47.61399841308594
2009-08-06,1600.2900390625,4585.5,960.7000122070312,47.86899948120117
2009-08-07,1619.489990234375,4481.39990234375,957.2999877929688,
2009-08-09,,,,47.707000732421875
2009-08-10,1610.4300537109375,4437.64990234375,945.0,47.91400146484375
2009-08-11,1594.68994140625,4471.35009765625,945.7999877929688,48.2869987487793
2009-08-12,1619.5899658203125,4457.5,950.7000122070312,48.05400085449219
2009-08-13,1628.6500244140625,4605.0,954.7000122070312,48.209999084472656
2009-08-14,1611.5799560546875,4580.0498046875,947.0,
2009-08-16,,,,48.57099914550781
2009-08-17,1564.8900146484375,4387.89990234375,934.2999877929688,48.68899917602539
2009-08-18,1586.5,4458.89990234375,937.7000122070312,48.67100143432617
2009-08-19,1596.6099853515625,4394.10009765625,943.2999877929688,48.61600112915039
2009-08-20,1614.219970703125,4453.4501953125,940.2999877929688,48.43299865722656
2009-08-21,1637.780029296875,4528.7998046875,953.2000122070312,
2009-08-23,,,,48.409000396728516
2009-08-24,1634.780029296875,4642.7998046875,942.2999877929688,48.67300033569336
2009-08-25,1639.9000244140625,4659.35009765625,944.5,48.77399826049805
2009-08-26,1637.0,4680.85009765625,944.2999877929688,48.888999938964844
2009-08-27,1640.969970703125,4688.2001953125,945.5,48.52799987792969
2009-08-28,1643.239990234375,4732.35009765625,957.0,
2009-08-30,,,,48.75
2009-08-31,1625.18994140625,4662.10009765625,951.7000122070312,48.80799865722656
2009-09-01,1595.8399658203125,4625.35009765625,954.7000122070312,48.891998291015625
2009-09-02,1594.280029296875,4608.35009765625,976.5999755859375,48.83300018310547
2009-09-03,1605.97998046875,4593.5498046875,995.7999877929688,48.81800079345703
2009-09-04,1638.0699462890625,4680.39990234375,994.9000244140625,
2009-09-06,,,,48.56800079345703
2009-09-07,,4782.89990234375,,48.45000076293945
2009-09-08,1654.81005859375,4805.25,997.9000244140625,48.439998626708984
2009-09-09,1669.22998046875,4814.25,995.2999877929688,48.57400131225586
2009-09-10,1686.1600341796875,4819.39990234375,995.4000244140625,48.39400100708008
2009-09-11,1685.4599609375,4829.5498046875,1004.9000244140625,
2009-09-13,,,,48.63600158691406
2009-09-14,1693.760009765625,4808.60009765625,999.9000244140625,48.47100067138672
2009-09-15,1699.530029296875,4892.10009765625,1005.0,48.145999908447266
2009-09-16,1723.72998046875,4958.39990234375,1018.9000244140625,48.02000045776367
2009-09-17,1721.0899658203125,4965.5498046875,1012.2999877929688,48.03799819946289
2009-09-18,1725.239990234375,4976.0498046875,1009.2000122070312,
2009-09-20,,,,47.9900016784668
2009-09-21,1731.5799560546875,,1003.7000122070312,48.053001403808594
2009-09-22,1734.0899658203125,5020.2001953125,1014.2000122070312,47.95100021362305
2009-09-23,1724.27001953125,4969.9501953125,1013.0,47.90800094604492
2009-09-24,1709.760009765625,4986.5498046875,997.5,47.9379997253418
2009-09-25,1694.1500244140625,4958.9501953125,990.2000122070312,
2009-09-27,,,,47.74599838256836
2009-09-28,1724.5899658203125,,992.5,48.06800079345703
2009-09-29,1717.6700439453125,5006.85009765625,993.0999755859375,47.810001373291016
2009-09-30,1718.989990234375,5083.9501953125,1008.0,47.737998962402344
2009-10-01,1666.4100341796875,5083.39990234375,999.5,47.62799835205078
2009-10-02,1662.489990234375,,1003.2000122070312,
2009-10-04,,,,47.40800094604492
2009-10-05,1675.6400146484375,5003.2001953125,1016.7000122070312,46.790000915527344
2009-10-06,1705.25,5027.39990234375,1038.5999755859375,46.597999572753906
2009-10-07,1710.449951171875,4985.75,1043.300048828125,46.21799850463867
2009-10-08,1717.7900390625,5002.25,1055.4000244140625,46.45800018310547
2009-10-09,1727.760009765625,4945.2001953125,1047.800048828125,
2009-10-11,,,,46.3380012512207
2009-10-12,1729.6300048828125,5054.25,1056.699951171875,46.28300094604492
2009-10-13,1730.27001953125,,1064.199951171875,46.018001556396484
2009-10-14,1754.260009765625,5118.2001953125,1063.9000244140625,45.95000076293945
2009-10-15,1753.3599853515625,5108.85009765625,1049.800048828125,46.20000076293945
2009-10-16,1739.3199462890625,5142.14990234375,1050.699951171875,
2009-10-18,,,,45.95000076293945
2009-10-19,1756.6800537109375,,1057.300048828125,46.257999420166016
2009-10-20,1756.18994140625,5114.4501953125,1057.800048828125,46.400001525878906
2009-10-21,1753.56005859375,5063.60009765625,1063.699951171875,46.54999923706055
2009-10-22,1763.1500244140625,4988.60009765625,1057.800048828125,46.428001403808594
2009-10-23,1753.6300048828125,4997.0498046875,1055.5999755859375,
2009-10-26,1746.75,4970.89990234375,1042.0999755859375,46.54999923706055
2009-10-27,1722.4599609375,4846.7001953125,1034.699951171875,46.9379997253418
2009-10-28,1682.06005859375,4826.14990234375,1029.9000244140625,47.178001403808594
2009-10-29,1711.27001953125,4750.5498046875,1046.4000244140625,47.178001403808594
2009-10-30,1667.1300048828125,4711.7001953125,1039.699951171875,46.917999267578125
2009-11-02,1672.9100341796875,,1053.4000244140625,46.79999923706055
2009-11-03,1679.199951171875,4563.89990234375,1084.300048828125,47.25
2009-11-04,1680.6700439453125,4710.7998046875,1086.699951171875,46.79999923706055
2009-11-05,1721.0899658203125,4765.5498046875,1088.699951171875,46.9379997253418
2009-11-06,1730.760009765625,4796.14990234375,1095.0999755859375,46.7400016784668
2009-11-09,1768.4000244140625,4898.39990234375,1100.800048828125,46.36800003051758
2009-11-10,1773.1700439453125,4881.7001953125,1101.9000244140625,46.31800079345703
2009-11-11,1782.949951171875,5003.9501953125,1114.0,46.40800094604492
2009-11-12,1773.1400146484375,4952.64990234375,1106.0,46.65999984741211
2009-11-13,1788.6099853515625,4998.9501953125,1116.0999755859375,46.257999420166016
2009-11-16,1807.56005859375,5058.0498046875,1138.5999755859375,45.9900016784668
2009-11-17,1812.2099609375,5062.25,1138.800048828125,46.22999954223633
2009-11-18,1801.739990234375,5054.7001953125,1140.699951171875,46.099998474121094
2009-11-19,1773.18994140625,4989.0,1141.4000244140625,46.54999923706055
2009-11-20,1764.3900146484375,5052.4501953125,1146.4000244140625,46.540000915527344
2009-11-23,1792.93994140625,5103.5498046875,1164.300048828125,46.36000061035156
2009-11-24,1786.25,5090.5498046875,1165.5,46.29999923706055
2009-11-25,1793.6700439453125,5108.14990234375,1186.9000244140625,46.0099983215332
2009-11-26,,5005.5498046875,,46.667999267578125
2009-11-27,1765.4599609375,4941.75,1174.199951171875,46.45000076293945
2009-11-30,1767.4300537109375,5032.7001953125,1181.0999755859375,46.45800018310547
2009-12-01,1787.7099609375,5122.0,1199.0999755859375,46.22800064086914
2009-12-02,1790.8199462890625,5123.25,1212.0,46.20000076293945
2009-12-03,1782.9100341796875,5131.7001953125,1217.4000244140625,46.0
2009-12-04,1791.9100341796875,5108.89990234375,1168.800048828125,46.11800003051758
2009-12-07,1783.6500244140625,5066.7001953125,1163.4000244140625,46.46799850463867
2009-12-08,1772.72998046875,5147.9501953125,1142.800048828125,46.61800003051758
2009-12-09,1789.699951171875,5112.0,1120.4000244140625,46.52799987792969
2009-12-10,1799.3699951171875,5134.64990234375,1125.699951171875,46.518001556396484
2009-12-11,1792.06005859375,5117.2998046875,1119.4000244140625,46.472999572753906
2009-12-14,1809.0899658203125,5105.7001953125,1123.300048828125,46.667999267578125
2009-12-15,1798.2099609375,5033.0498046875,1122.4000244140625,46.71799850463867
2009-12-16,1800.8199462890625,5042.0498046875,1135.5,46.5880012512207
2009-12-17,1778.27001953125,5041.75,1106.800048828125,46.86800003051758
2009-12-18,1807.3599853515625,4987.7001953125,1110.800048828125,46.702999114990234
2009-12-21,1828.7900390625,4952.60009765625,1095.4000244140625,46.81800079345703
2009-12-22,1839.510009765625,4985.85009765625,1086.0,46.79800033569336
2009-12-23,1851.989990234375,5144.60009765625,1093.300048828125,46.75
2009-12-24,1869.8399658203125,5178.39990234375,1104.0999755859375,46.650001525878906
2009-12-28,1878.1800537109375,,1107.199951171875,46.45000076293945
2009-12-29,1872.02001953125,5187.9501953125,1097.0,46.560001373291016
2009-12-30,1878.6500244140625,5169.4501953125,1091.5,46.5
2009-12-31,1860.31005859375,5201.0498046875,1095.199951171875,46.400001525878906
2010-01-01,,,,46.61000061035156
2010-01-04,1886.699951171875,5232.2001953125,1117.699951171875,46.28799819946289
2010-01-05,1888.4300537109375,5277.89990234375,1118.0999755859375,46.119998931884766
2010-01-06,1878.4200439453125,5281.7998046875,1135.9000244140625,45.720001220703125
2010-01-07,1876.719970703125,5263.10009765625,1133.0999755859375,45.6879997253418
2010-01-08,1892.5899658203125,5244.75,1138.199951171875,45.518001556396484
2010-01-11,1886.239990234375,5249.39990234375,1150.699951171875,45.358001708984375
2010-01-12,1861.7900390625,5210.39990234375,1128.9000244140625,45.61800003051758
2010-01-13,1886.1300048828125,5233.9501953125,1136.4000244140625,45.487998962402344
2010-01-14,1886.52001953125,5259.89990234375,1142.5999755859375,45.5629997253418
2010-01-15,1864.52001953125,5252.2001953125,1130.0999755859375,45.803001403808594
2010-01-18,,5274.85009765625,,45.63800048828125
2010-01-19,1895.47998046875,5225.64990234375,1139.699951171875,45.847999572753906
2010-01-20,1867.949951171875,5221.7001953125,1112.300048828125,46.11800003051758
2010-01-21,1850.5699462890625,5094.14990234375,1102.699951171875,46.108001708984375
2010-01-22,1794.8199462890625,5036.0,1089.199951171875,46.222999572753906
2010-01-25,1802.3900146484375,5007.89990234375,1095.199951171875,46.077999114990234
2010-01-26,1803.8599853515625,,1097.9000244140625,45.847999572753906
2010-01-27,1818.9000244140625,4853.10009765625,1084.4000244140625,46.31800079345703
2010-01-28,1771.0999755859375,4867.25,1083.5999755859375,46.347999572753906
2010-01-29,1741.0400390625,4882.0498046875,1083.0,46.097999572753906
2010-02-01,1760.719970703125,4899.7001953125,1104.300048828125,46.28799819946289
2010-02-02,1776.9200439453125,4830.10009765625,1117.4000244140625,46.099998474121094
2010-02-03,1784.699951171875,4931.85009765625,1111.4000244140625,45.900001525878906
2010-02-04,1732.989990234375,4845.35009765625,1062.4000244140625,46.209999084472656
2010-02-05,1746.1199951171875,4718.64990234375,1052.199951171875,46.619998931884766
2010-02-08,1734.8800048828125,4760.39990234375,1065.699951171875,46.709999084472656
2010-02-09,1753.8399658203125,4792.64990234375,1076.699951171875,46.38999938964844
2010-02-10,1749.760009765625,4757.2001953125,1075.800048828125,46.37799835205078
2010-02-11,1775.739990234375,4826.85009765625,1094.199951171875,46.400001525878906
2010-02-12,1779.1099853515625,,1089.5,46.400001525878906
2010-02-15,,4801.9501953125,,46.3380012512207
2010-02-16,1802.06005859375,4855.75,1119.300048828125,45.97999954223633
2010-02-17,1810.8599853515625,4914.0,1119.5,46.007999420166016
2010-02-18,1823.3900146484375,4887.75,1118.0,46.13999938964844
2010-02-19,1823.3199462890625,4844.89990234375,1121.300048828125,46.18000030517578
2010-02-22,1817.6300048828125,4856.39990234375,1112.5999755859375,46.099998474121094
2010-02-23,1793.8199462890625,4870.0498046875,1102.699951171875,46.268001556396484
2010-02-24,1812.510009765625,4858.60009765625,1096.5,46.28799819946289
2010-02-25,1812.9100341796875,4859.75,1107.800048828125,46.29999923706055
2010-02-26,1818.6800537109375,4922.2998046875,1118.300048828125,45.900001525878906
2010-03-01,1846.4000244140625,,1117.800048828125,46.0
2010-03-02,1851.2099609375,5017.0,1136.9000244140625,46.02799987792969
2010-03-03,1851.5699462890625,5088.10009765625,1142.699951171875,45.54999923706055
2010-03-04,1859.719970703125,5080.25,1132.5999755859375,45.66999816894531
2010-03-05,1888.56005859375,5088.7001953125,1134.800048828125,45.45000076293945
2010-03-08,1890.8900146484375,5124.0,1123.5999755859375,45.400001525878906
2010-03-09,1901.3800048828125,5101.5,1122.0,45.54999923706055
2010-03-10,1917.3499755859375,5116.25,1107.800048828125,45.310001373291016
2010-03-11,1923.81005859375,5133.39990234375,1108.0,45.45000076293945
2010-03-12,1924.4300537109375,5137.0,1101.5,45.49800109863281
2010-03-15,1920.0899658203125,5128.89990234375,1105.0999755859375,45.55799865722656
2010-03-16,1932.239990234375,5198.10009765625,1122.199951171875,45.38999938964844
2010-03-17,1936.219970703125,5231.89990234375,1124.0,45.279998779296875
2010-03-18,1943.93994140625,5245.89990234375,1127.4000244140625,45.38999938964844
2010-03-19,1932.4300537109375,5262.7998046875,1107.4000244140625,45.25
2010-03-22,1949.5899658203125,5205.2001953125,1099.300048828125,45.470001220703125
2010-03-23,1963.199951171875,5225.2998046875,1103.5,45.400001525878906
2010-03-24,1951.8399658203125,,1088.5999755859375,45.400001525878906
2010-03-25,1949.1500244140625,5260.39990234375,1092.699951171875,45.487998962402344
2010-03-26,1952.6300048828125,5282.0,1104.199951171875,45.11000061035156
2010-03-28,,,,44.79999923706055
2010-03-29,1961.219970703125,5302.85009765625,1110.300048828125,44.939998626708984
2010-03-30,1967.9599609375,5262.4501953125,1104.5,44.79999923706055
2010-03-31,1958.3399658203125,5249.10009765625,1113.300048828125,44.599998474121094
2010-04-01,1959.56005859375,5290.5,1125.0999755859375,44.80799865722656
2010-04-04,,,,44.36000061035156
2010-04-05,1977.8299560546875,5368.39990234375,1132.9000244140625,44.34000015258789
2010-04-06,1981.949951171875,5366.0,1135.0999755859375,44.400001525878906
2010-04-07,1977.300048828125,5374.64990234375,1152.300048828125,44.34000015258789
2010-04-08,1980.72998046875,5304.4501953125,1152.199951171875,44.119998931884766
2010-04-09,1994.4300537109375,5361.75,1161.0999755859375,
2010-04-11,,,,44.34000015258789
2010-04-12,1995.6500244140625,5339.7001953125,1161.5999755859375,44.577999114990234
2010-04-13,2003.81005859375,5322.9501953125,1152.800048828125,44.209999084472656
2010-04-14,2028.8199462890625,,1159.0,44.290000915527344
2010-04-15,2038.6400146484375,5273.60009765625,1159.699951171875,44.31800079345703
2010-04-16,2012.8399658203125,5262.60009765625,1136.300048828125,
2010-04-18,,,,44.72800064086914
2010-04-19,2013.530029296875,5203.64990234375,1135.199951171875,44.38999938964844
2010-04-20,2023.5999755859375,5230.10009765625,1138.5999755859375,44.400001525878906
2010-04-21,2034.530029296875,5244.89990234375,1148.199951171875,44.439998626708984
2010-04-22,2045.1600341796875,5269.35009765625,1142.300048828125,44.290000915527344
2010-04-23,2055.330078125,5304.10009765625,1153.0999755859375,
2010-04-25,,,,44.25
2010-04-26,2049.090087890625,5322.4501953125,1153.5,44.45000076293945
2010-04-27,2006.25,5308.35009765625,1161.699951171875,44.5
2010-04-28,2007.5899658203125,5215.4501953125,1171.300048828125,44.45000076293945
2010-04-29,2042.8900146484375,5254.14990234375,1168.4000244140625,44.25
2010-04-30,2000.6300048828125,5278.0,1180.0999755859375,
2010-05-02,,,,44.400001525878906
2010-05-03,2031.5999755859375,5222.75,1182.699951171875,44.54999923706055
2010-05-04,1968.969970703125,5148.5,1168.5999755859375,44.849998474121094
2010-05-05,1958.260009765625,5124.89990234375,1174.5999755859375,45.459999084472656
2010-05-06,1893.75,5090.85009765625,1196.9000244140625,45.417999267578125
2010-05-07,1849.43994140625,5018.0498046875,1210.0,
2010-05-09,,,,44.76300048828125
2010-05-10,1942.6099853515625,5193.60009765625,1200.4000244140625,44.9900016784668
2010-05-11,1940.47998046875,5136.14990234375,1219.9000244140625,44.95000076293945
2010-05-12,1975.5799560546875,5156.64990234375,1242.699951171875,44.939998626708984
2010-05-13,1945.52001953125,5178.89990234375,1228.800048828125,45.25
2010-05-14,1907.0999755859375,5093.5,1227.4000244140625,
2010-05-16,,,,45.52799987792969
2010-05-17,1915.449951171875,5059.89990234375,1227.699951171875,45.560001373291016
2010-05-18,1887.06005859375,5066.2001953125,1214.300048828125,46.27299880981445
2010-05-19,1873.4200439453125,4919.64990234375,1192.5999755859375,46.7400016784668
2010-05-20,1800.1199951171875,4947.60009765625,1187.800048828125,46.917999267578125
2010-05-21,1822.77001953125,4931.14990234375,1175.699951171875,
2010-05-23,,,,46.810001373291016
2010-05-24,1815.280029296875,4943.9501953125,1193.800048828125,47.47999954223633
2010-05-25,1815.6800537109375,4806.75,1197.800048828125,47.099998474121094
2010-05-26,1796.469970703125,4917.39990234375,1213.300048828125,46.720001220703125
2010-05-27,1862.7099609375,5003.10009765625,1211.9000244140625,46.29999923706055
2010-05-28,1852.3900146484375,5066.5498046875,1212.199951171875,
2010-05-30,,,,46.358001708984375
2010-05-31,,5086.2998046875,,47.08300018310547
2010-06-01,1835.0400390625,4970.2001953125,1224.800048828125,46.79999923706055
2010-06-02,1879.5899658203125,5019.85009765625,1220.5999755859375,46.5
2010-06-03,1895.6600341796875,5110.5,1208.300048828125,46.86000061035156
2010-06-04,1832.0400390625,5135.5,1216.199951171875,
2010-06-06,,,,46.790000915527344
2010-06-07,1798.1600341796875,5034.0,1239.300048828125,46.83000183105469
2010-06-08,1795.699951171875,4987.10009765625,1244.0,46.810001373291016
2010-06-09,1778.9200439453125,5000.2998046875,1228.5,46.75
2010-06-10,1830.0899658203125,5078.60009765625,1220.800048828125,46.75
2010-06-11,1847.1500244140625,5119.35009765625,1228.9000244140625,
2010-06-13,,,,46.400001525878906
2010-06-14,1845.47998046875,5197.7001953125,1223.300048828125,46.400001525878906
2010-06-15,1897.47998046875,5222.35009765625,1233.199951171875,46.40999984741211
2010-06-16,1905.31005859375,5233.35009765625,1229.300048828125,46.09000015258789
2010-06-17,1910.6500244140625,5274.85009765625,1247.5,46.0099983215332
2010-06-18,1913.47998046875,5262.60009765625,1257.199951171875,
2010-06-20,,,,45.65999984741211
2010-06-21,1895.8399658203125,5353.2998046875,1239.699951171875,46.02000045776367
2010-06-22,1880.5400390625,5316.5498046875,1239.9000244140625,46.150001525878906
2010-06-23,1874.4200439453125,5323.14990234375,1234.0999755859375,46.2599983215332
2010-06-24,1844.5899658203125,5320.60009765625,1245.5,46.150001525878906
2010-06-25,1838.52001953125,5269.0498046875,1255.800048828125,
2010-06-27,,,,46.099998474121094
2010-06-28,1836.0,5333.5,1238.199951171875,46.40999984741211
2010-06-29,1764.06005859375,5256.14990234375,1242.0,46.400001525878906
2010-06-30,1739.1400146484375,5312.5,1245.5,46.40999984741211
2010-07-01,1734.4100341796875,5251.39990234375,1206.300048828125,46.560001373291016
2010-07-02,1728.3399658203125,5237.10009765625,1207.4000244140625,
2010-07-04,,,,46.72800064086914
2010-07-05,,5235.89990234375,,46.599998474121094
2010-07-06,1734.6800537109375,5289.0498046875,1194.800048828125,46.95000076293945
2010-07-07,1789.719970703125,5241.10009765625,1198.5999755859375,46.650001525878906
2010-07-08,1798.31005859375,5296.85009765625,1195.800048828125,46.52000045776367
2010-07-09,1814.7900390625,5352.4501953125,1209.5999755859375,
2010-07-11,,,,46.65999984741211
2010-07-12,1821.030029296875,5383.0,1198.5,46.40999984741211
2010-07-13,1845.030029296875,5400.64990234375,1213.300048828125,46.599998474121094
2010-07-14,1853.4100341796875,5386.14990234375,1206.800048828125,46.45000076293945
2010-07-15,1856.239990234375,5378.75,1208.0999755859375,46.70000076293945
2010-07-16,1803.47998046875,5393.89990234375,1188.0,
2010-07-18,,,,46.09000015258789
2010-07-19,1819.280029296875,5386.4501953125,1181.699951171875,47.25
2010-07-20,1840.6700439453125,5368.0,1191.5,47.06999969482422
2010-07-21,1817.300048828125,5399.35009765625,1191.5999755859375,47.040000915527344
2010-07-22,1863.0999755859375,5441.9501953125,1195.5,46.88999938964844
2010-07-23,1875.3800048828125,5449.10009765625,1187.699951171875,
2010-07-25,,,,47.042999267578125
2010-07-26,1890.4000244140625,5418.60009765625,1183.0,46.64799880981445
2010-07-27,1888.81005859375,5430.60009765625,1158.0,46.689998626708984
2010-07-28,1872.6199951171875,5397.5498046875,1160.4000244140625,46.459999084472656
2010-07-29,1860.300048828125,5408.89990234375,1168.4000244140625,46.36000061035156
2010-07-30,1864.0,5367.60009765625,1181.699951171875,
2010-08-01,,,,46.0880012512207
2010-08-02,1898.989990234375,5431.64990234375,1183.4000244140625,46.12799835205078
2010-08-03,1891.81005859375,5439.5498046875,1185.199951171875,46.12799835205078
2010-08-04,1909.199951171875,5467.85009765625,1193.699951171875,46.0
2010-08-05,1904.949951171875,5447.10009765625,1197.199951171875,46.055999755859375
2010-08-06,1902.8800048828125,5439.25,1203.4000244140625,
2010-08-08,,,,45.95800018310547
2010-08-09,1915.1700439453125,5486.14990234375,1200.699951171875,46.077999114990234
2010-08-10,1899.239990234375,5460.7001953125,1196.199951171875,46.310001373291016
2010-08-11,1845.3800048828125,5420.60009765625,1197.5,46.59000015258789
2010-08-12,1832.1700439453125,5416.4501953125,1214.800048828125,46.709999084472656
2010-08-13,1818.800048828125,5452.10009765625,1214.9000244140625,
2010-08-15,,,,46.62799835205078
2010-08-16,1821.510009765625,5418.2998046875,1224.5,46.68299865722656
2010-08-17,1845.3699951171875,5414.14990234375,1226.5999755859375,46.608001708984375
2010-08-18,1850.800048828125,5479.14990234375,1229.699951171875,46.53799819946289
2010-08-19,1823.0,5540.2001953125,1233.800048828125,46.358001708984375
2010-08-20,1825.75,5530.64990234375,1227.199951171875,
2010-08-22,,,,46.608001708984375
2010-08-23,1808.31005859375,5543.5,1226.9000244140625,46.5629997253418
2010-08-24,1775.27001953125,5505.10009765625,1231.800048828125,46.858001708984375
2010-08-25,1790.8800048828125,5462.35009765625,1239.5,46.87300109863281
2010-08-26,1769.02001953125,5477.89990234375,1235.4000244140625,46.78799819946289
2010-08-27,1791.6400146484375,5408.7001953125,1236.0,
2010-08-29,,,,46.803001403808594
2010-08-30,1772.0699462890625,5415.4501953125,1237.0999755859375,46.87300109863281
2010-08-31,1767.4300537109375,5402.39990234375,1248.300048828125,47.02799987792969
2010-09-01,1820.050048828125,5471.85009765625,1246.300048828125,46.650001525878906
2010-09-02,1840.5799560546875,5486.14990234375,1251.5,46.599998474121094
2010-09-03,1870.31005859375,5479.39990234375,1249.199951171875,
2010-09-05,,,,46.577999114990234
2010-09-06,,5576.9501953125,,46.51300048828125
2010-09-07,1856.5,5604.0,1257.300048828125,46.65999984741211
2010-09-08,1880.0,5607.85009765625,1255.5999755859375,46.518001556396484
2010-09-09,1886.1400146484375,5640.0498046875,1248.9000244140625,46.303001403808594
2010-09-10,1892.3399658203125,,1244.5,
2010-09-12,,,,46.28300094604492
2010-09-13,1921.6700439453125,5760.0,1245.0999755859375,46.22999954223633
2010-09-14,1928.5899658203125,5795.5498046875,1269.699951171875,46.13999938964844
2010-09-15,1939.5999755859375,5860.9501953125,1266.699951171875,46.20000076293945
2010-09-16,1948.1099853515625,5828.7001953125,1271.9000244140625,46.099998474121094
2010-09-17,1955.8299560546875,5884.9501953125,1275.5999755859375,
2010-09-19,,,,45.87799835205078
2010-09-20,1989.4300537109375,5980.4501953125,1279.0,45.619998931884766
2010-09-21,1989.1099853515625,6009.0498046875,1272.4000244140625,45.58000183105469
2010-09-22,1982.760009765625,5991.0,1290.199951171875,45.55799865722656
2010-09-23,1982.1500244140625,5959.5498046875,1294.300048828125,45.45000076293945
2010-09-24,2023.8399658203125,6018.2998046875,1296.0,
2010-09-26,,,,45.2400016784668
2010-09-27,2010.989990234375,6035.64990234375,1296.699951171875,44.93000030517578
2010-09-28,2012.4300537109375,6029.5,1306.5999755859375,45.04999923706055
2010-09-29,2009.0799560546875,5991.2998046875,1308.5,44.689998626708984
2010-09-30,1998.0400390625,6029.9501953125,1307.800048828125,44.5629997253418
2010-10-01,1996.5999755859375,6143.39990234375,1316.0999755859375,
2010-10-03,,,,44.41299819946289
2010-10-04,1975.3299560546875,6159.4501953125,1315.4000244140625,44.45000076293945
2010-10-05,2024.6300048828125,6145.7998046875,1338.9000244140625,44.400001525878906
2010-10-06,2006.52001953125,6186.4501953125,1346.4000244140625,44.189998626708984
2010-10-07,2011.6300048828125,6120.2998046875,1333.9000244140625,44.20000076293945
2010-10-08,2027.030029296875,6103.4501953125,1344.199951171875,
2010-10-10,,,,44.40800094604492
2010-10-11,2026.97998046875,6135.85009765625,1353.300048828125,44.36000061035156
2010-10-12,2041.550048828125,6090.89990234375,1345.699951171875,44.5
2010-10-13,2057.25,6233.89990234375,1369.5,44.34000015258789
2010-10-14,2054.510009765625,6177.35009765625,1376.699951171875,44.06800079345703
2010-10-15,2097.72998046875,6062.64990234375,1371.0999755859375,
2010-10-17,,,,44.15800094604492
2010-10-18,2104.14990234375,6075.9501953125,1371.199951171875,44.16999816894531
2010-10-19,2069.72998046875,6027.2998046875,1335.0999755859375,44.33000183105469
2010-10-20,2085.75,5982.10009765625,1343.300048828125,44.20000076293945
2010-10-21,2090.10009765625,6101.5,1324.699951171875,44.20000076293945
2010-10-22,2104.2099609375,6066.0498046875,1324.4000244140625,
2010-10-24,,,,44.52799987792969
2010-10-25,2113.550048828125,6105.7998046875,1338.300048828125,44.25
2010-10-26,2119.050048828125,6082.0,1338.0,44.400001525878906
2010-10-27,2125.8798828125,6012.64990234375,1322.199951171875,44.41999816894531
2010-10-28,2129.72998046875,5987.7001953125,1342.0999755859375,44.41999816894531
2010-10-29,2124.449951171875,6017.7001953125,1357.0999755859375,
2010-11-01,2128.419921875,6117.5498046875,1350.199951171875,44.448001861572266
2010-11-02,2151.719970703125,6119.0,1356.4000244140625,44.34000015258789
2010-11-03,2158.360107421875,6160.5,1337.0999755859375,44.20000076293945
2010-11-04,2187.800048828125,6281.7998046875,1382.699951171875,44.25
2010-11-05,2186.7099609375,,1397.300048828125,44.01300048828125
2010-11-08,2188.93994140625,6273.2001953125,1402.800048828125,43.900001525878906
2010-11-09,2176.8798828125,6301.5498046875,1409.800048828125,44.29999923706055
2010-11-10,2187.739990234375,6275.7001953125,1399.0999755859375,44.189998626708984
2010-11-11,2173.110107421875,6194.25,1403.0999755859375,44.2599983215332
2010-11-12,2137.949951171875,6071.64990234375,1365.4000244140625,44.2400016784668
2010-11-15,2131.47998046875,6121.60009765625,1368.4000244140625,44.77799987792969
2010-11-16,2093.6298828125,5988.7001953125,1338.300048828125,45.11000061035156
2010-11-17,2100.0,,1336.800048828125,45.189998626708984
2010-11-18,2134.77001953125,5998.7998046875,1352.9000244140625,45.108001708984375
2010-11-19,2135.27001953125,5890.2998046875,1352.199951171875,45.150001525878906
2010-11-22,2150.860107421875,6010.0,1357.699951171875,45.26300048828125
2010-11-23,2116.610107421875,5934.75,1377.5,45.29999923706055
2010-11-24,2160.52001953125,5865.75,1372.9000244140625,45.540000915527344
2010-11-25,,5799.75,,45.5099983215332
2010-11-26,2153.909912109375,5751.9501953125,1362.300048828125,45.55799865722656
2010-11-29,2144.56005859375,5830.0,1366.0,45.709999084472656
2010-11-30,2117.330078125,5862.7001953125,1385.0,45.79999923706055
2010-12-01,2162.830078125,5960.89990234375,1387.300048828125,45.77000045776367
2010-12-02,2185.300048828125,6011.7001953125,1388.5,45.22999954223633
2010-12-03,2191.169921875,5992.7998046875,1405.4000244140625,45.130001068115234
2010-12-06,2189.81005859375,5992.25,1415.300048828125,44.91299819946289
2010-12-07,2189.35009765625,5976.5498046875,1408.300048828125,44.810001373291016
2010-12-08,2200.60009765625,5903.7001953125,1382.5,44.5
2010-12-09,2201.570068359375,5766.5,1392.0999755859375,45.0
2010-12-10,2215.340087890625,5857.35009765625,1384.300048828125,45.04999923706055
2010-12-13,2207.449951171875,5907.64990234375,1397.300048828125,44.95000076293945
2010-12-14,2212.590087890625,5944.10009765625,1403.5999755859375,44.90999984741211
2010-12-15,2202.449951171875,5892.2998046875,1385.5,44.90999984741211
2010-12-16,2218.02001953125,5948.75,1370.4000244140625,45.25
2010-12-17,2218.2900390625,,1378.5999755859375,45.25
2010-12-20,2223.0400390625,5947.0498046875,1385.5,45.167999267578125
2010-12-21,2234.570068359375,6000.64990234375,1388.199951171875,45.2599983215332
2010-12-22,2235.909912109375,5984.39990234375,1386.800048828125,45.18000030517578
2010-12-23,2230.27001953125,5980.0,1380.0,44.95000076293945
2010-12-24,,6011.60009765625,,45.060001373291016
2010-12-27,2229.860107421875,5998.10009765625,1382.4000244140625,45.0099983215332
2010-12-28,2227.419921875,5996.0,1405.199951171875,45.099998474121094
2010-12-29,2231.639892578125,6060.35009765625,1413.0999755859375,44.95000076293945
2010-12-30,2225.719970703125,6101.85009765625,1405.5999755859375,44.91999816894531
2010-12-31,2217.860107421875,6134.5,1421.0999755859375,44.810001373291016
2011-01-03,2254.22998046875,6157.60009765625,1422.5999755859375,44.81800079345703
2011-01-04,2251.4599609375,6146.35009765625,1378.5,44.61000061035156
2011-01-05,2270.39990234375,6079.7998046875,1373.4000244140625,44.900001525878906
2011-01-06,2277.510009765625,6048.25,1371.4000244140625,45.209999084472656
2011-01-07,2276.699951171875,5904.60009765625,1368.5,45.18000030517578
2011-01-10,2284.3798828125,5762.85009765625,1373.699951171875,45.358001708984375
2011-01-11,2288.72998046875,5754.10009765625,1384.0,45.310001373291016
2011-01-12,2304.8798828125,5863.25,1385.699951171875,45.097999572753906
2011-01-13,2305.530029296875,5751.89990234375,1386.9000244140625,44.90999984741211
2011-01-14,2323.429931640625,5654.5498046875,1360.4000244140625,44.959999084472656
2011-01-17,,5654.75,,45.417999267578125
2011-01-18,2328.7900390625,5724.0498046875,1368.0999755859375,45.439998626708984
2011-01-19,2303.320068359375,5691.0498046875,1370.199951171875,45.31999969482422
2011-01-20,2286.080078125,5711.60009765625,1346.5,45.29999923706055
2011-01-21,2268.320068359375,5696.5,1341.0,45.77799987792969
2011-01-24,2300.389892578125,5743.25,1344.5,45.5880012512207
2011-01-25,2304.030029296875,5687.39990234375,1332.300048828125,45.45000076293945
2011-01-26,2314.18994140625,,1333.0,45.61000061035156
2011-01-27,2330.070068359375,5604.2998046875,1318.4000244140625,45.45000076293945
2011-01-28,2270.510009765625,5512.14990234375,1340.699951171875,45.6879997253418
2011-01-31,2281.909912109375,5505.89990234375,1333.800048828125,45.8380012512207
2011-02-01,2324.949951171875,5417.2001953125,1339.5999755859375,45.79999923706055
2011-02-02,2321.090087890625,5432.0,1331.5,45.40999984741211
2011-02-03,2323.070068359375,5526.75,1352.300048828125,45.45000076293945
2011-02-04,2338.199951171875,5395.75,1348.300048828125,45.560001373291016
2011-02-07,2349.199951171875,5396.0,1347.5999755859375,45.608001708984375
2011-02-08,2363.610107421875,5312.5498046875,1363.4000244140625,45.310001373291016
2011-02-09,2360.949951171875,5253.5498046875,1364.800048828125,45.150001525878906
2011-02-10,2364.35009765625,5225.7998046875,1361.9000244140625,45.349998474121094
2011-02-11,2379.14990234375,5310.0,1359.9000244140625,45.630001068115234
2011-02-14,2385.60009765625,5456.0,1364.5999755859375,45.608001708984375
2011-02-15,2381.919921875,5481.0,1373.5999755859375,45.349998474121094
2011-02-16,2397.93994140625,5481.7001953125,1374.699951171875,45.40999984741211
2011-02-17,2397.570068359375,5546.4501953125,1384.699951171875,45.310001373291016
2011-02-18,2392.469970703125,5458.9501953125,1388.199951171875,45.209999084472656
2011-02-21,,5518.60009765625,,45.108001708984375
2011-02-22,2322.860107421875,5469.2001953125,1400.5,44.917999267578125
2011-02-23,2300.93994140625,5437.35009765625,1413.4000244140625,45.150001525878906
2011-02-24,2313.31005859375,5262.7001953125,1415.300048828125,45.04999923706055
2011-02-25,2346.2900390625,5303.5498046875,1408.699951171875,45.400001525878906
2011-02-28,2350.989990234375,5333.25,1409.300048828125,45.25
2011-03-01,2315.260009765625,5522.2998046875,1430.699951171875,45.099998474121094
2011-03-02,2326.77001953125,,1437.199951171875,44.83000183105469
2011-03-03,2371.760009765625,5536.2001953125,1416.0,44.810001373291016
2011-03-04,2359.9599609375,5538.75,1428.199951171875,44.849998474121094
2011-03-07,2328.070068359375,5463.14990234375,1434.0999755859375,44.90299987792969
2011-03-08,2337.550048828125,5520.7998046875,1426.9000244140625,44.970001220703125
2011-03-09,2322.68994140625,5531.0,1429.300048828125,44.900001525878906
2011-03-10,2284.2900390625,5494.39990234375,1412.199951171875,44.869998931884766
2011-03-11,2299.260009765625,5445.4501953125,1421.5,45.11000061035156
2011-03-14,2290.719970703125,5531.5,1424.5999755859375,45.237998962402344
2011-03-15,2259.6201171875,5449.64990234375,1392.5999755859375,44.95000076293945
2011-03-16,2202.969970703125,5511.14990234375,1396.0,45.15999984741211
2011-03-17,2225.239990234375,5446.64990234375,1404.0,45.02000045776367
2011-03-18,2221.070068359375,5373.7001953125,1415.9000244140625,45.04999923706055
2011-03-21,2262.699951171875,5364.75,1426.199951171875,44.99800109863281
2011-03-22,2257.9599609375,5413.85009765625,1427.5,44.90999984741211
2011-03-23,2270.5,5480.25,1437.9000244140625,44.849998474121094
2011-03-24,2312.090087890625,5522.39990234375,1434.800048828125,44.75
2011-03-25,2316.360107421875,5654.25,1426.0999755859375,44.599998474121094
2011-03-27,,,,44.69300079345703
2011-03-28,2303.10009765625,5687.25,1419.800048828125,44.70000076293945
2011-03-29,2325.5400390625,5736.35009765625,1416.0,44.65999984741211
2011-03-30,2336.52001953125,5787.64990234375,1423.800048828125,44.61000061035156
2011-03-31,2338.989990234375,5833.75,1438.9000244140625,44.45000076293945
2011-04-01,2342.919921875,5826.0498046875,1428.0999755859375,
2011-04-03,,,,44.448001861572266
2011-04-04,2334.5400390625,5908.4501953125,1432.199951171875,44.31800079345703
2011-04-05,2327.8701171875,5910.0498046875,1451.800048828125,44.29999923706055
2011-04-06,2332.340087890625,5891.75,1457.699951171875,44.04999923706055
2011-04-07,2332.8798828125,5885.7001953125,1458.5,44.099998474121094
2011-04-08,2321.179931640625,5842.0,1473.4000244140625,
2011-04-10,,,,44.0629997253418
2011-04-11,2314.5,5785.7001953125,1467.4000244140625,44.2599983215332
2011-04-12,2298.300048828125,,1452.9000244140625,44.1879997253418
2011-04-13,2316.6298828125,5911.5,1454.9000244140625,44.41999816894531
2011-04-14,2311.25,,1471.699951171875,
2011-04-15,2307.580078125,5824.5498046875,1485.300048828125,
2011-04-17,,,,44.27299880981445
2011-04-18,2292.340087890625,5729.10009765625,1492.300048828125,44.36000061035156
2011-04-19,2306.77001953125,5740.75,1494.5,44.40999984741211
2011-04-20,2357.760009765625,5851.64990234375,1498.300048828125,44.2599983215332
2011-04-21,2377.300048828125,5884.7001953125,1503.199951171875,44.2599983215332
2011-04-24,,,,44.268001556396484
2011-04-25,2383.719970703125,5874.5,1508.5999755859375,44.40999984741211
2011-04-26,2396.030029296875,5868.39990234375,1503.0,44.40999984741211
2011-04-27,2413.590087890625,5833.89990234375,1516.699951171875,44.33000183105469
2011-04-28,2409.89990234375,5785.4501953125,1530.800048828125,44.29999923706055
2011-04-29,2404.080078125,5749.5,1556.0,
2011-05-01,,,,44.24800109863281
2011-05-02,2404.239990234375,5701.2998046875,1556.699951171875,44.220001220703125
2011-05-03,2392.800048828125,5565.25,1540.0999755859375,44.40999984741211
2011-05-04,2387.510009765625,5537.14990234375,1514.9000244140625,44.31999969482422
2011-05-05,2375.2099609375,5459.85009765625,1480.9000244140625,44.70000076293945
2011-05-06,2383.179931640625,5551.4501953125,1491.199951171875,
2011-05-08,,,,44.722999572753906
2011-05-09,2390.969970703125,5551.10009765625,1502.9000244140625,44.61000061035156
2011-05-10,2411.35009765625,5541.25,1516.5999755859375,44.61000061035156
2011-05-11,2393.080078125,5565.0498046875,1501.0999755859375,44.58000183105469
2011-05-12,2407.889892578125,5486.14990234375,1506.5999755859375,44.709999084472656
2011-05-13,2379.239990234375,5544.75,1493.4000244140625,
2011-05-15,,,,44.858001708984375
2011-05-16,2337.85009765625,5499.0,1490.4000244140625,44.959999084472656
2011-05-17,2343.510009765625,5438.9501953125,1479.800048828125,45.0099983215332
2011-05-18,2362.949951171875,5420.60009765625,1495.5999755859375,44.959999084472656
2011-05-19,2369.669921875,5428.10009765625,1492.199951171875,44.849998474121094
2011-05-20,2351.429931640625,5486.35009765625,1508.800048828125,
2011-05-22,,,,44.99300003051758
2011-05-23,2316.780029296875,5386.5498046875,1515.300048828125,45.150001525878906
2011-05-24,2303.550048828125,5394.85009765625,1523.199951171875,45.15999984741211
2011-05-25,2310.949951171875,5348.9501953125,1526.5999755859375,45.22999954223633
2011-05-26,2325.929931640625,5412.35009765625,1522.800048828125,45.189998626708984
2011-05-27,2336.090087890625,5476.10009765625,1536.300048828125,
2011-05-29,,,,45.17300033569336
2011-05-30,,5473.10009765625,,45.08300018310547
2011-05-31,2372.5400390625,,1535.9000244140625,44.959999084472656
2011-06-01,2322.47998046875,5592.0,1542.4000244140625,44.7599983215332
2011-06-02,2326.699951171875,5550.35009765625,1532.0,44.7599983215332
2011-06-03,2292.31005859375,5516.75,1541.699951171875,
2011-06-05,,,,44.823001861572266
2011-06-06,2274.47998046875,5532.0498046875,1546.5,44.66999816894531
2011-06-07,2268.9599609375,5556.14990234375,1543.300048828125,44.61000061035156
2011-06-08,2252.889892578125,5526.85009765625,1538.0999755859375,44.65999984741211
2011-06-09,2256.64990234375,5521.0498046875,1542.0999755859375,44.599998474121094
2011-06-10,2221.090087890625,5485.7998046875,1528.5999755859375,
2011-06-12,,,,44.722999572753906
2011-06-13,2222.280029296875,5482.7998046875,1515.0,44.79999923706055
2011-06-14,2250.340087890625,5500.5,1523.800048828125,44.73899841308594
2011-06-15,2209.010009765625,5447.5,1525.5999755859375,44.709999084472656
2011-06-16,2199.929931640625,5396.75,1529.300048828125,44.79999923706055
2011-06-17,2192.9599609375,5366.39990234375,1538.5999755859375,
2011-06-19,,,,44.76300048828125
2011-06-20,2204.360107421875,5257.89990234375,1541.5,44.869998931884766
2011-06-21,2251.820068359375,5275.85009765625,1546.0,44.7599983215332
2011-06-22,2235.75,5278.2998046875,1552.9000244140625,44.75
2011-06-23,2255.050048828125,5320.0,1520.0999755859375,44.849998474121094
2011-06-24,2217.06005859375,5471.25,1500.5,
2011-06-26,,,,44.987998962402344
2011-06-27,2252.239990234375,5526.60009765625,1496.0,44.95000076293945
2011-06-28,2285.75,5545.2998046875,1499.699951171875,44.939998626708984
2011-06-29,2294.429931640625,5600.4501953125,1509.9000244140625,44.7599983215332
2011-06-30,2325.070068359375,5647.39990234375,1502.300048828125,44.59299850463867
2011-07-01,2361.389892578125,5627.2001953125,1482.300048828125,
2011-07-03,,,,44.62300109863281
2011-07-04,,5650.5,,44.41999816894531
2011-07-05,2371.2099609375,5632.10009765625,1512.300048828125,44.34000015258789
2011-07-06,2378.580078125,5625.4501953125,1528.699951171875,44.33000183105469
2011-07-07,2412.889892578125,5728.9501953125,1530.199951171875,44.33000183105469
2011-07-08,2405.889892578125,5660.64990234375,1541.199951171875,
2011-07-10,,,,44.41299819946289
2011-07-11,2362.0,5616.10009765625,1548.800048828125,44.349998474121094
2011-07-12,2343.7900390625,5526.14990234375,1561.9000244140625,44.560001373291016
2011-07-13,2352.429931640625,5585.4501953125,1585.199951171875,44.45000076293945
2011-07-14,2325.06005859375,,1589.0,44.400001525878906
2011-07-15,2356.669921875,5581.10009765625,1589.800048828125,
2011-07-17,,,,44.507999420166016
2011-07-18,2344.010009765625,5567.0498046875,1602.0999755859375,44.5
2011-07-19,2398.169921875,5613.5498046875,1600.9000244140625,44.369998931884766
2011-07-20,2387.800048828125,5567.0498046875,1596.699951171875,44.369998931884766
2011-07-21,2404.239990234375,5541.60009765625,1586.800048828125,44.29999923706055
2011-07-22,2429.5,5633.9501953125,1601.300048828125,
2011-07-24,,,,44.34299850463867
2011-07-25,2424.14990234375,5680.2998046875,1612.0,44.310001373291016
2011-07-26,2429.449951171875,5574.85009765625,1616.5999755859375,44.04999923706055
2011-07-27,2367.159912109375,5546.7998046875,1615.0,44.029998779296875
2011-07-28,2371.77001953125,5487.75,1613.4000244140625,44.0099983215332
2011-07-29,2362.81005859375,5482.0,1628.300048828125,
2011-07-31,,,,44.202999114990234
2011-08-01,2354.050048828125,5516.7998046875,1619.0,44.0629997253418
2011-08-02,2292.85009765625,5456.5498046875,1641.9000244140625,44.26300048828125
2011-08-03,2312.780029296875,5404.7998046875,1663.4000244140625,44.3129997253418
2011-08-04,2207.199951171875,5331.7998046875,1656.199951171875,44.5629997253418
2011-08-05,2194.3798828125,5211.25,1648.800048828125,
2011-08-07,,,,44.733001708984375
2011-08-08,2060.2900390625,5118.5,1710.199951171875,45.00299835205078
2011-08-09,2160.7900390625,5072.85009765625,1740.0,45.202999114990234
2011-08-10,2073.090087890625,5161.0,1781.300048828125,45.24800109863281
2011-08-11,2167.070068359375,5138.2998046875,1748.800048828125,45.292999267578125
2011-08-12,2182.050048828125,5072.9501953125,1740.199951171875,
2011-08-14,,,,45.393001556396484
2011-08-15,2214.1201171875,,1755.5,45.233001708984375
2011-08-16,2194.27001953125,5035.7998046875,1782.4000244140625,45.25299835205078
2011-08-17,2181.6201171875,5056.60009765625,1791.199951171875,45.303001403808594
2011-08-18,2073.030029296875,4944.14990234375,1818.9000244140625,45.709999084472656
2011-08-19,2038.219970703125,4845.64990234375,1848.9000244140625,
2011-08-21,,,,45.66299819946289
2011-08-22,2044.72998046875,4898.7998046875,1888.699951171875,45.61000061035156
2011-08-23,2129.27001953125,4948.89990234375,1858.300048828125,45.540000915527344
2011-08-24,2145.0400390625,4888.89990234375,1754.0999755859375,45.939998626708984
2011-08-25,2108.2099609375,4839.60009765625,1759.800048828125,46.0099983215332
2011-08-26,2161.969970703125,4747.7998046875,1794.0999755859375,
2011-08-28,,,,46.15299987792969
2011-08-29,2223.9599609375,4919.60009765625,1788.4000244140625,45.849998474121094
2011-08-30,2237.68994140625,5001.0,1826.699951171875,45.939998626708984
2011-08-31,2241.010009765625,,1828.5,45.7400016784668
2011-09-01,2219.050048828125,,1826.0,45.70000076293945
2011-09-02,2167.830078125,5040.0,1873.699951171875,
2011-09-04,,,,45.737998962402344
2011-09-05,,5017.2001953125,,45.98400115966797
2011-09-06,2167.60009765625,5064.2998046875,1869.9000244140625,46.040000915527344
2011-09-07,2223.75,5124.64990234375,1814.199951171875,46.040000915527344
2011-09-08,2214.2900390625,5153.25,1854.4000244140625,46.130001068115234
2011-09-09,2163.659912109375,5059.4501953125,1856.4000244140625,
2011-09-11,,,,46.643001556396484
2011-09-12,2191.840087890625,4946.7998046875,1809.9000244140625,47.15999984741211
2011-09-13,2220.580078125,4940.9501953125,1826.800048828125,47.459999084472656
2011-09-14,2252.75,5012.5498046875,1823.5,47.560001373291016
2011-09-15,2286.56005859375,5075.7001953125,1778.5,47.5
2011-09-16,2306.090087890625,5084.25,1812.0999755859375,
2011-09-18,,,,47.16999816894531
2011-09-19,2308.760009765625,5031.9501953125,1776.4000244140625,47.722999572753906
2011-09-20,2295.889892578125,5140.2001953125,1806.5999755859375,47.90999984741211
2011-09-21,2258.300048828125,5133.25,1805.5,48.209999084472656
2011-09-22,2184.590087890625,4923.64990234375,1739.199951171875,49.472999572753906
2011-09-23,2206.860107421875,4867.75,1637.5,
2011-09-25,,,,49.34299850463867
2011-09-26,2234.280029296875,4835.39990234375,1592.5,49.400001525878906
2011-09-27,2253.550048828125,4971.25,1650.5999755859375,48.810001373291016
2011-09-28,2220.840087890625,4945.89990234375,1616.300048828125,48.75
2011-09-29,2197.679931640625,5015.4501953125,1615.5,48.86000061035156
2011-09-30,2139.179931640625,4943.25,1620.4000244140625,
2011-10-02,,,,49.04999923706055
2011-10-03,2085.0400390625,4849.5,1656.0,49.099998474121094
2011-10-04,2129.2099609375,4772.14990234375,1614.699951171875,49.303001403808594
2011-10-05,2182.77001953125,4751.2998046875,1640.300048828125,49.150001525878906
2011-10-06,2217.989990234375,,1651.9000244140625,49.040000915527344
2011-10-07,2202.760009765625,4888.0498046875,1634.5,
2011-10-09,,,,48.893001556396484
2011-10-10,2278.64990234375,4979.60009765625,1669.5999755859375,48.8129997253418
2011-10-11,2294.919921875,4974.35009765625,1659.699951171875,49.237998962402344
2011-10-12,2307.179931640625,5099.39990234375,1681.300048828125,48.90999984741211
2011-10-13,2326.8798828125,5077.85009765625,1667.300048828125,49.20000076293945
2011-10-14,2371.93994140625,5132.2998046875,1681.800048828125,
2011-10-16,,,,48.893001556396484
2011-10-17,2334.3798828125,5118.25,1675.5,48.900001525878906
2011-10-18,2364.8701171875,5037.5,1651.699951171875,49.2400016784668
2011-10-19,2316.81005859375,5139.14990234375,1646.0,49.0099983215332
2011-10-20,2306.2900390625,5091.89990234375,1611.9000244140625,49.86000061035156
2011-10-21,2335.929931640625,5049.9501953125,1635.0999755859375,
2011-10-23,,,,49.823001861572266
2011-10-24,2384.419921875,5098.35009765625,1651.5,49.54999923706055
2011-10-25,2335.8701171875,5191.60009765625,1699.5999755859375,49.40999984741211
2011-10-26,2334.7900390625,,1722.699951171875,49.36000061035156
2011-10-27,2399.830078125,,1746.699951171875,49.790000915527344
2011-10-28,2401.2900390625,5360.7001953125,1746.199951171875,
2011-10-31,2360.080078125,5326.60009765625,1724.199951171875,48.62799835205078
2011-11-01,2298.3701171875,5257.9501953125,1711.0,48.67300033569336
2011-11-02,2318.320068359375,5258.4501953125,1728.699951171875,49.257999420166016
2011-11-03,2367.7099609375,5265.75,1764.199951171875,49.12300109863281
2011-11-04,2356.320068359375,5284.2001953125,1755.300048828125,49.04800033569336
2011-11-07,2371.0400390625,,1790.300048828125,48.99300003051758
2011-11-08,2400.010009765625,5289.35009765625,1798.4000244140625,48.90999984741211
2011-11-09,2314.10009765625,5221.0498046875,1790.9000244140625,49.310001373291016
2011-11-10,2312.070068359375,,1758.9000244140625,50.04999923706055
2011-11-11,2355.780029296875,5168.85009765625,1787.5,49.959999084472656
2011-11-14,2341.320068359375,5148.35009765625,1777.800048828125,50.03300094604492
2011-11-15,2366.239990234375,5068.5,1781.699951171875,50.36800003051758
2011-11-16,2324.3701171875,5030.4501953125,1773.800048828125,50.62300109863281
2011-11-17,2272.090087890625,4934.75,1719.800048828125,50.702999114990234
2011-11-18,2253.949951171875,4905.7998046875,1724.699951171875,50.948001861572266
2011-11-21,2211.139892578125,4778.35009765625,1678.300048828125,51.22800064086914
2011-11-22,2216.330078125,4812.35009765625,1702.199951171875,52.05799865722656
2011-11-23,2166.5400390625,4706.4501953125,1695.699951171875,52.483001708984375
2011-11-24,,,,52.257999420166016
2011-11-25,2150.8798828125,4710.0498046875,1685.5,52.0629997253418
2011-11-28,2224.219970703125,4851.2998046875,1710.800048828125,52.22800064086914
2011-11-29,2211.389892578125,4805.10009765625,1713.4000244140625,51.94300079345703
2011-11-30,2295.199951171875,4832.0498046875,1745.5,51.90299987792969
2011-12-01,2309.199951171875,4936.85009765625,1735.300048828125,51.72999954223633
2011-12-02,2302.0400390625,5050.14990234375,1747.0,51.29999923706055
2011-12-05,2326.949951171875,5039.14990234375,1730.699951171875,51.10300064086914
2011-12-06,2321.489990234375,,1727.9000244140625,51.20000076293945
2011-12-07,2320.5400390625,5062.60009765625,1740.9000244140625,51.20000076293945
2011-12-08,2282.590087890625,4943.64990234375,1709.800048828125,51.599998474121094
2011-12-09,2318.679931640625,4866.7001953125,1712.800048828125,51.70000076293945
2011-12-12,2292.239990234375,4764.60009765625,1664.199951171875,51.86800003051758
2011-12-13,2268.3701171875,4800.60009765625,1659.9000244140625,52.650001525878906
2011-12-14,2233.030029296875,4763.25,1584.300048828125,53.099998474121094
2011-12-15,2226.7099609375,4746.35009765625,1574.5999755859375,53.709999084472656
2011-12-16,2238.179931640625,4651.60009765625,1595.5999755859375,53.209999084472656
2011-12-19,2215.27001953125,4613.10009765625,1594.4000244140625,52.49300003051758
2011-12-20,2281.93994140625,4544.2001953125,1615.5999755859375,52.70000076293945
2011-12-21,2249.030029296875,4693.14990234375,1611.9000244140625,52.709999084472656
2011-12-22,2266.77001953125,4733.85009765625,1608.9000244140625,52.393001556396484
2011-12-23,2287.570068359375,4714.0,1604.699951171875,52.5099983215332
2011-12-26,,,,52.78300094604492
2011-12-27,2293.1201171875,4750.5,1594.199951171875,52.70000076293945
2011-12-28,2267.080078125,4705.7998046875,1562.9000244140625,52.849998474121094
2011-12-29,2285.070068359375,4646.25,1539.9000244140625,52.86000061035156
2011-12-30,2277.830078125,4624.2998046875,1565.800048828125,53.0
2012-01-02,,,,53.007999420166016
2012-01-03,2321.9599609375,4765.2998046875,1599.699951171875,53.29800033569336
2012-01-04,2329.7099609375,4749.64990234375,1611.9000244140625,53.04999923706055
2012-01-05,2348.97998046875,4749.9501953125,1619.4000244140625,52.849998474121094
2012-01-06,2356.169921875,4754.10009765625,1616.0999755859375,52.7599983215332
2012-01-09,2350.64990234375,4742.7998046875,1607.5,52.67300033569336
2012-01-10,2367.3798828125,4849.5498046875,1631.0,52.380001068115234
2012-01-11,2372.25,4860.9501953125,1639.199951171875,51.599998474121094
2012-01-12,2381.989990234375,4831.25,1647.300048828125,51.75
2012-01-13,2371.97998046875,4866.0,1630.4000244140625,51.45000076293945
2012-01-16,,4873.89990234375,,51.43299865722656
2012-01-17,2393.239990234375,4967.2998046875,1655.199951171875,51.380001068115234
2012-01-18,2425.9599609375,4955.7998046875,1659.5,50.650001525878906
2012-01-19,2441.699951171875,5018.39990234375,1654.0999755859375,50.36000061035156
2012-01-20,2437.02001953125,5048.60009765625,1663.699951171875,50.303001403808594
2012-01-23,2437.219970703125,5046.25,1678.0,50.222999572753906
2012-01-24,2433.9599609375,5127.35009765625,1664.199951171875,49.84000015258789
2012-01-25,2465.659912109375,5158.2998046875,1699.800048828125,50.0
2012-01-26,2454.6298828125,,1726.300048828125,50.0
2012-01-27,2461.77001953125,5204.7001953125,1731.800048828125,52.49300003051758
2012-01-30,2465.320068359375,5087.2998046875,1731.0,49.38800048828125
2012-01-31,2467.949951171875,5199.25,1737.800048828125,52.49300003051758
2012-02-01,2488.179931640625,5235.7001953125,1747.0999755859375,49.5
2012-02-02,2495.830078125,5269.89990234375,1756.800048828125,49.0099983215332
2012-02-03,2529.169921875,5325.85009765625,1737.9000244140625,49.0
2012-02-06,2528.300048828125,5361.64990234375,1722.800048828125,48.65299987792969
2012-02-07,2532.06005859375,5335.14990234375,1746.4000244140625,49.053001403808594
2012-02-08,2545.719970703125,5368.14990234375,1729.300048828125,49.042999267578125
2012-02-09,2563.929931640625,5412.35009765625,1739.0,49.14799880981445
2012-02-10,2547.320068359375,5381.60009765625,1723.300048828125,49.487998962402344
2012-02-13,2569.489990234375,5390.2001953125,1723.0,49.35300064086914
2012-02-14,2575.239990234375,5416.0498046875,1715.9000244140625,49.1879997253418
2012-02-15,2556.010009765625,5531.9501953125,1726.300048828125,49.358001708984375
2012-02-16,2592.2900390625,5521.9501953125,1726.800048828125,49.28300094604492
2012-02-17,2584.239990234375,5564.2998046875,1724.5,49.28300094604492
2012-02-20,,,,49.31800079345703
2012-02-21,2590.239990234375,5607.14990234375,1757.0999755859375,49.14799880981445
2012-02-22,2579.780029296875,5505.35009765625,1770.0,49.303001403808594
2012-02-23,2594.929931640625,5483.2998046875,1784.9000244140625,49.21799850463867
2012-02-24,2604.2099609375,5429.2998046875,1775.0999755859375,49.09299850463867
2012-02-27,2606.760009765625,5281.2001953125,1773.5999755859375,49.007999420166016
2012-02-28,2633.4599609375,5375.5,1787.0,49.17300033569336
2012-02-29,2623.10009765625,5385.2001953125,1709.9000244140625,49.06800079345703
2012-03-01,2643.5400390625,5339.75,1721.0999755859375,49.00299835205078
2012-03-02,2641.580078125,5359.35009765625,1708.800048828125,49.198001861572266
2012-03-05,2614.919921875,5280.35009765625,1703.0,49.518001556396484
2012-03-06,2588.949951171875,5222.39990234375,1671.4000244140625,49.83300018310547
2012-03-07,2607.85009765625,5220.4501953125,1683.300048828125,50.358001708984375
2012-03-08,2637.179931640625,,1698.0999755859375,50.27799987792969
2012-03-09,2646.85009765625,5333.5498046875,1710.9000244140625,50.073001861572266
2012-03-12,2646.85009765625,5359.5498046875,1699.199951171875,49.75299835205078
2012-03-13,2697.429931640625,5429.5,1693.699951171875,49.96799850463867
2012-03-14,2708.409912109375,5463.89990234375,1642.5,49.83000183105469
2012-03-15,2714.7900390625,5380.5,1659.0999755859375,49.90800094604492
2012-03-16,2712.780029296875,5317.89990234375,1655.5,50.37799835205078
2012-03-19,2733.260009765625,5257.0498046875,1666.9000244140625,50.132999420166016
2012-03-20,2737.6298828125,5274.85009765625,1646.699951171875,50.22800064086914
2012-03-21,2736.8798828125,5364.9501953125,1650.0,50.38800048828125
2012-03-22,2731.5,5228.4501953125,1642.300048828125,50.62799835205078
2012-03-23,2728.550048828125,5278.2001953125,1662.300048828125,51.119998931884766
2012-03-25,,,,51.167999267578125
2012-03-26,2778.02001953125,5184.25,1685.5,51.02299880981445
2012-03-27,2782.1201171875,5243.14990234375,1684.800048828125,50.678001403808594
2012-03-28,2770.969970703125,5194.75,1657.9000244140625,50.77299880981445
2012-03-29,2762.050048828125,5178.85009765625,1652.199951171875,51.3380012512207
2012-03-30,2755.27001953125,5295.5498046875,1669.300048828125,
2012-04-01,,,,50.86800003051758
2012-04-02,2784.419921875,5317.89990234375,1677.5,50.86800003051758
2012-04-03,2782.780029296875,5358.5,1670.0,50.25
2012-04-04,2745.0,5322.89990234375,1612.300048828125,51.108001708984375
2012-04-05,2762.5,,1628.5,51.03300094604492
2012-04-08,,,,51.03300094604492
2012-04-09,2739.97998046875,5234.39990234375,1642.5,51.04999923706055
2012-04-10,2695.1201171875,5243.60009765625,1659.5,51.472999572753906
2012-04-11,2708.1298828125,5226.85009765625,1659.0,51.45800018310547
2012-04-12,2740.260009765625,5276.85009765625,1679.5,51.22800064086914
2012-04-13,2698.989990234375,5207.4501953125,1659.0999755859375,
2012-04-15,,,,51.542999267578125
2012-04-16,2670.10009765625,5226.2001953125,1648.699951171875,51.667999267578125
2012-04-17,2723.580078125,5289.7001953125,1650.300048828125,51.46799850463867
2012-04-18,2716.139892578125,5300.0,1638.800048828125,51.78799819946289
2012-04-19,2686.820068359375,5332.39990234375,1640.5999755859375,52.13800048828125
2012-04-20,2676.0400390625,5290.85009765625,1642.0999755859375,
2012-04-22,,,,52.06800079345703
2012-04-23,2653.5,5200.60009765625,1631.9000244140625,52.49800109863281
2012-04-24,2638.72998046875,5222.64990234375,1643.0,52.67300033569336
2012-04-25,2709.6201171875,5202.0,1641.4000244140625,52.53799819946289
2012-04-26,2725.22998046875,5189.0,1659.5999755859375,52.40299987792969
2012-04-27,2741.340087890625,5190.60009765625,1664.0,
2012-04-29,,,,52.53799819946289
2012-04-30,2723.679931640625,5248.14990234375,1663.4000244140625,52.65800094604492
2012-05-01,2726.919921875,,1661.699951171875,52.529998779296875
2012-05-02,2734.77001953125,5239.14990234375,1653.4000244140625,52.95800018310547
2012-05-03,2704.590087890625,5188.39990234375,1634.199951171875,53.40800094604492
2012-05-04,2637.919921875,5086.85009765625,1644.699951171875,
2012-05-06,,,,53.46799850463867
2012-05-07,2639.280029296875,5114.14990234375,1638.5999755859375,52.90299987792969
2012-05-08,2629.8701171875,4999.9501953125,1604.0,53.11800003051758
2012-05-09,2621.35009765625,4974.7998046875,1593.699951171875,53.81800079345703
2012-05-10,2616.239990234375,4965.7001953125,1595.0999755859375,53.25299835205078
2012-05-11,2615.97998046875,4928.89990234375,1583.5999755859375,
2012-05-13,,,,53.62799835205078
2012-05-14,2590.280029296875,4907.7998046875,1560.5999755859375,53.95800018310547
2012-05-15,2580.75,4942.7998046875,1556.800048828125,53.78799819946289
2012-05-16,2561.56005859375,4858.25,1536.199951171875,54.487998962402344
2012-05-17,2509.050048828125,4870.2001953125,1574.5,54.46799850463867
2012-05-18,2478.530029296875,4891.4501953125,1591.5999755859375,
2012-05-20,,,,54.417999267578125
2012-05-21,2545.429931640625,,1588.4000244140625,55.02799987792969
2012-05-22,2539.199951171875,4860.5,1576.300048828125,55.38800048828125
2012-05-23,2547.080078125,4835.64990234375,1548.0999755859375,55.99300003051758
2012-05-24,2531.35009765625,4921.39990234375,1557.300048828125,55.560001373291016
2012-05-25,2527.050048828125,4920.39990234375,1568.800048828125,
2012-05-27,,,,55.36800003051758
2012-05-28,,4985.64990234375,,55.36800003051758
2012-05-29,2558.969970703125,4990.10009765625,1548.5999755859375,55.667999267578125
2012-05-30,2537.39990234375,4950.75,1563.4000244140625,56.22800064086914
2012-05-31,2524.8701171875,4924.25,1562.5999755859375,56.077999114990234
2012-06-01,2458.830078125,4841.60009765625,1620.5,
2012-06-03,,,,55.53799819946289
2012-06-04,2478.1298828125,4848.14990234375,1612.199951171875,55.64799880981445
2012-06-05,2487.5,4863.2998046875,1615.199951171875,55.63800048828125
2012-06-06,2546.320068359375,4997.10009765625,1632.800048828125,55.358001708984375
2012-06-07,2535.409912109375,5049.64990234375,1586.5999755859375,54.9379997253418
2012-06-08,2559.2099609375,5068.35009765625,1590.0999755859375,
2012-06-10,,,,55.417999267578125
2012-06-11,2517.179931640625,5054.10009765625,1595.5,55.65800094604492
2012-06-12,2546.199951171875,5115.89990234375,1612.699951171875,55.79800033569336
2012-06-13,2527.43994140625,5121.4501953125,1618.0999755859375,55.678001403808594
2012-06-14,2539.969970703125,5054.75,1618.4000244140625,55.79800033569336
2012-06-15,2571.22998046875,5139.0498046875,1627.0,
2012-06-17,,,,55.38800048828125
2012-06-18,2592.52001953125,5064.25,1625.699951171875,55.90299987792969
2012-06-19,2620.830078125,5103.85009765625,1622.199951171875,55.948001861572266
2012-06-20,2623.330078125,5120.5498046875,1614.800048828125,56.14799880981445
2012-06-21,2556.9599609375,5165.0,1564.5,56.29800033569336
2012-06-22,2585.530029296875,5146.0498046875,1566.0,
2012-06-24,,,,57.11800003051758
2012-06-25,2533.5400390625,5114.64990234375,1587.5,57.007999420166016
2012-06-26,2549.840087890625,5120.7998046875,1574.0,57.007999420166016
2012-06-27,2565.530029296875,5141.89990234375,1577.5,56.849998474121094
2012-06-28,2536.64990234375,5149.14990234375,1549.699951171875,56.79800033569336
2012-06-29,2615.719970703125,5278.89990234375,1603.5,
2012-07-01,,,,55.50299835205078
2012-07-02,2625.030029296875,5278.60009765625,1597.199951171875,55.428001403808594
2012-07-03,2645.840087890625,5287.9501953125,1621.300048828125,54.358001708984375
2012-07-04,,5302.5498046875,,54.47800064086914
2012-07-05,2647.469970703125,5327.2998046875,1608.9000244140625,54.9379997253418
2012-07-06,2612.2900390625,5316.9501953125,1578.4000244140625,
2012-07-08,,,,55.40299987792969
2012-07-09,2610.31005859375,5275.14990234375,1588.5999755859375,55.84299850463867
2012-07-10,2585.52001953125,5345.35009765625,1579.300048828125,55.38800048828125
2012-07-11,2570.989990234375,5306.2998046875,1575.199951171875,55.61800003051758
2012-07-12,2545.300048828125,5235.25,1564.9000244140625,55.928001403808594
2012-07-13,2584.969970703125,5227.25,1591.5999755859375,
2012-07-15,,,,55.13800048828125
2012-07-16,2577.050048828125,5197.25,1591.199951171875,55.04800033569336
2012-07-17,2591.64990234375,5192.85009765625,1589.0999755859375,55.097999572753906
2012-07-18,2625.8701171875,5216.2998046875,1570.4000244140625,55.3129997253418
2012-07-19,2655.81005859375,5242.7001953125,1580.0999755859375,55.11800003051758
2012-07-20,2618.0400390625,5205.10009765625,1582.5,
2012-07-22,,,,55.31800079345703
2012-07-23,2589.929931640625,5117.9501953125,1577.0999755859375,55.9630012512207
2012-07-24,2567.4599609375,5128.2001953125,1576.0,56.108001708984375
2012-07-25,2549.199951171875,5109.60009765625,1608.0,56.15800094604492
2012-07-26,2584.85009765625,5043.0,1615.0,55.518001556396484
2012-07-27,2647.030029296875,5099.85009765625,1617.9000244140625,
2012-07-29,,,,55.24800109863281
2012-07-30,2642.1201171875,5199.7998046875,1619.699951171875,55.42300033569336
2012-07-31,2642.530029296875,5229.0,1610.5,55.64799880981445
2012-08-01,2635.1298828125,5240.5,1603.699951171875,55.46799850463867
2012-08-02,2625.52001953125,5227.75,1587.4000244140625,55.8380012512207
2012-08-03,2676.0,5215.7001953125,1606.0,
2012-08-05,,,,55.74800109863281
2012-08-06,2694.090087890625,5282.5498046875,1612.9000244140625,55.518001556396484
2012-08-07,2717.159912109375,5336.7001953125,1609.699951171875,55.0629997253418
2012-08-08,2714.02001953125,5338.0,1612.9000244140625,55.417999267578125
2012-08-09,2719.610107421875,5322.9501953125,1617.0999755859375,55.268001556396484
2012-08-10,2722.9599609375,5320.39990234375,1619.699951171875,
2012-08-12,,,,55.27799987792969
2012-08-13,2728.679931640625,5347.89990234375,1609.5999755859375,55.3380012512207
2012-08-14,2727.7900390625,5380.35009765625,1599.4000244140625,55.64799880981445
2012-08-15,2735.469970703125,,1603.699951171875,55.64799880981445
2012-08-16,2768.090087890625,5362.9501953125,1616.0999755859375,55.61800003051758
2012-08-17,2780.300048828125,5366.2998046875,1616.300048828125,
2012-08-19,,,,55.72800064086914
2012-08-20,2784.330078125,,1620.0999755859375,55.49800109863281
2012-08-21,2772.199951171875,5421.0,1639.9000244140625,55.362998962402344
2012-08-22,2783.419921875,5412.85009765625,1637.4000244140625,55.49300003051758
2012-08-23,2762.02001953125,5415.35009765625,1669.5999755859375,55.257999420166016
2012-08-24,2778.050048828125,5386.7001953125,1669.800048828125,
2012-08-26,,,,55.49800109863281
2012-08-27,2782.550048828125,5350.25,1672.4000244140625,55.6879997253418
2012-08-28,2782.68994140625,,1666.5,55.66299819946289
2012-08-29,2784.0,5287.7998046875,1659.800048828125,55.62300109863281
2012-08-30,2753.739990234375,5315.0498046875,1653.5,55.62799835205078
2012-08-31,2772.239990234375,5258.5,1684.5999755859375,
2012-09-02,,,,55.518001556396484
2012-09-03,,5253.75,,55.52799987792969
2012-09-04,2772.030029296875,5274.0,1692.9000244140625,55.64799880981445
2012-09-05,2766.949951171875,5225.7001953125,1690.800048828125,55.90299987792969
2012-09-06,2829.7099609375,5238.39990234375,1702.5999755859375,55.65800094604492
2012-09-07,2825.110107421875,5342.10009765625,1737.5,
2012-09-09,,,,55.358001708984375
2012-09-10,2788.35009765625,5363.4501953125,1728.699951171875,55.4379997253418
2012-09-11,2784.889892578125,5390.0,1731.800048828125,55.3380012512207
2012-09-12,2791.679931640625,5431.0,1730.5999755859375,55.20800018310547
2012-09-13,2831.35009765625,5435.35009765625,1769.0999755859375,55.417999267578125
2012-09-14,2855.22998046875,5577.64990234375,1769.800048828125,
2012-09-16,,,,54.29800033569336
2012-09-17,2856.43994140625,5610.0,1767.699951171875,54.007999420166016
2012-09-18,2857.3798828125,5600.0498046875,1768.4000244140625,54.018001556396484
2012-09-19,2864.030029296875,,1769.0,54.018001556396484
2012-09-20,2861.699951171875,5554.25,1767.699951171875,54.257999420166016
2012-09-21,2861.639892578125,5691.14990234375,1775.5,
2012-09-23,,,,53.358001708984375
2012-09-24,2843.97998046875,5669.60009765625,1762.0999755859375,53.46799850463867
2012-09-25,2804.530029296875,5673.89990234375,1763.800048828125,53.358001708984375
2012-09-26,2781.6298828125,5663.4501953125,1750.5999755859375,53.507999420166016
2012-09-27,2821.60009765625,5649.5,1777.5999755859375,53.007999420166016
2012-09-28,2799.18994140625,5703.2998046875,1771.0999755859375,
2012-09-30,,,,52.847999572753906
2012-10-01,2794.280029296875,5718.7998046875,1780.5,52.39799880981445
2012-10-02,2799.2900390625,,1772.699951171875,52.39799880981445
2012-10-03,2818.840087890625,5731.25,1777.300048828125,52.15299987792969
2012-10-04,2828.60009765625,5787.60009765625,1794.0999755859375,51.737998962402344
2012-10-05,2811.93994140625,5746.9501953125,1778.5999755859375,
2012-10-07,,,,51.90800094604492
2012-10-08,2786.919921875,5676.0,1773.5,52.63800048828125
2012-10-09,2741.919921875,5704.60009765625,1763.0,52.71799850463867
2012-10-10,2728.5400390625,5652.14990234375,1763.199951171875,53.042999267578125
2012-10-11,2719.2099609375,5708.0498046875,1768.800048828125,52.667999267578125
2012-10-12,2720.139892578125,5676.0498046875,1758.0,
2012-10-14,,,,52.803001403808594
2012-10-15,2739.8701171875,5687.25,1736.0,53.01300048828125
2012-10-16,2778.3798828125,5648.0,1744.699951171875,52.86800003051758
2012-10-17,2775.6201171875,5660.25,1751.5,52.86800003051758
2012-10-18,2744.169921875,5718.7001953125,1743.300048828125,53.40800094604492
2012-10-19,2678.320068359375,5684.25,1722.800048828125,
2012-10-21,,,,53.8380012512207
2012-10-22,2694.56005859375,5717.14990234375,1725.0999755859375,53.46799850463867
2012-10-23,2666.02001953125,5691.39990234375,1708.300048828125,53.71799850463867
2012-10-24,2655.550048828125,,1700.5,53.733001708984375
2012-10-25,2657.659912109375,5705.2998046875,1712.0,53.54800033569336
2012-10-26,2665.830078125,,1710.9000244140625,
2012-10-29,,5665.60009765625,,53.54800033569336
2012-10-30,,5597.89990234375,,54.077999114990234
2012-10-31,2647.919921875,5619.7001953125,1717.5,53.95800018310547
2012-11-01,2687.52001953125,5645.0498046875,1714.0999755859375,53.87799835205078
2012-11-02,2656.280029296875,5697.7001953125,1674.0999755859375,53.65299987792969
2012-11-05,2672.909912109375,5704.2001953125,1682.199951171875,53.80799865722656
2012-11-06,2681.050048828125,5724.39990234375,1714.0999755859375,54.5880012512207
2012-11-07,2612.68994140625,5760.10009765625,1713.199951171875,54.417999267578125
2012-11-08,2572.570068359375,5738.75,1725.4000244140625,54.198001861572266
2012-11-09,2584.10009765625,5686.25,1730.300048828125,54.358001708984375
2012-11-12,2582.77001953125,5683.7001953125,1730.300048828125,54.5880012512207
2012-11-13,2561.860107421875,,1724.199951171875,54.87799835205078
2012-11-14,2531.8701171875,,1729.5,54.87799835205078
2012-11-15,2524.360107421875,5631.0,1713.300048828125,54.803001403808594
2012-11-16,2534.159912109375,5574.0498046875,1714.300048828125,54.698001861572266
2012-11-19,2595.830078125,5571.39990234375,1734.0,55.15800094604492
2012-11-20,2594.659912109375,5571.5498046875,1723.199951171875,55.05799865722656
2012-11-21,2600.47998046875,5614.7998046875,1727.9000244140625,55.097999572753906
2012-11-22,,5627.75,,55.108001708984375
2012-11-23,2639.590087890625,5626.60009765625,1751.300048828125,55.20800018310547
2012-11-26,2651.669921875,5635.89990234375,1749.5,55.44300079345703
2012-11-27,2641.419921875,5727.4501953125,1742.199951171875,55.63600158691406
2012-11-28,2665.27001953125,,1716.5,55.448001861572266
2012-11-29,2680.030029296875,5825.0,1727.199951171875,55.702999114990234
2012-11-30,2677.8798828125,5879.85009765625,1710.9000244140625,54.8380012512207
2012-12-03,2671.840087890625,5870.9501953125,1719.5999755859375,54.257999420166016
2012-12-04,2667.889892578125,5889.25,1694.4000244140625,54.768001556396484
2012-12-05,2637.889892578125,5900.5,1692.4000244140625,54.67300033569336
2012-12-06,2656.300048828125,5930.89990234375,1700.300048828125,54.53799819946289
2012-12-07,2640.5400390625,5907.39990234375,1704.0,54.132999420166016
2012-12-10,2647.570068359375,5908.89990234375,1713.0,54.3380012512207
2012-12-11,2682.070068359375,5898.7998046875,1708.199951171875,54.487998962402344
2012-12-12,2674.570068359375,5888.0,1716.5999755859375,54.257999420166016
2012-12-13,2654.010009765625,5851.5,1695.5999755859375,54.31800079345703
2012-12-14,2628.090087890625,5879.60009765625,1695.800048828125,54.45800018310547
2012-12-17,2664.260009765625,5857.89990234375,1697.0,54.4379997253418
2012-12-18,2705.389892578125,5896.7998046875,1669.5,54.847999572753906
2012-12-19,2690.989990234375,5929.60009765625,1666.5,54.847999572753906
2012-12-20,2693.550048828125,5916.39990234375,1644.9000244140625,54.54800033569336
2012-12-21,2664.669921875,5847.7001953125,1659.0999755859375,54.847999572753906
2012-12-24,2658.050048828125,5855.75,1658.5999755859375,55.05799865722656
2012-12-25,,,,54.948001861572266
2012-12-26,2637.179931640625,5905.60009765625,1659.800048828125,55.007999420166016
2012-12-27,2632.93994140625,5870.10009765625,1662.5999755859375,54.8380012512207
2012-12-28,2606.360107421875,5908.35009765625,1654.9000244140625,54.94200134277344
2012-12-31,2660.929931640625,5905.10009765625,1674.800048828125,54.75299835205078
2013-01-01,,,,54.99300003051758
2013-01-02,2746.469970703125,5993.25,1687.9000244140625,54.678001403808594
2013-01-03,2732.260009765625,6009.5,1673.699951171875,54.347999572753906
2013-01-04,2724.489990234375,6016.14990234375,1648.0999755859375,54.49800109863281
2013-01-07,2724.219970703125,5988.39990234375,1645.5,54.880001068115234
2013-01-08,2718.719970703125,6001.7001953125,1661.5,55.21799850463867
2013-01-09,2727.64990234375,5971.5,1654.800048828125,54.987998962402344
2013-01-10,2744.179931640625,5968.64990234375,1677.300048828125,54.74800109863281
2013-01-11,2748.260009765625,5951.2998046875,1660.0,54.55799865722656
2013-01-14,2735.699951171875,6024.0498046875,1668.9000244140625,54.86800003051758
2013-01-15,2722.97998046875,6056.60009765625,1683.4000244140625,54.49300003051758
2013-01-16,2734.72998046875,6001.85009765625,1682.699951171875,54.612998962402344
2013-01-17,2747.14990234375,6039.2001953125,1690.4000244140625,54.6879997253418
2013-01-18,2743.239990234375,6064.39990234375,1686.5999755859375,54.347999572753906
2013-01-21,,6082.2998046875,,53.737998962402344
2013-01-22,2746.18994140625,6048.5,1692.800048828125,53.768001556396484
2013-01-23,2762.169921875,6054.2998046875,1686.300048828125,53.80799865722656
2013-01-24,2723.530029296875,6019.35009765625,1669.5,53.667999267578125
2013-01-25,2736.72998046875,6074.64990234375,1656.4000244140625,53.678001403808594
2013-01-28,2742.429931640625,6074.7998046875,1652.4000244140625,53.792999267578125
2013-01-29,2743.580078125,6049.89990234375,1660.699951171875,53.90800094604492
2013-01-30,2738.7099609375,6055.75,1679.9000244140625,53.757999420166016
2013-01-31,2731.530029296875,6034.75,1660.5999755859375,53.303001403808594
2013-02-01,2763.9599609375,5998.89990234375,1669.4000244140625,53.2130012512207
2013-02-04,2715.679931640625,5987.25,1675.300048828125,53.16299819946289
2013-02-05,2754.989990234375,5956.89990234375,1672.4000244140625,53.28300094604492
2013-02-06,2746.35009765625,5959.2001953125,1677.699951171875,53.132999420166016
2013-02-07,2746.5,5938.7998046875,1670.4000244140625,53.15299987792969
2013-02-08,2775.56005859375,5903.5,1666.0,53.21799850463867
2013-02-11,2774.639892578125,5897.85009765625,1648.199951171875,53.5880012512207
2013-02-12,2762.6201171875,5922.5,1648.699951171875,53.95800018310547
2013-02-13,2773.77001953125,5932.9501953125,1644.199951171875,53.847999572753906
2013-02-14,2771.429931640625,5896.9501953125,1634.699951171875,53.81800079345703
2013-02-15,2764.669921875,5887.39990234375,1608.800048828125,53.917999267578125
2013-02-18,,5898.2001953125,,54.31800079345703
2013-02-19,2782.860107421875,5939.7001953125,1603.5999755859375,54.178001403808594
2013-02-20,2739.989990234375,5943.0498046875,1577.5999755859375,54.16299819946289
2013-02-21,2711.510009765625,5852.25,1578.199951171875,54.06800079345703
2013-02-22,2737.280029296875,5850.2998046875,1572.4000244140625,54.46799850463867
2013-02-25,2700.969970703125,5854.75,1586.199951171875,54.27299880981445
2013-02-26,2713.02001953125,5761.35009765625,1615.199951171875,53.862998962402344
2013-02-27,2741.260009765625,5796.89990234375,1595.199951171875,54.0880012512207
2013-02-28,2738.580078125,5693.0498046875,1577.699951171875,53.858001708984375
2013-03-01,2747.75,5719.7001953125,1571.9000244140625,54.362998962402344
2013-03-04,2759.530029296875,5698.5,1572.0999755859375,54.89799880981445
2013-03-05,2799.25,5784.25,1574.5999755859375,54.858001708984375
2013-03-06,2792.56005859375,5818.60009765625,1574.5999755859375,54.917999267578125
2013-03-07,2799.489990234375,5863.2998046875,1574.800048828125,54.7130012512207
2013-03-08,2804.110107421875,5945.7001953125,1576.5999755859375,54.55799865722656
2013-03-11,2811.860107421875,5942.35009765625,1577.800048828125,54.34299850463867
2013-03-12,2800.81005859375,5914.10009765625,1591.5,54.40800094604492
2013-03-13,2798.679931640625,5851.2001953125,1588.300048828125,54.141998291015625
2013-03-14,2807.300048828125,5908.9501953125,1590.5999755859375,54.362998962402344
2013-03-15,2799.409912109375,5872.60009765625,1592.5,54.35300064086914
2013-03-18,2792.300048828125,5835.25,1604.5999755859375,54.02299880981445
2013-03-19,2787.27001953125,5745.9501953125,1611.300048828125,54.073001861572266
2013-03-20,2805.909912109375,5694.39990234375,1607.5,54.36800003051758
2013-03-21,2774.85009765625,5658.75,1613.800048828125,54.349998474121094
2013-03-22,2800.81005859375,5651.35009765625,1606.199951171875,54.27799987792969
2013-03-25,2789.449951171875,5633.85009765625,1604.5999755859375,54.34299850463867
2013-03-26,2806.5,5641.60009765625,1595.800048828125,54.167999267578125
2013-03-27,2809.97998046875,,1606.199951171875,54.362998962402344
2013-03-28,2818.68994140625,5682.5498046875,1594.800048828125,54.38800048828125
2013-03-29,,,,54.38800048828125
2013-03-31,,,,54.27799987792969
2013-04-01,2797.070068359375,5704.39990234375,1600.0,54.25
2013-04-02,2820.6201171875,5748.10009765625,1575.0999755859375,54.42300033569336
2013-04-03,2795.0400390625,5672.89990234375,1552.800048828125,54.428001403808594
2013-04-04,2794.919921875,5574.75,1551.800048828125,54.882999420166016
2013-04-05,2771.75,5553.25,1575.4000244140625,
2013-04-07,,,,54.803001403808594
2013-04-08,2786.1298828125,5542.9501953125,1572.0,54.55799865722656
2013-04-09,2804.669921875,5495.10009765625,1586.199951171875,54.577999114990234
2013-04-10,2859.2099609375,5558.7001953125,1558.300048828125,54.51300048828125
2013-04-11,2859.070068359375,5594.0,1564.300048828125,54.29800033569336
2013-04-12,2856.47998046875,5528.5498046875,1501.0,
2013-04-14,,,,54.51300048828125
2013-04-15,2797.469970703125,5568.39990234375,1360.5999755859375,54.542999267578125
2013-04-16,2838.409912109375,5688.9501953125,1386.800048828125,54.14799880981445
2013-04-17,2781.97998046875,5688.7001953125,1382.199951171875,54.20800018310547
2013-04-18,2741.949951171875,5783.10009765625,1392.0,54.02299880981445
2013-04-19,2780.4599609375,,1395.300048828125,
2013-04-21,,,,53.93299865722656
2013-04-22,2810.070068359375,5834.39990234375,1421.0,54.13800048828125
2013-04-23,2835.3701171875,5836.89990234375,1408.5999755859375,54.37799835205078
2013-04-24,2834.1201171875,,1423.4000244140625,54.27299880981445
2013-04-25,2848.659912109375,5916.2998046875,1461.800048828125,54.21799850463867
2013-04-26,2840.550048828125,5871.4501953125,1453.5999755859375,
2013-04-28,,,,54.37300109863281
2013-04-29,2866.949951171875,5904.10009765625,1467.4000244140625,54.22800064086914
2013-04-30,2887.43994140625,5930.2001953125,1472.199951171875,53.79800033569336
2013-05-01,2873.35009765625,,1446.300048828125,53.65800094604492
2013-05-02,2911.139892578125,5999.35009765625,1467.699951171875,53.80799865722656
2013-05-03,2944.590087890625,5944.0,1464.300048828125,
2013-05-05,,,,53.779998779296875
2013-05-06,2955.360107421875,5971.0498046875,1468.0999755859375,54.17300033569336
2013-05-07,2952.8798828125,6043.5498046875,1449.0,54.12799835205078
2013-05-08,2968.239990234375,6069.2998046875,1473.9000244140625,54.15800094604492
2013-05-09,2961.1201171875,6050.14990234375,1468.800048828125,54.24800109863281
2013-05-10,2981.02001953125,6094.75,1436.800048828125,
2013-05-12,,,,54.803001403808594
2013-05-13,2982.090087890625,5980.4501953125,1434.5,54.827999114990234
2013-05-14,2996.050048828125,5995.39990234375,1424.699951171875,54.79800033569336
2013-05-15,3002.6201171875,6146.75,1396.5,54.77799987792969
2013-05-16,2999.340087890625,6169.89990234375,1387.0999755859375,54.77799987792969
2013-05-17,3028.9599609375,6187.2998046875,1364.9000244140625,
2013-05-19,,,,54.88800048828125
2013-05-20,3020.969970703125,6156.89990234375,1384.300048828125,55.108001708984375
2013-05-21,3026.449951171875,6114.10009765625,1377.800048828125,55.40800094604492
2013-05-22,2999.1298828125,6094.5,1367.5999755859375,55.65299987792969
2013-05-23,2991.449951171875,5967.0498046875,1392.0,55.70800018310547
2013-05-24,2991.02001953125,5983.5498046875,1386.800048828125,
2013-05-26,,,,55.8129997253418
2013-05-27,,6083.14990234375,,55.564998626708984
2013-05-28,3011.93994140625,6111.25,1379.0999755859375,56.108001708984375
2013-05-29,2994.820068359375,6104.2998046875,1391.300048828125,56.29800033569336
2013-05-30,3011.830078125,6124.0498046875,1411.5,56.37799835205078
2013-05-31,2981.760009765625,5985.9501953125,1392.5999755859375,
2013-06-02,,,,56.573001861572266
2013-06-03,2990.7900390625,5939.2998046875,1411.699951171875,56.667999267578125
2013-06-04,2973.68994140625,5919.4501953125,1397.0999755859375,56.4379997253418
2013-06-05,2937.139892578125,5923.85009765625,1398.4000244140625,56.722999572753906
2013-06-06,2950.300048828125,5921.39990234375,1415.699951171875,56.8380012512207
2013-06-07,2990.8701171875,5881.0,1383.0,
2013-06-09,,,,56.8380012512207
2013-06-10,2990.489990234375,5878.0,1386.199951171875,56.8380012512207
2013-06-11,2959.840087890625,5788.7998046875,1377.0,56.8380012512207
2013-06-12,2926.139892578125,5760.2001953125,1391.800048828125,57.827999114990234
2013-06-13,2962.89990234375,5699.10009765625,1377.5999755859375,57.99800109863281
2013-06-14,2943.860107421875,5808.39990234375,1387.300048828125,
2013-06-16,,,,57.49800109863281
2013-06-17,2971.260009765625,5850.0498046875,1382.800048828125,58.10300064086914
2013-06-18,2996.090087890625,5813.60009765625,1366.5999755859375,58.8380012512207
2013-06-19,2959.5,5822.25,1373.5999755859375,58.7130012512207
2013-06-20,2890.330078125,5655.89990234375,1285.9000244140625,59.56800079345703
2013-06-21,2877.93994140625,5667.64990234375,1291.5999755859375,
2013-06-23,,,,59.268001556396484
2013-06-24,2848.199951171875,5590.25,1276.800048828125,59.80799865722656
2013-06-25,2866.5,5609.10009765625,1274.800048828125,59.65800094604492
2013-06-26,2893.85009765625,5588.7001953125,1229.5999755859375,60.7130012512207
2013-06-27,2906.840087890625,5682.35009765625,1211.4000244140625,60.1879997253418
2013-06-28,2909.60009765625,5842.2001953125,1223.800048828125,
2013-06-30,,,,59.5260009765625
2013-07-01,2927.35009765625,5898.85009765625,1255.9000244140625,59.37799835205078
2013-07-02,2929.6298828125,5857.5498046875,1243.5999755859375,59.54800033569336
2013-07-03,2941.409912109375,5770.89990234375,1252.0999755859375,60.21900177001953
2013-07-04,,5836.9501953125,,60.17499923706055
2013-07-05,2963.219970703125,5867.89990234375,1212.9000244140625,
2013-07-07,,,,60.222999572753906
2013-07-08,2966.1298828125,5811.5498046875,1234.9000244140625,60.6879997253418
2013-07-09,2984.320068359375,5859.0,1245.9000244140625,60.095001220703125
2013-07-10,3000.659912109375,5816.7001953125,1247.4000244140625,59.88800048828125
2013-07-11,3059.4599609375,5935.10009765625,1280.0999755859375,59.82699966430664
2013-07-12,3079.070068359375,6009.0,1277.800048828125,
2013-07-14,,,,59.88399887084961
2013-07-15,3079.85009765625,6030.7998046875,1283.800048828125,59.80799865722656
2013-07-16,3077.469970703125,5955.25,1290.800048828125,59.292999267578125
2013-07-17,3085.280029296875,5973.2998046875,1277.9000244140625,59.323001861572266
2013-07-18,3077.820068359375,6038.0498046875,1284.5999755859375,59.737998962402344
2013-07-19,3044.929931640625,6029.2001953125,1293.300048828125,
2013-07-21,,,,59.33300018310547
2013-07-22,3055.22998046875,6031.7998046875,1336.4000244140625,59.71799850463867
2013-07-23,3031.39990234375,6077.7998046875,1335.0999755859375,59.757999420166016
2013-07-24,3041.159912109375,5990.5,1319.699951171875,59.12699890136719
2013-07-25,3061.669921875,5907.5,1329.0,58.95800018310547
2013-07-26,3076.22998046875,5886.2001953125,1321.699951171875,
2013-07-28,,,,59.060001373291016
2013-07-29,3068.949951171875,5831.64990234375,1328.4000244140625,59.4119987487793
2013-07-30,3085.330078125,5755.0498046875,1324.0,60.80799865722656
2013-07-31,3090.18994140625,5742.0,1312.4000244140625,60.630001068115234
2013-08-01,3126.300048828125,5727.85009765625,1311.0,60.43299865722656
2013-08-02,3143.52001953125,5677.89990234375,1310.5999755859375,
2013-08-04,,,,61.097999572753906
2013-08-05,3143.18994140625,5685.39990234375,1302.5999755859375,60.87699890136719
2013-08-06,3122.199951171875,5542.25,1283.199951171875,60.78300094604492
2013-08-07,3118.68994140625,5519.10009765625,1286.0999755859375,61.202999114990234
2013-08-08,3130.1298828125,5565.64990234375,1310.699951171875,60.7239990234375
2013-08-09,3118.570068359375,,1312.9000244140625,
2013-08-11,,,,60.672000885009766
2013-08-12,3125.929931640625,5612.39990234375,1334.699951171875,61.369998931884766
2013-08-13,3141.06005859375,5699.2998046875,1321.199951171875,61.45000076293945
2013-08-14,3129.449951171875,5742.2998046875,1334.0,61.290000915527344
2013-08-15,3076.22998046875,,1361.5999755859375,61.2599983215332
2013-08-16,3073.909912109375,5507.85009765625,1371.699951171875,
2013-08-18,,,,62.4900016784668
2013-08-19,3069.760009765625,5414.75,1366.199951171875,63.849998474121094
2013-08-20,3082.169921875,5401.4501953125,1373.0999755859375,63.36000061035156
2013-08-21,3071.469970703125,5302.5498046875,1370.5999755859375,64.69000244140625
2013-08-22,3101.820068359375,5408.4501953125,1371.199951171875,64.41000366210938
2013-08-23,3124.27001953125,5471.75,1395.699951171875,
2013-08-25,,,,64.06999969482422
2013-08-26,3122.669921875,5476.5,1393.0,64.29299926757812
2013-08-27,3059.580078125,5287.4501953125,1420.5999755859375,66.86000061035156
2013-08-28,3072.169921875,5285.0,1419.0,67.3499984741211
2013-08-29,3093.360107421875,5409.0498046875,1412.9000244140625,67.38999938964844
2013-08-30,3073.81005859375,5471.7998046875,1396.0999755859375,
2013-09-01,,,,66.58999633789062
2013-09-02,,5550.75,,66.51000213623047
2013-09-03,3091.760009765625,5341.4501953125,1412.0,68.61000061035156
2013-09-04,3124.5400390625,5448.10009765625,1389.9000244140625,66.2699966430664
2013-09-05,3129.93994140625,5592.9501953125,1373.0999755859375,66.00800323486328
2013-09-06,3133.3798828125,5680.39990234375,1386.699951171875,
2013-09-08,,,,65.23799896240234
2013-09-09,3169.929931640625,,1386.800048828125,64.05999755859375
2013-09-10,3185.070068359375,5896.75,1364.0999755859375,63.619998931884766
2013-09-11,3179.860107421875,5913.14990234375,1363.9000244140625,63.15999984741211
2013-09-12,3175.570068359375,5850.7001953125,1330.4000244140625,63.619998931884766
2013-09-13,3178.280029296875,5850.60009765625,1308.4000244140625,
2013-09-15,,,,63.290000915527344
2013-09-16,3168.68994140625,5840.5498046875,1317.9000244140625,63.290000915527344
2013-09-17,3190.830078125,5850.2001953125,1309.5,63.18000030517578
2013-09-18,3231.31005859375,5899.4501953125,1307.800048828125,63.58000183105469
2013-09-19,3237.610107421875,6115.5498046875,1369.4000244140625,62.189998626708984
2013-09-20,3224.72998046875,6012.10009765625,1332.5,
2013-09-22,,,,62.720001220703125
2013-09-23,3219.340087890625,5889.75,1326.9000244140625,62.68000030517578
2013-09-24,3218.659912109375,5892.4501953125,1316.0,62.720001220703125
2013-09-25,3208.550048828125,5873.85009765625,1335.9000244140625,62.43000030517578
2013-09-26,3234.0400390625,5882.25,1323.5999755859375,61.72999954223633
2013-09-27,3230.300048828125,5833.2001953125,1338.4000244140625,
2013-09-29,,,,62.90999984741211
2013-09-30,3218.199951171875,5735.2998046875,1326.5,62.58000183105469
2013-10-01,3253.050048828125,5780.0498046875,1286.0,62.61000061035156
2013-10-02,3253.260009765625,,1320.5999755859375,62.06999969482422
2013-10-03,3213.830078125,5909.7001953125,1317.4000244140625,61.959999084472656
2013-10-04,3242.570068359375,5907.2998046875,1309.699951171875,
2013-10-06,,,,61.380001068115234
2013-10-07,3215.68994140625,5906.14990234375,1324.800048828125,
2013-10-08,3153.8701171875,5928.39990234375,1324.199951171875,62.029998779296875
2013-10-09,3142.5400390625,6007.4501953125,1306.9000244140625,61.810001373291016
2013-10-10,3210.840087890625,6020.9501953125,1296.5999755859375,61.61000061035156
2013-10-11,3233.830078125,6096.2001953125,1268.0,
2013-10-13,,,,60.9900016784668
2013-10-14,3256.02001953125,6112.7001953125,1276.4000244140625,61.380001068115234
2013-10-15,3244.659912109375,6089.0498046875,1273.0,61.83000183105469
2013-10-16,3281.669921875,,1282.0,61.45000076293945
2013-10-17,3301.280029296875,6045.85009765625,1322.699951171875,61.099998474121094
2013-10-18,3353.8798828125,6189.35009765625,1314.4000244140625,
2013-10-20,,,,61.2400016784668
2013-10-21,3361.179931640625,6204.9501953125,1315.699951171875,60.619998931884766
2013-10-22,3366.929931640625,6202.7998046875,1342.5,61.189998626708984
2013-10-23,3346.050048828125,6178.35009765625,1333.9000244140625,61.52000045776367
2013-10-24,3362.3798828125,6164.35009765625,1350.199951171875,61.45000076293945
2013-10-25,3383.830078125,6144.89990234375,1352.4000244140625,
2013-10-28,3382.679931640625,6101.10009765625,1352.0,61.439998626708984
2013-10-29,3391.75,6220.89990234375,1345.199951171875,61.5099983215332
2013-10-30,3385.3798828125,6251.7001953125,1349.0,61.45000076293945
2013-10-31,3377.72998046875,6299.14990234375,1323.5999755859375,61.31999969482422
2013-11-01,3379.760009765625,6307.2001953125,1313.0999755859375,62.220001220703125
2013-11-04,3384.75,,1314.5999755859375,62.20000076293945
2013-11-05,3388.820068359375,6253.14990234375,1308.0,61.97999954223633
2013-11-06,3385.3798828125,6215.14990234375,1317.699951171875,62.15999984741211
2013-11-07,3321.409912109375,6187.25,1308.4000244140625,62.470001220703125
2013-11-08,3366.840087890625,6140.75,1284.5,62.849998474121094
2013-11-11,3362.97998046875,6078.7998046875,1281.0,63.34000015258789
2013-11-12,3365.22998046875,6018.0498046875,1271.0999755859375,63.47999954223633
2013-11-13,3405.56005859375,5989.60009765625,1268.300048828125,63.959999084472656
2013-11-14,3415.139892578125,6056.14990234375,1286.199951171875,63.369998931884766
2013-11-15,3422.580078125,,1287.300048828125,63.040000915527344
2013-11-18,3388.8701171875,6189.0,1272.199951171875,62.709999084472656
2013-11-19,3378.1298828125,6203.35009765625,1273.4000244140625,62.20000076293945
2013-11-20,3367.169921875,6122.89990234375,1257.9000244140625,62.11000061035156
2013-11-21,3402.739990234375,5999.0498046875,1243.5,62.7599983215332
2013-11-22,3422.02001953125,5995.4501953125,1244.0,62.9900016784668
2013-11-25,3427.489990234375,6115.35009765625,1241.0999755859375,62.2400016784668
2013-11-26,3445.760009765625,6059.10009765625,1241.4000244140625,62.50299835205078
2013-11-27,3470.47998046875,6057.10009765625,1237.800048828125,62.459999084472656
2013-11-28,,6091.85009765625,,62.540000915527344
2013-11-29,3487.820068359375,6176.10009765625,1250.5999755859375,62.41299819946289
2013-12-02,3481.14990234375,6217.85009765625,1222.300048828125,62.459999084472656
2013-12-03,3479.340087890625,6201.85009765625,1221.699951171875,62.31800079345703
2013-12-04,3483.010009765625,6160.9501953125,1248.199951171875,62.362998962402344
2013-12-05,3477.72998046875,6241.10009765625,1233.199951171875,61.70000076293945
2013-12-06,3504.260009765625,6259.89990234375,1230.300048828125,61.58000183105469
2013-12-09,3516.169921875,6363.89990234375,1235.300048828125,61.150001525878906
2013-12-10,3514.199951171875,6332.85009765625,1262.4000244140625,60.869998931884766
2013-12-11,3468.989990234375,6307.89990234375,1258.5,60.97999954223633
2013-12-12,3460.2900390625,6237.0498046875,1226.0,61.59000015258789
2013-12-13,3456.39990234375,6168.39990234375,1235.699951171875,62.15999984741211
2013-12-16,3475.7900390625,6154.7001953125,1245.5,62.1879997253418
2013-12-17,3469.320068359375,6139.0498046875,1231.199951171875,61.779998779296875
2013-12-18,3509.6298828125,6217.14990234375,1236.0999755859375,61.709999084472656
2013-12-19,3498.6298828125,6166.64990234375,1195.0,62.029998779296875
2013-12-20,3531.18994140625,6274.25,1205.0999755859375,62.459999084472656
2013-12-23,3569.39990234375,6284.5,1198.4000244140625,62.02000045776367
2013-12-24,3572.800048828125,6268.39990234375,1205.0999755859375,61.84000015258789
2013-12-25,,,,61.74800109863281
2013-12-26,3584.580078125,6278.89990234375,1214.0999755859375,61.790000915527344
2013-12-27,3574.02001953125,6313.7998046875,1216.0999755859375,61.88999938964844
2013-12-30,3570.080078125,6291.10009765625,1203.0999755859375,61.66999816894531
2013-12-31,3592.0,6304.0,1201.9000244140625,61.779998779296875
2014-01-01,,,,61.803001403808594
2014-01-02,3563.570068359375,6221.14990234375,1225.0,61.84000015258789
2014-01-03,3538.72998046875,6211.14990234375,1238.4000244140625,62.060001373291016
2014-01-06,3526.9599609375,6191.4501953125,1237.800048828125,62.22999954223633
2014-01-07,3557.85009765625,6162.25,1229.4000244140625,62.310001373291016
2014-01-08,3567.5400390625,6174.60009765625,1225.300048828125,62.08000183105469
2014-01-09,3552.580078125,6168.35009765625,1229.300048828125,62.119998931884766
2014-01-10,3565.080078125,6171.4501953125,1246.699951171875,61.779998779296875
2014-01-13,3512.800048828125,6272.75,1250.9000244140625,61.439998626708984
2014-01-14,3580.64990234375,6241.85009765625,1245.199951171875,61.470001220703125
2014-01-15,3609.840087890625,6320.89990234375,1238.0999755859375,61.470001220703125
2014-01-16,3611.2900390625,6318.89990234375,1240.0,61.540000915527344
2014-01-17,3591.25,6261.64990234375,1251.699951171875,61.41999816894531
2014-01-20,,6303.9501953125,,61.54999923706055
2014-01-21,3617.699951171875,6313.7998046875,1242.300048828125,61.61800003051758
2014-01-22,3627.719970703125,6338.9501953125,1239.0,61.970001220703125
2014-01-23,3613.760009765625,6345.64990234375,1262.5999755859375,61.869998931884766
2014-01-24,3541.47998046875,6266.75,1264.5,62.130001068115234
2014-01-27,3509.02001953125,6135.85009765625,1263.5999755859375,62.72999954223633
2014-01-28,3505.719970703125,6126.25,1251.0,63.380001068115234
2014-01-29,3467.820068359375,6120.25,1262.199951171875,62.380001068115234
2014-01-30,3532.409912109375,6073.7001953125,1242.199951171875,62.46799850463867
2014-01-31,3521.919921875,6089.5,1240.0999755859375,62.310001373291016
2014-02-03,3440.5,6001.7998046875,1260.4000244140625,62.5
2014-02-04,3470.199951171875,6000.89990234375,1251.699951171875,62.869998931884766
2014-02-05,3454.89990234375,6022.39990234375,1257.300048828125,62.130001068115234
2014-02-06,3497.60009765625,6036.2998046875,1257.5999755859375,62.22999954223633
2014-02-07,3561.909912109375,6063.2001953125,1263.300048828125,62.22999954223633
2014-02-10,3582.110107421875,6053.4501953125,1274.800048828125,62.09000015258789
2014-02-11,3621.719970703125,6062.7001953125,1290.0999755859375,62.448001861572266
2014-02-12,3627.360107421875,6084.0,1295.300048828125,62.029998779296875
2014-02-13,3659.56005859375,6001.10009765625,1300.4000244140625,61.68000030517578
2014-02-14,3663.8798828125,6048.35009765625,1319.0,62.150001525878906
2014-02-17,,,,61.83000183105469
2014-02-18,3679.429931640625,6127.10009765625,1324.699951171875,61.790000915527344
2014-02-19,3652.85009765625,6152.75,1320.5999755859375,62.209999084472656
2014-02-20,3671.929931640625,6091.4501953125,1317.0999755859375,62.2599983215332
2014-02-21,3662.60009765625,6155.4501953125,1323.9000244140625,62.130001068115234
2014-02-24,3685.81005859375,6186.10009765625,1338.300048828125,62.0099983215332
2014-02-25,3679.139892578125,6200.0498046875,1343.0,62.06800079345703
2014-02-26,3676.60009765625,6238.7998046875,1328.199951171875,61.97800064086914
2014-02-27,3699.800048828125,,1331.5999755859375,62.150001525878906
2014-02-28,3696.10009765625,6276.9501953125,1321.4000244140625,62.02000045776367
2014-03-03,3668.3701171875,6221.4501953125,1350.0999755859375,61.81999969482422
2014-03-04,3719.929931640625,6297.9501953125,1337.800048828125,62.16999816894531
2014-03-05,3727.18994140625,6328.64990234375,1340.199951171875,61.599998474121094
2014-03-06,3720.929931640625,6401.14990234375,1351.699951171875,61.74800109863281
2014-03-07,3703.39990234375,6526.64990234375,1338.0999755859375,60.79999923706055
2014-03-10,3706.340087890625,6537.25,1341.4000244140625,61.22999954223633
2014-03-11,3691.5,6511.89990234375,1346.5,60.810001373291016
2014-03-12,3707.06005859375,6516.89990234375,1370.300048828125,61.040000915527344
2014-03-13,3651.489990234375,6493.10009765625,1372.199951171875,60.77000045776367
2014-03-14,3627.8701171875,6504.2001953125,1379.0,61.459999084472656
2014-03-17,3662.510009765625,,1372.9000244140625,60.97999954223633
2014-03-18,3706.6201171875,6516.64990234375,1359.0,61.040000915527344
2014-03-19,3682.739990234375,6524.0498046875,1341.4000244140625,61.108001708984375
2014-03-20,3693.969970703125,6483.10009765625,1330.5,60.95000076293945
2014-03-21,3653.070068359375,6493.2001953125,1336.0,61.33300018310547
2014-03-24,3617.389892578125,6583.5,1311.199951171875,61.02000045776367
2014-03-25,3629.72998046875,6589.75,1311.4000244140625,60.59000015258789
2014-03-26,3582.889892578125,6601.39990234375,1303.4000244140625,60.220001220703125
2014-03-27,3563.1298828125,6641.75,1294.699951171875,60.15999984741211
2014-03-28,3571.489990234375,6695.89990234375,1293.800048828125,60.237998962402344
2014-03-30,,,,59.84000015258789
2014-03-31,3595.739990234375,6704.2001953125,1283.4000244140625,59.9900016784668
2014-04-01,3658.39990234375,6721.0498046875,1279.5999755859375,59.779998779296875
2014-04-02,3665.989990234375,6752.5498046875,1290.5,59.89799880981445
2014-04-03,3637.580078125,6736.10009765625,1284.4000244140625,60.38999938964844
2014-04-04,3539.3798828125,6694.35009765625,1303.199951171875,
2014-04-06,,,,59.66999816894531
2014-04-07,3507.75,6695.0498046875,1298.0,60.119998931884766
2014-04-08,3538.22998046875,,1308.699951171875,60.09000015258789
2014-04-09,3600.43994140625,6796.2001953125,1305.5,59.959999084472656
2014-04-10,3487.760009765625,6796.39990234375,1320.0999755859375,60.29999923706055
2014-04-11,3446.85009765625,6776.2998046875,1318.699951171875,
2014-04-13,,,,60.34000015258789
2014-04-14,3474.6298828125,,1327.199951171875,60.34000015258789
2014-04-15,3487.85009765625,6733.10009765625,1300.0,60.29999923706055
2014-04-16,3533.090087890625,6675.2998046875,1303.0999755859375,60.25
2014-04-17,3534.530029296875,6779.39990234375,1293.4000244140625,60.290000915527344
2014-04-20,,,,60.150001525878906
2014-04-21,3559.949951171875,6817.64990234375,1288.0,60.47999954223633
2014-04-22,3588.81005859375,6815.35009765625,1280.5999755859375,60.757999420166016
2014-04-23,3557.0400390625,6840.7998046875,1284.199951171875,61.0099983215332
2014-04-24,3591.030029296875,,1290.5,61.119998931884766
2014-04-25,3533.10009765625,6782.75,1300.699951171875,
2014-04-27,,,,60.63800048828125
2014-04-28,3545.030029296875,6761.25,1298.9000244140625,60.643001556396484
2014-04-29,3573.989990234375,6715.25,1296.0,60.417999267578125
2014-04-30,3582.02001953125,6696.39990234375,1295.5999755859375,60.119998931884766
2014-05-01,3594.360107421875,,1283.0999755859375,60.13999938964844
2014-05-02,3587.639892578125,6694.7998046875,1302.5999755859375,
2014-05-04,,,,60.02000045776367
2014-05-05,3605.090087890625,6699.35009765625,1309.0,60.11000061035156
2014-05-06,3556.510009765625,6715.2998046875,1308.300048828125,59.97800064086914
2014-05-07,3546.469970703125,6652.5498046875,1288.5999755859375,59.88999938964844
2014-05-08,3540.419921875,6659.85009765625,1287.4000244140625,59.93000030517578
2014-05-09,3555.699951171875,6858.7998046875,1287.300048828125,
2014-05-11,,,,59.849998474121094
2014-05-12,3612.72998046875,7014.25,1295.5999755859375,59.41999816894531
2014-05-13,3611.1298828125,7108.75,1294.5999755859375,59.310001373291016
2014-05-14,3593.25,7108.75,1305.699951171875,59.400001525878906
2014-05-15,3565.169921875,7123.14990234375,1293.5,59.33000183105469
2014-05-16,3587.199951171875,7203.0,1293.300048828125,
2014-05-18,,,,58.560001373291016
2014-05-19,3615.6201171875,7263.5498046875,1293.699951171875,58.36800003051758
2014-05-20,3600.31005859375,7275.5,1294.5,58.58300018310547
2014-05-21,3635.610107421875,7252.89990234375,1288.0,58.6879997253418
2014-05-22,3650.860107421875,7276.39990234375,1294.9000244140625,58.27799987792969
2014-05-23,3677.330078125,7367.10009765625,1291.5999755859375,
2014-05-25,,,,58.41999816894531
2014-05-26,,7359.0498046875,,58.650001525878906
2014-05-27,3723.070068359375,7318.0,1265.4000244140625,59.03799819946289
2014-05-28,3712.260009765625,7329.64990234375,1259.300048828125,58.83000183105469
2014-05-29,3735.719970703125,7235.64990234375,1256.300048828125,58.900001525878906
2014-05-30,3736.820068359375,7229.9501953125,1245.5999755859375,
2014-06-01,,,,59.1879997253418
2014-06-02,3732.9599609375,7362.5,1243.699951171875,59.15999984741211
2014-06-03,3730.070068359375,7415.85009765625,1244.300048828125,59.29999923706055
2014-06-04,3743.590087890625,7402.25,1244.0,59.2599983215332
2014-06-05,3776.949951171875,7474.10009765625,1253.0,59.16299819946289
2014-06-06,3794.570068359375,7583.39990234375,1252.0999755859375,
2014-06-08,,,,59.167999267578125
2014-06-09,3795.739990234375,7654.60009765625,1253.5,59.198001861572266
2014-06-10,3800.860107421875,7656.39990234375,1259.800048828125,59.119998931884766
2014-06-11,3797.85009765625,7626.85009765625,1260.800048828125,59.33300018310547
2014-06-12,3763.800048828125,7649.89990234375,1273.5999755859375,59.28799819946289
2014-06-13,3775.56005859375,7542.10009765625,1273.699951171875,
2014-06-15,,,,59.702999114990234
2014-06-16,3779.929931640625,7533.5498046875,1274.9000244140625,60.09000015258789
2014-06-17,3781.320068359375,7631.7001953125,1271.699951171875,60.323001861572266
2014-06-18,3804.610107421875,7558.2001953125,1272.4000244140625,59.810001373291016
2014-06-19,3800.800048828125,7540.7001953125,1313.699951171875,60.15999984741211
2014-06-20,3802.639892578125,7511.4501953125,1316.199951171875,
2014-06-22,,,,60.167999267578125
2014-06-23,3805.31005859375,7493.35009765625,1318.0,60.15299987792969
2014-06-24,3799.530029296875,7580.2001953125,1320.9000244140625,60.189998626708984
2014-06-25,3827.330078125,7569.25,1322.199951171875,59.95000076293945
2014-06-26,3826.909912109375,7493.2001953125,1316.0999755859375,60.08000183105469
2014-06-27,3844.43994140625,7508.7998046875,1319.0,
2014-06-29,,,,60.03799819946289
2014-06-30,3849.47998046875,7611.35009765625,1321.800048828125,59.970001220703125
2014-07-01,3894.330078125,7634.7001953125,1326.4000244140625,60.02799987792969
2014-07-02,3899.27001953125,7725.14990234375,1330.699951171875,59.439998626708984
2014-07-03,3923.010009765625,7714.7998046875,1320.4000244140625,59.61000061035156
2014-07-04,,7751.60009765625,,
2014-07-06,,,,59.71799850463867
2014-07-07,3910.7099609375,7787.14990234375,1316.5,59.948001861572266
2014-07-08,3864.070068359375,7623.2001953125,1316.0,59.74800109863281
2014-07-09,3892.909912109375,7585.0,1323.800048828125,59.757999420166016
2014-07-10,3880.0400390625,7567.75,1338.699951171875,60.1879997253418
2014-07-11,3904.580078125,7459.60009765625,1337.0,
2014-07-13,,,,60.0880012512207
2014-07-14,3929.4599609375,7454.14990234375,1306.300048828125,60.060001373291016
2014-07-15,3914.4599609375,7526.64990234375,1296.9000244140625,60.16999816894531
2014-07-16,3932.330078125,7624.39990234375,1299.5999755859375,60.08000183105469
2014-07-17,3878.010009765625,7640.4501953125,1316.699951171875,60.599998474121094
2014-07-18,3939.889892578125,7663.89990234375,1309.199951171875,
2014-07-20,,,,60.27799987792969
2014-07-21,3934.139892578125,7684.2001953125,1313.699951171875,60.25
2014-07-22,3961.6201171875,7767.85009765625,1306.0999755859375,60.097999572753906
2014-07-23,3986.18994140625,7795.75,1304.5,59.86000061035156
2014-07-24,3983.18994140625,7830.60009765625,1290.5999755859375,60.060001373291016
2014-07-25,3965.169921875,7790.4501953125,1303.0999755859375,
2014-07-27,,,,60.053001403808594
2014-07-28,3967.239990234375,7748.7001953125,1303.300048828125,60.04999923706055
2014-07-29,3959.030029296875,,1298.300048828125,60.040000915527344
2014-07-30,3976.070068359375,7791.39990234375,1294.9000244140625,60.25
2014-07-31,3892.5,7721.2998046875,1281.300048828125,60.77000045776367
2014-08-01,3879.669921875,7602.60009765625,1293.5999755859375,
2014-08-03,,,,61.20800018310547
2014-08-04,3908.77001953125,7683.64990234375,1287.699951171875,60.900001525878906
2014-08-05,3874.93994140625,7746.5498046875,1284.0,60.84299850463867
2014-08-06,3874.27001953125,7672.0498046875,1306.699951171875,61.189998626708984
2014-08-07,3857.93994140625,7649.25,1310.800048828125,61.237998962402344
2014-08-08,3888.090087890625,7568.5498046875,1308.9000244140625,
2014-08-10,,,,61.13800048828125
2014-08-11,3910.4599609375,7625.9501953125,1308.5,61.119998931884766
2014-08-12,3905.22998046875,7727.0498046875,1308.800048828125,61.220001220703125
2014-08-13,3949.199951171875,7739.5498046875,1312.800048828125,61.02000045776367
2014-08-14,3969.110107421875,7791.7001953125,1313.9000244140625,60.63999938964844
2014-08-15,3987.510009765625,,1304.5,
2014-08-17,,,,60.77299880981445
2014-08-18,4020.5,7874.25,1297.699951171875,60.81999969482422
2014-08-19,4040.1298828125,7897.5,1295.0999755859375,60.7400016784668
2014-08-20,4040.7099609375,7875.2998046875,1293.4000244140625,60.608001708984375
2014-08-21,4047.030029296875,7891.10009765625,1273.699951171875,60.439998626708984
2014-08-22,4052.75,7913.2001953125,1278.5999755859375,
2014-08-24,,,,60.4630012512207
2014-08-25,4067.47998046875,7906.2998046875,1277.300048828125,60.5099983215332
2014-08-26,4071.669921875,7904.75,1283.800048828125,60.428001403808594
2014-08-27,4073.179931640625,7936.0498046875,1281.9000244140625,60.448001861572266
2014-08-28,4066.27001953125,7954.35009765625,1288.699951171875,60.61000061035156
2014-08-29,4082.56005859375,,1285.800048828125,
2014-08-31,,,,60.51300048828125
2014-09-01,,8027.7001953125,,60.52299880981445
2014-09-02,4095.81005859375,8083.0498046875,1263.699951171875,60.678001403808594
2014-09-03,4070.9599609375,8114.60009765625,1268.9000244140625,60.38999938964844
2014-09-04,4066.1298828125,8095.9501953125,1265.0999755859375,60.369998931884766
2014-09-05,4089.919921875,8086.85009765625,1265.800048828125,
2014-09-07,,,,60.38800048828125
2014-09-08,4095.469970703125,8173.89990234375,1252.699951171875,60.380001068115234
2014-09-09,4061.8798828125,8152.9501953125,1246.800048828125,60.790000915527344
2014-09-10,4094.969970703125,8094.10009765625,1243.5,60.79999923706055
2014-09-11,4092.64990234375,8085.7001953125,1237.4000244140625,60.810001373291016
2014-09-12,4069.22998046875,8105.5,1229.9000244140625,
2014-09-14,,,,60.64799880981445
2014-09-15,4029.889892578125,8042.0,1233.5999755859375,60.970001220703125
2014-09-16,4067.27001953125,7932.89990234375,1235.199951171875,61.053001403808594
2014-09-17,4073.570068359375,7975.5,1234.4000244140625,60.90800094604492
2014-09-18,4103.080078125,8114.75,1225.699951171875,60.689998626708984
2014-09-19,4100.08984375,8121.4501953125,1215.300048828125,
2014-09-21,,,,60.85300064086914
2014-09-22,4061.22998046875,8146.2998046875,1216.800048828125,61.0
2014-09-23,4051.570068359375,8017.5498046875,1221.0,60.97999954223633
2014-09-24,4094.31005859375,8002.39990234375,1218.5999755859375,60.810001373291016
2014-09-25,4007.820068359375,7911.85009765625,1221.199951171875,61.4900016784668
2014-09-26,4053.719970703125,7968.85009765625,1214.0999755859375,
2014-09-28,,,,61.13800048828125
2014-09-29,4047.179931640625,7958.89990234375,1217.5,61.553001403808594
2014-09-30,4049.449951171875,7964.7998046875,1210.5,61.81999969482422
2014-10-01,3984.739990234375,7945.5498046875,1214.5999755859375,61.7130012512207
2014-10-02,3985.8701171875,,1214.199951171875,61.439998626708984
2014-10-03,4027.31005859375,,1192.199951171875,
2014-10-05,,,,61.53799819946289
2014-10-06,4016.27001953125,,1206.699951171875,61.209999084472656
2014-10-07,3958.590087890625,7852.39990234375,1211.699951171875,61.27000045776367
2014-10-08,4041.1201171875,7842.7001953125,1205.300048828125,60.880001068115234
2014-10-09,3969.320068359375,7960.5498046875,1224.5999755859375,61.02000045776367
2014-10-10,3870.860107421875,7859.9501953125,1221.0,
2014-10-12,,,,61.27799987792969
2014-10-13,3808.0,7884.25,1229.300048828125,61.00299835205078
2014-10-14,3810.449951171875,7864.0,1233.5999755859375,61.393001556396484
2014-10-15,3785.969970703125,,1244.0999755859375,61.37300109863281
2014-10-16,3765.280029296875,7748.2001953125,1240.5,61.722999572753906
2014-10-17,3815.469970703125,7779.7001953125,1238.300048828125,
2014-10-19,,,,61.358001708984375
2014-10-20,3870.080078125,7879.39990234375,1244.0,61.22800064086914
2014-10-21,3971.389892578125,7927.75,1251.0,61.143001556396484
2014-10-22,3949.590087890625,7995.89990234375,1244.800048828125,61.099998474121094
2014-10-23,4012.27001953125,,1228.5,61.130001068115234
2014-10-24,4042.02001953125,,1231.199951171875,
2014-10-27,4046.02001953125,7991.7001953125,1229.0999755859375,61.16299819946289
2014-10-28,4106.6298828125,8027.60009765625,1229.199951171875,61.29800033569336
2014-10-29,4090.550048828125,8090.4501953125,1224.300048828125,61.180999755859375
2014-10-30,4100.64013671875,8169.2001953125,1198.0999755859375,61.28300094604492
2014-10-31,4158.2099609375,8322.2001953125,1171.0999755859375,61.43299865722656
2014-11-03,4169.27978515625,8324.150390625,1169.4000244140625,61.39799880981445
2014-11-04,4156.22998046875,,1167.4000244140625,61.41299819946289
2014-11-05,4153.27001953125,8338.2998046875,1145.4000244140625,61.28799819946289
2014-11-06,4164.080078125,,1142.300048828125,61.369998931884766
2014-11-07,4160.5,8337.0,1169.5999755859375,61.49300003051758
2014-11-10,4175.9501953125,8344.25,1159.5999755859375,61.51300048828125
2014-11-11,4187.16015625,8362.650390625,1162.800048828125,61.529998779296875
2014-11-12,4195.39990234375,8383.2998046875,1158.9000244140625,61.4900016784668
2014-11-13,4213.47998046875,8357.849609375,1161.0999755859375,61.36800003051758
2014-11-14,4224.990234375,8389.900390625,1185.0,61.59299850463867
2014-11-17,4213.7900390625,8430.75,1183.0,61.70800018310547
2014-11-18,4242.18994140625,8425.900390625,1196.699951171875,61.823001861572266
2014-11-19,4222.66015625,8382.2998046875,1193.5999755859375,61.71799850463867
2014-11-20,4242.08984375,8401.900390625,1190.699951171875,61.9379997253418
2014-11-21,4251.31982421875,8477.349609375,1197.5,61.92300033569336
2014-11-24,4284.31982421875,8530.150390625,1195.5,61.7599983215332
2014-11-25,4288.22998046875,8463.099609375,1197.0999755859375,61.85300064086914
2014-11-26,4317.990234375,8475.75,1196.5999755859375,61.84000015258789
2014-11-27,,8494.2001953125,,61.78799819946289
2014-11-28,4337.7900390625,8588.25,1175.199951171875,61.85300064086914
2014-12-01,4287.81005859375,8555.900390625,1218.0,62.202999114990234
2014-12-02,4305.9599609375,8524.7001953125,1199.199951171875,61.948001861572266
2014-12-03,4312.93017578125,8537.650390625,1208.5,61.78799819946289
2014-12-04,4311.93017578125,8564.400390625,1207.5,61.85599899291992
2014-12-05,4311.56982421875,8538.2998046875,1190.0999755859375,61.78300094604492
2014-12-08,4278.33984375,8438.25,1194.699951171875,61.9109992980957
2014-12-09,4294.669921875,8340.7001953125,1231.5,61.81800079345703
2014-12-10,4224.8701171875,8355.650390625,1228.9000244140625,61.87300109863281
2014-12-11,4246.47998046875,8292.900390625,1225.0999755859375,62.00299835205078
2014-12-12,4199.27978515625,8224.099609375,1222.0,62.472999572753906
2014-12-15,4157.41015625,8219.599609375,1207.199951171875,62.518001556396484
2014-12-16,4089.60009765625,8067.60009765625,1193.9000244140625,63.167999267578125
2014-12-17,4165.10009765625,8029.7998046875,1194.300048828125,63.65299987792969
2014-12-18,4267.77001953125,8159.2998046875,1194.699951171875,63.518001556396484
2014-12-19,4281.77978515625,8225.2001953125,1195.9000244140625,62.983001708984375
2014-12-22,4293.669921875,8324.0,1179.699951171875,63.2400016784668
2014-12-23,4279.2998046875,8267.0,1177.9000244140625,63.222999572753906
2014-12-24,4283.10009765625,8174.10009765625,1173.5,63.43299865722656
2014-12-25,,,,63.400001525878906
2014-12-26,4314.08984375,8200.7001953125,1195.300048828125,63.51300048828125
2014-12-29,4312.64013671875,8246.2998046875,1181.699951171875,63.59000015258789
2014-12-30,4282.35009765625,8248.25,1200.199951171875,63.66299819946289
2014-12-31,4236.27978515625,8282.7001953125,1183.9000244140625,63.37799835205078
2015-01-01,,,,63.02799987792969
2015-01-02,4230.240234375,8395.4501953125,1186.0,63.02799987792969
2015-01-05,4160.9599609375,8378.400390625,1203.9000244140625,63.27799987792969
2015-01-06,4110.830078125,8127.35009765625,1219.300048828125,63.3380012512207
2015-01-07,4160.0,8102.10009765625,1210.5999755859375,63.56800079345703
2015-01-08,4240.5498046875,8234.599609375,1208.4000244140625,63.27299880981445
2015-01-09,4213.27978515625,8284.5,1216.0,62.667999267578125
2015-01-12,4169.97021484375,8323.0,1232.699951171875,62.347999572753906
2015-01-13,4166.2001953125,8299.400390625,1234.300048828125,62.06800079345703
2015-01-14,4145.83984375,8277.5498046875,1234.4000244140625,61.972999572753906
2015-01-15,4089.64990234375,8494.150390625,1264.699951171875,62.0880012512207
2015-01-16,4142.14013671875,8513.7998046875,1276.9000244140625,62.05799865722656
2015-01-19,,8550.7001953125,,61.862998962402344
2015-01-20,4171.2099609375,8695.599609375,1294.199951171875,61.63800048828125
2015-01-21,4192.08984375,8729.5,1293.699951171875,61.64799880981445
2015-01-22,4270.35986328125,8761.400390625,1300.699951171875,61.553001403808594
2015-01-23,4278.14013671875,8835.599609375,1292.5999755859375,61.597999572753906
2015-01-26,4275.72021484375,,1279.4000244140625,61.43299865722656
2015-01-27,4165.5,8910.5,1291.699951171875,61.472999572753906
2015-01-28,4140.3798828125,8914.2998046875,1285.9000244140625,61.40299987792969
2015-01-29,4181.35009765625,8952.349609375,1254.5999755859375,61.35100173950195
2015-01-30,4148.43017578125,8808.900390625,1278.5,61.79600143432617
2015-02-02,4188.58984375,8797.400390625,1276.199951171875,62.01300048828125
2015-02-03,4229.14990234375,8756.5498046875,1259.699951171875,61.72800064086914
2015-02-04,4221.2001953125,8723.7001953125,1263.800048828125,61.61399841308594
2015-02-05,4256.18017578125,8711.7001953125,1262.0,61.86000061035156
2015-02-06,4228.68017578125,8661.0498046875,1233.9000244140625,61.733001708984375
2015-02-09,4216.08984375,8526.349609375,1240.800048828125,61.9630012512207
2015-02-10,4281.16015625,8565.5498046875,1231.5999755859375,62.130001068115234
2015-02-11,4297.27978515625,8627.400390625,1219.0,62.34199905395508
2015-02-12,4347.97021484375,8711.5498046875,1220.0999755859375,62.38199996948242
2015-02-13,4384.02978515625,8805.5,1226.5,62.16999816894531
2015-02-16,,8809.349609375,,62.069000244140625
2015-02-17,4385.33984375,,1208.0999755859375,62.18600082397461
2015-02-18,4390.91015625,8869.099609375,1199.699951171875,62.11199951171875
2015-02-19,4411.85986328125,8895.2998046875,1207.0999755859375,62.07400131225586
2015-02-20,4443.0498046875,8833.599609375,1204.4000244140625,62.165000915527344
2015-02-23,4449.490234375,8754.9501953125,1200.300048828125,62.10100173950195
2015-02-24,4451.02978515625,8762.099609375,1196.9000244140625,62.17100143432617
2015-02-25,4440.58984375,8767.25,1201.0,62.233001708984375
2015-02-26,4462.27001953125,8683.849609375,1209.5999755859375,61.87699890136719
2015-02-27,4440.669921875,8844.599609375,1212.5999755859375,61.75400161743164
2015-03-02,4483.0498046875,8956.75,1207.699951171875,61.6510009765625
2015-03-03,4458.77978515625,8996.25,1204.0,61.9010009765625
2015-03-04,4445.35986328125,8922.650390625,1200.5999755859375,61.8129997253418
2015-03-05,4452.06005859375,8937.75,1195.9000244140625,62.30500030517578
2015-03-06,4399.22998046875,,1164.0999755859375,62.44300079345703
2015-03-09,4412.990234375,8756.75,1166.4000244140625,62.452999114990234
2015-03-10,4329.080078125,8712.0498046875,1160.0999755859375,62.67300033569336
2015-03-11,4305.3798828125,8699.9501953125,1150.699951171875,62.7130012512207
2015-03-12,4336.22998046875,8776.0,1152.0999755859375,62.755001068115234
2015-03-13,4314.89990234375,8647.75,1152.5999755859375,62.53499984741211
2015-03-16,4370.47021484375,8633.150390625,1153.300048828125,63.07600021362305
2015-03-17,4375.6298828125,8723.2998046875,1148.300048828125,62.78900146484375
2015-03-18,4422.5,8685.900390625,1151.4000244140625,62.61600112915039
2015-03-19,4426.81982421875,8634.650390625,1169.0999755859375,62.69300079345703
2015-03-20,4458.5400390625,8570.900390625,1184.800048828125,62.483001708984375
2015-03-23,4445.5400390625,8550.900390625,1188.0,62.40299987792969
2015-03-24,4430.990234375,8542.9501953125,1191.699951171875,62.222999572753906
2015-03-25,4329.2900390625,8530.7998046875,1197.300048828125,62.27799987792969
2015-03-26,4315.259765625,8342.150390625,1205.0999755859375,62.46200180053711
2015-03-27,4332.85986328125,8341.400390625,1199.800048828125,62.82899856567383
2015-03-29,,,,62.51499938964844
2015-03-30,4382.81982421875,8492.2998046875,1184.800048828125,62.50899887084961
2015-03-31,4333.68994140625,8491.0,1183.0999755859375,62.305999755859375
2015-04-01,4311.259765625,8586.25,1208.0999755859375,62.16899871826172
2015-04-02,4316.009765625,,1200.9000244140625,62.060001373291016
2015-04-05,,,,62.060001373291016
2015-04-06,4350.97998046875,8659.900390625,1218.5999755859375,62.060001373291016
2015-04-07,4344.080078125,8660.2998046875,1210.5999755859375,62.308998107910156
2015-04-08,4375.9599609375,8714.400390625,1203.0999755859375,62.18199920654297
2015-04-09,4403.9501953125,8778.2998046875,1193.5999755859375,62.31399917602539
2015-04-10,4422.02001953125,8780.349609375,1204.5999755859375,
2015-04-12,,,,62.26900100708008
2015-04-13,4409.2099609375,8834.0,1199.300048828125,62.39099884033203
2015-04-14,4397.64013671875,,1192.800048828125,62.31399917602539
2015-04-15,4424.52978515625,,1201.5,62.38999938964844
2015-04-16,4418.830078125,8706.7001953125,1198.0,62.32600021362305
2015-04-17,4351.7998046875,8606.0,1202.9000244140625,
2015-04-19,,,,62.542999267578125
2015-04-20,4417.39990234375,8448.099609375,1193.5,63.14500045776367
2015-04-21,4435.97998046875,8377.75,1202.9000244140625,62.87799835205078
2015-04-22,4460.81005859375,8429.7001953125,1186.9000244140625,62.935001373291016
2015-04-23,4477.06982421875,8398.2998046875,1194.4000244140625,63.2869987487793
2015-04-24,4536.77978515625,8305.25,1175.199951171875,
2015-04-26,,,,63.654998779296875
2015-04-27,4525.0400390625,8213.7998046875,1203.300048828125,63.13999938964844
2015-04-28,4515.27001953125,8285.599609375,1214.0,63.03300094604492
2015-04-29,4488.14990234375,8239.75,1209.800048828125,63.44200134277344
2015-04-30,4414.25,8181.5,1182.4000244140625,63.52299880981445
2015-05-01,4479.06005859375,,1174.5,
2015-05-03,,,,63.52299880981445
2015-05-04,4482.60986328125,8331.9501953125,1186.800048828125,63.59299850463867
2015-05-05,4409.39013671875,8324.7998046875,1193.199951171875,63.34400177001953
2015-05-06,4379.75,8097.0,1190.300048828125,63.65999984741211
2015-05-07,4401.5498046875,8057.2998046875,1182.4000244140625,64.08200073242188
2015-05-08,4458.64990234375,8191.5,1189.0999755859375,
2015-05-10,,,,63.70399856567383
2015-05-11,4438.64013671875,8325.25,1183.199951171875,64.0199966430664
2015-05-12,4420.64990234375,8126.9501953125,1192.5999755859375,64.21099853515625
2015-05-13,4426.56005859375,8235.4501953125,1218.4000244140625,64.04399871826172
2015-05-14,4495.0400390625,8224.2001953125,1225.4000244140625,63.40800094604492
2015-05-15,4494.2900390625,8262.349609375,1225.5,
2015-05-17,,,,63.43299865722656
2015-05-18,4512.9501953125,8373.650390625,1227.800048828125,63.729000091552734
2015-05-19,4503.72021484375,8365.650390625,1206.9000244140625,63.78499984741211
2015-05-20,4505.2998046875,8423.25,1208.9000244140625,63.625
2015-05-21,4529.47021484375,8421.0,1204.4000244140625,63.625999450683594
2015-05-22,4527.16015625,8458.9501953125,1204.300048828125,
2015-05-24,,,,63.483001708984375
2015-05-25,,8370.25,,63.57099914550781
2015-05-26,4472.9599609375,8339.349609375,1187.199951171875,63.97600173950195
2015-05-27,4546.06005859375,8334.599609375,1185.9000244140625,63.874000549316406
2015-05-28,4535.66015625,8319.0,1188.0999755859375,63.82500076293945
2015-05-29,4508.25,8433.650390625,1189.4000244140625,
2015-05-31,,,,63.736000061035156
2015-06-01,4521.85009765625,8433.400390625,1188.300048828125,63.61000061035156
2015-06-02,4508.89013671875,8236.4501953125,1194.0999755859375,63.6619987487793
2015-06-03,4519.85986328125,8135.10009765625,1184.699951171875,64.05899810791016
2015-06-04,4487.02978515625,8130.64990234375,1174.9000244140625,64.0009994506836
2015-06-05,4477.18994140625,8114.7001953125,1167.800048828125,
2015-06-07,,,,63.762001037597656
2015-06-08,4431.509765625,8044.14990234375,1173.199951171875,63.97600173950195
2015-06-09,4427.60986328125,8022.39990234375,1177.300048828125,64.03800201416016
2015-06-10,4485.4599609375,8124.4501953125,1186.0999755859375,63.79899978637695
2015-06-11,4488.47021484375,7965.35009765625,1179.9000244140625,63.999000549316406
2015-06-12,4453.7900390625,7982.89990234375,1178.800048828125,
2015-06-14,,,,64.09200286865234
2015-06-15,4432.919921875,8013.89990234375,1185.300048828125,64.052001953125
2015-06-16,4455.89990234375,8047.2998046875,1180.5,64.18199920654297
2015-06-17,4468.97998046875,8091.5498046875,1176.4000244140625,64.00299835205078
2015-06-18,4531.85009765625,8174.60009765625,1201.5,63.64500045776367
2015-06-19,4513.419921875,8224.9501953125,1201.5,
2015-06-21,,,,63.492000579833984
2015-06-22,4544.0400390625,8353.099609375,1183.699951171875,63.50699996948242
2015-06-23,4548.740234375,8381.5498046875,1176.199951171875,63.599998474121094
2015-06-24,4524.60009765625,8360.849609375,1172.5999755859375,63.5620002746582
2015-06-25,4514.009765625,8398.0,1171.5,63.51100158691406
2015-06-26,4484.27978515625,8381.099609375,1172.9000244140625,
2015-06-28,,,,63.444000244140625
2015-06-29,4379.8701171875,8318.400390625,1178.5,63.7239990234375
2015-06-30,4396.759765625,8368.5,1171.5,63.59000015258789
2015-07-01,4429.22998046875,8453.0498046875,1169.0,63.57400131225586
2015-07-02,4433.39013671875,8444.900390625,1163.0,63.369998931884766
2015-07-03,,8484.900390625,,
2015-07-05,,,,63.40399932861328
2015-07-06,4418.66015625,8522.150390625,1172.9000244140625,63.3650016784668
2015-07-07,4429.06005859375,8510.7998046875,1152.4000244140625,63.518001556396484
2015-07-08,4351.580078125,8363.0498046875,1163.300048828125,63.5620002746582
2015-07-09,4352.02978515625,8328.5498046875,1159.0,63.36399841308594
2015-07-10,4420.14990234375,8360.5498046875,1157.699951171875,
2015-07-12,,,,63.35200119018555
2015-07-13,4494.47021484375,8459.650390625,1155.199951171875,63.513999938964844
2015-07-14,4523.47021484375,8454.099609375,1153.300048828125,63.32400131225586
2015-07-15,4528.35986328125,8523.7998046875,1147.199951171875,63.52399826049805
2015-07-16,4594.89990234375,8608.0498046875,1143.800048828125,63.481998443603516
2015-07-17,4661.60009765625,8609.849609375,1131.800048828125,
2015-07-19,,,,63.48400115966797
2015-07-20,4679.68017578125,8603.4501953125,1106.699951171875,63.625
2015-07-21,4674.41015625,8529.4501953125,1103.4000244140625,63.58300018310547
2015-07-22,4623.240234375,8633.5,1091.4000244140625,63.66400146484375
2015-07-23,4602.830078125,8589.7998046875,1094.0,63.847999572753906
2015-07-24,4557.3701171875,8521.5498046875,1085.5999755859375,
2015-07-26,,,,64.0999984741211
2015-07-27,4519.08984375,8361.0,1096.5,64.21700286865234
2015-07-28,4560.22998046875,8337.0,1096.300048828125,63.8390007019043
2015-07-29,4581.60009765625,8375.0498046875,1092.699951171875,63.882999420166016
2015-07-30,4598.58984375,8421.7998046875,1088.4000244140625,64.11799621582031
2015-07-31,4588.91015625,8532.849609375,1094.9000244140625,
2015-08-02,,,,63.97999954223633
2015-08-03,4580.4599609375,8543.0498046875,1089.4000244140625,64.1240005493164
2015-08-04,4567.47021484375,8516.900390625,1090.699951171875,63.819000244140625
2015-08-05,4602.240234375,8567.9501953125,1085.699951171875,63.69599914550781
2015-08-06,4528.509765625,8588.650390625,1090.199951171875,63.733001708984375
2015-08-07,4520.080078125,8564.599609375,1094.0999755859375,
2015-08-09,,,,63.733001708984375
2015-08-10,4573.10986328125,8525.599609375,1104.199951171875,63.8380012512207
2015-08-11,4513.990234375,8462.349609375,1107.5999755859375,64.32599639892578
2015-08-12,4528.18994140625,8349.4501953125,1123.199951171875,64.79900360107422
2015-08-13,4519.31982421875,8355.849609375,1115.699951171875,65.26899719238281
2015-08-14,4530.740234375,8518.5498046875,1112.9000244140625,
2015-08-16,,,,65.12200164794922
2015-08-17,4566.3701171875,8477.2998046875,1118.5999755859375,65.44300079345703
2015-08-18,4542.06982421875,8466.5498046875,1117.0999755859375,65.44599914550781
2015-08-19,4510.89990234375,8495.150390625,1128.0999755859375,65.05400085449219
2015-08-20,4385.1298828125,8372.75,1153.0,65.46099853515625
2015-08-21,4197.27001953125,8299.9501953125,1159.5999755859375,
2015-08-23,,,,66.0260009765625
2015-08-24,4038.60009765625,7809.0,1153.4000244140625,66.80699920654297
2015-08-25,4016.320068359375,7880.7001953125,1138.199951171875,66.28299713134766
2015-08-26,4219.60009765625,7791.85009765625,1124.5999755859375,66.05599975585938
2015-08-27,4324.81982421875,7948.9501953125,1122.4000244140625,66.05500030517578
2015-08-28,4329.1201171875,8001.9501953125,1133.0999755859375,
2015-08-30,,,,66.14299774169922
2015-08-31,4274.580078125,7971.2998046875,1131.5999755859375,66.3499984741211
2015-09-01,4142.6298828125,7785.85009765625,1138.699951171875,66.4229965209961
2015-09-02,4256.22998046875,7717.0,1132.5,66.22599792480469
2015-09-03,4234.64990234375,7823.0,1123.699951171875,66.16000366210938
2015-09-04,4184.72021484375,7655.0498046875,1120.5999755859375,
2015-09-06,,,,66.6780014038086
2015-09-07,,7558.7998046875,,66.8030014038086
2015-09-08,4303.52978515625,7688.25,1120.4000244140625,66.40599822998047
2015-09-09,4253.4501953125,7818.60009765625,1102.199951171875,66.59700012207031
2015-09-10,4296.2998046875,7788.10009765625,1109.5,66.31900024414062
2015-09-11,4323.22998046875,7789.2998046875,1103.5,
2015-09-13,,,,66.23400115966797
2015-09-14,4308.759765625,7872.25,1107.699951171875,66.31500244140625
2015-09-15,4360.27978515625,7829.10009765625,1102.800048828125,66.43000030517578
2015-09-16,4383.669921875,7899.14990234375,1119.199951171875,66.19599914550781
2015-09-17,4384.9599609375,,1117.300048828125,66.12200164794922
2015-09-18,4323.85986328125,7981.89990234375,1138.0999755859375,
2015-09-20,,,,65.86100006103516
2015-09-21,4336.1298828125,7977.10009765625,1133.0999755859375,65.73899841308594
2015-09-22,4274.10009765625,7812.0,1125.0,65.875
2015-09-23,4273.52978515625,7845.9501953125,1131.5999755859375,66.16200256347656
2015-09-24,4261.10009765625,7868.5,1153.800048828125,66.22100067138672
2015-09-25,4224.740234375,,1146.0,
2015-09-27,,,,66.16300201416016
2015-09-28,4103.47021484375,7795.7001953125,1132.0,66.26000213623047
2015-09-29,4083.3701171875,7843.2998046875,1127.0999755859375,65.91999816894531
2015-09-30,4181.06005859375,7948.89990234375,1115.5,65.5270004272461
2015-10-01,4192.9599609375,7950.89990234375,1114.199951171875,65.61799621582031
2015-10-02,4267.4501953125,,1137.0999755859375,
2015-10-04,,,,65.35700225830078
2015-10-05,4331.43017578125,8119.2998046875,1138.0999755859375,65.12300109863281
2015-10-06,4306.7001953125,8152.89990234375,1146.800048828125,65.18399810791016
2015-10-07,4333.4599609375,8177.39990234375,1149.0,64.93900299072266
2015-10-08,4350.14990234375,8129.35009765625,1144.699951171875,64.99500274658203
2015-10-09,4370.009765625,8189.7001953125,1156.300048828125,
2015-10-11,,,,64.77200317382812
2015-10-12,4382.56005859375,8143.60009765625,1164.9000244140625,64.78199768066406
2015-10-13,4352.93994140625,8131.7001953125,1165.800048828125,65.08499908447266
2015-10-14,4346.919921875,8107.89990234375,1180.0999755859375,64.8489990234375
2015-10-15,4418.22021484375,8179.5,1187.9000244140625,64.78399658203125
2015-10-16,4438.6201171875,8238.150390625,1183.5999755859375,
2015-10-18,,,,64.69499969482422
2015-10-19,4462.06982421875,8275.0498046875,1173.300048828125,64.95099639892578
2015-10-20,4438.18017578125,8261.650390625,1178.0,64.99400329589844
2015-10-21,4413.52001953125,8251.7001953125,1167.5999755859375,65.15899658203125
2015-10-22,4503.22021484375,,1166.5999755859375,65.05000305175781
2015-10-23,4624.08984375,8295.4501953125,1163.300048828125,
2015-10-26,4630.85009765625,8260.5498046875,1167.0,64.88500213623047
2015-10-27,4639.22998046875,8232.900390625,1166.800048828125,64.9010009765625
2015-10-28,4678.580078125,8171.2001953125,1177.0999755859375,65.06700134277344
2015-10-29,4670.759765625,8111.75,1147.199951171875,64.94599914550781
2015-10-30,4648.830078125,8065.7998046875,1141.5,65.44400024414062
2015-11-02,4703.919921875,8050.7998046875,1135.800048828125,65.41500091552734
2015-11-03,4719.0498046875,8060.7001953125,1114.199951171875,65.54100036621094
2015-11-04,4717.5498046875,8040.2001953125,1106.5,65.53099822998047
2015-11-05,4702.89990234375,7955.4501953125,1104.4000244140625,65.58499908447266
2015-11-06,4707.22998046875,7954.2998046875,1087.5999755859375,65.86000061035156
2015-11-09,4655.52001953125,7915.2001953125,1087.9000244140625,66.13300323486328
2015-11-10,4641.72998046875,7783.35009765625,1088.199951171875,66.46800231933594
2015-11-11,4636.93994140625,,1084.699951171875,66.19300079345703
2015-11-12,4588.93017578125,,1080.800048828125,66.06300354003906
2015-11-13,4502.14013671875,7762.25,1080.800048828125,66.0479965209961
2015-11-16,4565.47021484375,7806.60009765625,1083.699951171875,66.0510025024414
2015-11-17,4565.81982421875,7837.5498046875,1068.699951171875,65.89700317382812
2015-11-18,4653.43994140625,7731.7998046875,1068.800048828125,66.03700256347656
2015-11-19,4655.35009765625,7842.75,1078.0,66.07499694824219
2015-11-20,4686.35986328125,7856.5498046875,1076.4000244140625,66.08499908447266
2015-11-23,4674.7900390625,7849.25,1066.800048828125,66.05000305175781
2015-11-24,4669.41015625,7831.60009765625,1074.300048828125,66.37100219726562
2015-11-25,4672.8798828125,,1070.5,66.30000305175781
2015-11-26,,7883.7998046875,,66.38200378417969
2015-11-27,4680.47021484375,7942.7001953125,1056.199951171875,66.55799865722656
2015-11-30,4664.509765625,7935.25,1065.800048828125,66.9000015258789
2015-12-01,4716.16015625,7954.89990234375,1063.800048828125,66.50800323486328
2015-12-02,4686.22021484375,7931.35009765625,1054.199951171875,66.46099853515625
2015-12-03,4606.75,7864.14990234375,1061.699951171875,66.55699920654297
2015-12-04,4716.1201171875,7781.89990234375,1084.5,66.8030014038086
2015-12-07,4693.6201171875,7765.39990234375,1076.4000244140625,66.63600158691406
2015-12-08,4694.77001953125,7701.7001953125,1076.300048828125,66.76799774169922
2015-12-09,4622.14013671875,7612.5,1077.5999755859375,66.83300018310547
2015-12-10,4643.0498046875,7683.2998046875,1073.0999755859375,66.88999938964844
2015-12-11,4537.56005859375,7610.4501953125,1076.9000244140625,66.78600311279297
2015-12-14,4570.16015625,7650.0498046875,1064.699951171875,67.14099884033203
2015-12-15,4597.330078125,7700.89990234375,1062.9000244140625,67.07099914550781
2015-12-16,4664.56005859375,7750.89990234375,1078.0,66.90299987792969
2015-12-17,4598.14013671875,7844.35009765625,1050.800048828125,66.4280014038086
2015-12-18,4514.830078125,7761.9501953125,1066.199951171875,66.45899963378906
2015-12-21,4560.5498046875,7834.4501953125,1081.9000244140625,66.24800109863281
2015-12-22,4589.259765625,7786.10009765625,1074.800048828125,66.26899719238281
2015-12-23,4624.58984375,7865.9501953125,1069.4000244140625,66.24299621582031
2015-12-24,4622.77001953125,7861.0498046875,1077.199951171875,66.15399932861328
2015-12-25,,,,65.94000244140625
2015-12-28,4621.35009765625,7925.14990234375,1070.5,65.94000244140625
2015-12-29,4691.080078125,7928.9501953125,1077.5,66.13400268554688
2015-12-30,4652.009765625,7896.25,1060.0999755859375,66.26000213623047
2015-12-31,4593.27001953125,7946.35009765625,1060.300048828125,66.45500183105469
2016-01-01,,,,66.19300079345703
2016-01-04,4497.85986328125,7791.2998046875,1075.0999755859375,66.19300079345703
2016-01-05,4484.18017578125,7784.64990234375,1078.4000244140625,66.60099792480469
2016-01-06,4443.990234375,7741.0,1091.9000244140625,66.52400207519531
2016-01-07,4305.72021484375,7568.2998046875,1107.699951171875,66.7239990234375
2016-01-08,4270.77978515625,7601.35009765625,1097.800048828125,66.9209976196289
2016-01-11,4283.5498046875,7563.85009765625,1096.5,66.83999633789062
2016-01-12,4333.72021484375,7510.2998046875,1085.5999755859375,66.79299926757812
2016-01-13,4183.1201171875,7562.39990234375,1087.5,66.91999816894531
2016-01-14,4272.97021484375,7536.7998046875,1073.9000244140625,66.93599700927734
2016-01-15,4141.080078125,7437.7998046875,1091.5,67.30400085449219
2016-01-18,,7351.0,,67.76699829101562
2016-01-19,4147.06982421875,7435.10009765625,1089.9000244140625,67.71099853515625
2016-01-20,4136.27978515625,7309.2998046875,1107.0999755859375,67.76699829101562
2016-01-21,4142.60009765625,7276.7998046875,1099.0999755859375,67.9489974975586
2016-01-22,4259.77001953125,7422.4501953125,1097.199951171875,67.80799865722656
2016-01-25,4196.52978515625,7436.14990234375,1106.199951171875,67.54100036621094
2016-01-26,4233.85009765625,,1121.699951171875,67.74099731445312
2016-01-27,4128.85986328125,7437.75,1116.0999755859375,67.7699966430664
2016-01-28,4186.06005859375,7424.64990234375,1115.5999755859375,68.19599914550781
2016-01-29,4279.169921875,7563.5498046875,1116.4000244140625,68.09300231933594
2016-02-01,4286.56005859375,7555.9501953125,1127.9000244140625,67.87000274658203
2016-02-02,4193.10009765625,7455.5498046875,1127.300048828125,67.88200378417969
2016-02-03,4171.97021484375,7361.7998046875,1141.300048828125,67.98600006103516
2016-02-04,4167.77001953125,7404.0,1157.5999755859375,67.927001953125
2016-02-05,4024.469970703125,7489.10009765625,1157.800048828125,67.56400299072266
2016-02-08,3960.669921875,7387.25,1197.9000244140625,67.802001953125
2016-02-09,3947.800048828125,7298.2001953125,1198.699951171875,68.07599639892578
2016-02-10,3966.280029296875,7215.7001953125,1194.699951171875,67.9280014038086
2016-02-11,3962.219970703125,6976.35009765625,1247.9000244140625,67.89299774169922
2016-02-12,4019.18994140625,6980.9501953125,1239.0999755859375,68.4739990234375
2016-02-15,,7162.9501953125,,68.11100006103516
2016-02-16,4104.330078125,7048.25,1207.9000244140625,68.13700103759766
2016-02-17,4199.10009765625,7108.4501953125,1211.0999755859375,68.50599670410156
2016-02-18,4151.490234375,7191.75,1226.0999755859375,68.35600280761719
2016-02-19,4164.08984375,7210.75,1230.4000244140625,68.56600189208984
2016-02-22,4231.27001953125,7234.5498046875,1209.5,68.53800201416016
2016-02-23,4162.5400390625,7109.5498046875,1222.300048828125,68.5739974975586
2016-02-24,4200.66015625,7018.7001953125,1238.699951171875,68.60299682617188
2016-02-25,4241.06005859375,6970.60009765625,1238.199951171875,68.3759994506836
2016-02-26,4235.6201171875,7029.75,1219.800048828125,68.7969970703125
2016-02-29,4201.1201171875,6987.0498046875,1233.9000244140625,68.7300033569336
2016-03-01,4333.60986328125,7222.2998046875,1230.300048828125,68.21800231933594
2016-03-02,4334.39013671875,7368.85009765625,1241.0999755859375,67.74600219726562
2016-03-03,4325.85986328125,7475.60009765625,1257.4000244140625,67.38800048828125
2016-03-04,4329.0,7485.35009765625,1269.9000244140625,67.14299774169922
2016-03-07,4303.330078125,,1263.199951171875,66.93000030517578
2016-03-08,4265.509765625,7485.2998046875,1262.0999755859375,67.0459976196289
2016-03-09,4293.22998046875,7531.7998046875,1256.5999755859375,67.35700225830078
2016-03-10,4286.97021484375,7486.14990234375,1272.0,67.1449966430664
2016-03-11,4361.830078125,7510.2001953125,1258.699951171875,67.30899810791016
2016-03-14,4367.330078125,7538.75,1244.4000244140625,66.91300201416016
2016-03-15,4367.080078125,7460.60009765625,1230.4000244140625,67.17400360107422
2016-03-16,4404.2001953125,7498.75,1229.300048828125,67.35900115966797
2016-03-17,4400.259765625,7512.5498046875,1264.5,66.83000183105469
2016-03-18,4410.830078125,7604.35009765625,1253.800048828125,66.61199951171875
2016-03-21,4426.97998046875,7704.25,1243.800048828125,66.3759994506836
2016-03-22,4437.6201171875,7714.89990234375,1248.199951171875,66.5199966430664
2016-03-23,4402.56005859375,7716.5,1223.699951171875,66.76399993896484
2016-03-24,4405.52978515625,,1221.4000244140625,66.9020004272461
2016-03-25,,,,66.90699768066406
2016-03-27,,,,66.90699768066406
2016-03-28,4398.06982421875,7615.10009765625,1219.9000244140625,66.90699768066406
2016-03-29,4467.72021484375,7597.0,1235.5999755859375,66.36799621582031
2016-03-30,4490.8798828125,7735.2001953125,1226.9000244140625,66.36799621582031
2016-03-31,4483.66015625,7738.39990234375,1234.199951171875,66.24800109863281
2016-04-01,4532.080078125,7713.0498046875,1222.199951171875,
2016-04-03,,,,66.35800170898438
2016-04-04,4511.7001953125,7758.7998046875,1218.0,66.13300323486328
2016-04-05,4470.75,7603.2001953125,1228.4000244140625,66.46800231933594
2016-04-06,4543.77978515625,7614.35009765625,1222.5,66.53299713134766
2016-04-07,4475.2900390625,7546.4501953125,1236.199951171875,66.77899932861328
2016-04-08,4474.93017578125,7555.2001953125,1242.5,
2016-04-10,,,,66.54399871826172
2016-04-11,4458.7099609375,7671.39990234375,1256.699951171875,66.29000091552734
2016-04-12,4496.0400390625,7708.9501953125,1259.4000244140625,66.31500244140625
2016-04-13,4554.72021484375,7850.4501953125,1246.800048828125,66.5250015258789
2016-04-14,4554.6298828125,,1225.0,66.63700103759766
2016-04-15,4543.16015625,,1233.0999755859375,
2016-04-17,,,,66.65299987792969
2016-04-18,4569.31005859375,7914.7001953125,1233.5999755859375,66.40899658203125
2016-04-19,4537.08984375,,1253.0,66.22200012207031
2016-04-20,4540.43994140625,7914.75,1253.199951171875,66.2040023803711
2016-04-21,4540.7998046875,7912.0498046875,1249.0,66.51200103759766
2016-04-22,4474.18994140625,7899.2998046875,1228.699951171875,
2016-04-24,,,,66.65299987792969
2016-04-25,4474.1298828125,7855.0498046875,1238.9000244140625,66.70500183105469
2016-04-26,4452.97021484375,7962.64990234375,1242.199951171875,66.45700073242188
2016-04-27,4416.6298828125,7979.89990234375,1249.199951171875,66.3550033569336
2016-04-28,4363.990234375,7847.25,1265.5,66.43800354003906
2016-04-29,4341.2998046875,7849.7998046875,1289.199951171875,
2016-05-01,,,,66.41799926757812
2016-05-02,4381.2998046875,7805.89990234375,1294.699951171875,66.37100219726562
2016-05-03,4341.39013671875,7747.0,1290.699951171875,66.59200286865234
2016-05-04,4312.009765625,7706.5498046875,1273.300048828125,66.62000274658203
2016-05-05,4309.47998046875,7735.5,1271.4000244140625,66.60199737548828
2016-05-06,4330.169921875,7733.4501953125,1292.9000244140625,
2016-05-08,,,,66.59400177001953
2016-05-09,4341.22998046875,7866.0498046875,1265.5999755859375,66.72100067138672
2016-05-10,4402.0400390625,7887.7998046875,1263.9000244140625,66.66600036621094
2016-05-11,4361.02978515625,7848.85009765625,1274.5999755859375,66.59100341796875
2016-05-12,4342.81005859375,7900.39990234375,1270.300048828125,66.7509994506836
2016-05-13,4326.52978515625,7814.89990234375,1271.9000244140625,
2016-05-15,,,,66.9000015258789
2016-05-16,4380.47998046875,7860.75,1273.4000244140625,66.875
2016-05-17,4322.56005859375,7890.75,1276.199951171875,66.86799621582031
2016-05-18,4338.22998046875,7870.14990234375,1273.699951171875,67.16000366210938
2016-05-19,4315.580078125,7783.39990234375,1254.199951171875,67.47699737548828
2016-05-20,4362.89990234375,7749.7001953125,1252.4000244140625,
2016-05-22,,,,67.4229965209961
2016-05-23,4355.10009765625,7731.0498046875,1251.0999755859375,67.447998046875
2016-05-24,4444.2998046875,7748.85009765625,1228.9000244140625,67.6510009765625
2016-05-25,4476.43017578125,7934.89990234375,1223.5,67.30400085449219
2016-05-26,4487.9599609375,8069.64990234375,1220.0999755859375,66.9540023803711
2016-05-27,4512.5400390625,8156.64990234375,1213.800048828125,
2016-05-29,,,,67.02400207519531
2016-05-30,,8178.5,,67.13300323486328
2016-05-31,4523.89013671875,8160.10009765625,1214.800048828125,67.23100280761719
2016-06-01,4520.06982421875,8179.9501953125,1211.9000244140625,67.4260025024414
2016-06-02,4531.35009765625,8218.9501953125,1209.800048828125,67.29199981689453
2016-06-03,4509.7900390625,8220.7998046875,1240.0999755859375,
2016-06-05,,,,66.99199676513672
2016-06-06,4523.6298828125,8201.0498046875,1244.5999755859375,66.8010025024414
2016-06-07,4513.08984375,8266.4501953125,1244.4000244140625,66.76300048828125
2016-06-08,4520.6298828125,8273.0498046875,1259.800048828125,66.51000213623047
2016-06-09,4512.68994140625,8203.599609375,1270.199951171875,66.74099731445312
2016-06-10,4461.0498046875,8170.0498046875,1273.4000244140625,
2016-06-12,,,,66.94499969482422
2016-06-13,4422.759765625,8110.60009765625,1284.4000244140625,67.15399932861328
2016-06-14,4424.91015625,8108.85009765625,1285.5999755859375,67.2979965209961
2016-06-15,4409.509765625,8206.599609375,1285.800048828125,67.072998046875
2016-06-16,4424.22998046875,8140.75,1296.0999755859375,67.30699920654297
2016-06-17,4374.3798828125,8170.2001953125,1292.5,
2016-06-19,,,,67.06600189208984
2016-06-20,4400.16015625,8238.5,1290.0,67.12999725341797
2016-06-21,4413.39990234375,8219.900390625,1270.5,67.60600280761719
2016-06-22,4404.72998046875,8203.7001953125,1268.0,67.4219970703125
2016-06-23,4467.47998046875,8270.4501953125,1261.199951171875,67.24199676513672
2016-06-24,4285.7001953125,8088.60009765625,1320.0,
2016-06-26,,,,67.87699890136719
2016-06-27,4201.0498046875,8094.7001953125,1322.5,67.9209976196289
2016-06-28,4290.47021484375,8127.85009765625,1315.300048828125,67.70500183105469
2016-06-29,4364.740234375,8204.0,1323.9000244140625,67.41600036621094
2016-06-30,4417.7001953125,8287.75,1318.4000244140625,67.5009994506836
2016-07-01,4437.4501953125,8328.349609375,1336.699951171875,
2016-07-03,,,,67.18199920654297
2016-07-04,,8370.7001953125,,67.23699951171875
2016-07-05,4410.75,8335.9501953125,1356.4000244140625,67.4260025024414
2016-07-06,4444.7001953125,,1364.9000244140625,67.4010009765625
2016-07-07,4459.580078125,8337.900390625,1360.0999755859375,67.49700164794922
2016-07-08,4528.35986328125,8323.2001953125,1356.5999755859375,
2016-07-10,,,,67.13200378417969
2016-07-11,4554.7099609375,8467.900390625,1355.0,67.1449966430664
2016-07-12,4577.60986328125,8521.0498046875,1334.0999755859375,66.87000274658203
2016-07-13,4565.77001953125,8519.5,1342.4000244140625,67.00599670410156
2016-07-14,4596.490234375,8565.0,1331.300048828125,66.83799743652344
2016-07-15,4589.830078125,8541.400390625,1326.5,
2016-07-17,,,,67.13300323486328
2016-07-18,4619.68017578125,8508.7001953125,1328.4000244140625,67.13899993896484
2016-07-19,4603.27978515625,8528.5498046875,1331.5,67.20600128173828
2016-07-20,4657.2001953125,8565.849609375,1318.800048828125,67.16400146484375
2016-07-21,4647.02001953125,8510.099609375,1330.5,67.15399932861328
2016-07-22,4666.06982421875,8541.2001953125,1323.0999755859375,
2016-07-24,,,,67.14600372314453
2016-07-25,4665.93017578125,8635.650390625,1319.300048828125,67.40499877929688
2016-07-26,4672.10986328125,8590.650390625,1320.699951171875,67.28399658203125
2016-07-27,4702.8798828125,8615.7998046875,1326.5999755859375,67.06300354003906
2016-07-28,4721.41015625,8666.2998046875,1332.300048828125,67.00700378417969
2016-07-29,4730.22998046875,8638.5,1349.0,
2016-07-31,,,,66.64800262451172
2016-08-01,4756.0400390625,8636.5498046875,1351.4000244140625,66.7509994506836
2016-08-02,4719.2099609375,8622.900390625,1364.4000244140625,66.6760025024414
2016-08-03,4734.330078125,8544.849609375,1356.0999755859375,66.76000213623047
2016-08-04,4743.81005859375,8551.099609375,1358.800048828125,66.84100341796875
2016-08-05,4791.2099609375,8683.150390625,1336.4000244140625,
2016-08-07,,,,66.83499908447266
2016-08-08,4784.740234375,8711.349609375,1333.4000244140625,66.79399871826172
2016-08-09,4795.75,8678.25,1339.0,66.78299713134766
2016-08-10,4783.39013671875,8575.2998046875,1344.300048828125,66.75800323486328
2016-08-11,4803.31005859375,8592.150390625,1342.5,66.73999786376953
2016-08-12,4807.080078125,,1335.800048828125,
2016-08-14,,,,66.89959716796875
2016-08-15,4827.1201171875,,1340.300048828125,66.86489868164062
2016-08-16,4797.18994140625,8642.5498046875,1350.5,66.85769653320312
2016-08-17,4805.4501953125,8624.0498046875,1342.699951171875,66.90550231933594
2016-08-18,4808.68017578125,8673.25,1351.199951171875,66.81999969482422
2016-08-19,4806.14013671875,8666.900390625,1340.4000244140625,
2016-08-21,,,,67.12750244140625
2016-08-22,4808.56005859375,8629.150390625,1337.699951171875,67.1874008178711
2016-08-23,4818.47998046875,8632.599609375,1340.5999755859375,67.12999725341797
2016-08-24,4783.490234375,8650.2998046875,1324.4000244140625,67.16000366210938
2016-08-25,4775.43017578125,8592.2001953125,1320.0999755859375,67.00559997558594
2016-08-26,4783.68994140625,8572.5498046875,1321.5,
2016-08-28,,,,67.12899780273438
2016-08-29,4791.08984375,8607.4501953125,1322.9000244140625,67.08999633789062
2016-08-30,4775.990234375,8744.349609375,1311.699951171875,67.12660217285156
2016-08-31,4771.0498046875,8786.2001953125,1306.9000244140625,66.97470092773438
2016-09-01,4783.93994140625,8774.650390625,1312.199951171875,66.79299926757812
2016-09-02,4798.740234375,8809.650390625,1322.0999755859375,
2016-09-04,,,,66.57279968261719
2016-09-05,,,,66.45999908447266
2016-09-06,4829.509765625,8943.0,1349.4000244140625,66.25520324707031
2016-09-07,4831.85986328125,8917.9501953125,1344.300048828125,66.47160339355469
2016-09-08,4804.0,8952.5,1336.800048828125,66.44999694824219
2016-09-09,4681.5400390625,8866.7001953125,1330.0999755859375,
2016-09-11,,,,66.77799987792969
2016-09-12,4764.64990234375,8715.599609375,1321.0,66.7229995727539
2016-09-13,4722.85009765625,,1319.0,66.99500274658203
2016-09-14,4746.06005859375,8726.599609375,1321.5,66.75810241699219
2016-09-15,4819.89990234375,8742.5498046875,1313.5,66.85030364990234
2016-09-16,4818.0498046875,8779.849609375,1305.800048828125,
2016-09-18,,,,67.06529998779297
2016-09-19,4796.06982421875,8808.400390625,1313.5,66.9552001953125
2016-09-20,4805.22021484375,8775.900390625,1313.699951171875,66.9749984741211
2016-09-21,4853.75,8777.150390625,1326.9000244140625,66.76119995117188
2016-09-22,4891.35986328125,8867.4501953125,1340.4000244140625,66.62259674072266
2016-09-23,4858.91015625,8831.5498046875,1337.199951171875,
2016-09-25,,,,66.69650268554688
2016-09-26,4817.169921875,8723.0498046875,1339.699951171875,66.60649871826172
2016-09-27,4866.7099609375,8706.400390625,1325.9000244140625,66.44129943847656
2016-09-28,4875.27001953125,8745.150390625,1319.4000244140625,66.33280181884766
2016-09-29,4838.2998046875,8591.25,1321.699951171875,66.81629943847656
2016-09-30,4875.7001953125,8611.150390625,1313.300048828125,
2016-10-02,,,,66.54650115966797
2016-10-03,4866.6298828125,8738.099609375,1309.0,66.38030242919922
2016-10-04,4859.47021484375,8769.150390625,1266.300048828125,66.5780029296875
2016-10-05,4877.75,8743.9501953125,1265.199951171875,66.56320190429688
2016-10-06,4873.919921875,8709.5498046875,1249.800048828125,66.68710327148438
2016-10-07,4864.52001953125,8697.599609375,1248.9000244140625,
2016-10-09,,,,66.59120178222656
2016-10-10,4893.77001953125,8708.7998046875,,66.48509979248047
2016-10-11,4821.91015625,,1253.0,66.79850006103516
2016-10-12,4819.64013671875,,1251.0999755859375,66.81809997558594
2016-10-13,4803.10009765625,8573.349609375,1255.0,66.78399658203125
2016-10-14,4808.47998046875,8583.400390625,1253.0999755859375,
2016-10-16,,,,66.7052993774414
2016-10-17,4796.169921875,8520.400390625,1254.4000244140625,66.78359985351562
2016-10-18,4839.72021484375,8677.900390625,1260.800048828125,66.73799896240234
2016-10-19,4836.60986328125,8659.099609375,1267.9000244140625,66.63639831542969
2016-10-20,4832.7099609375,8699.400390625,1265.5999755859375,66.84130096435547
2016-10-21,4851.85986328125,8693.0498046875,1265.9000244140625,
2016-10-23,,,,66.91120147705078
2016-10-24,4909.97021484375,8708.9501953125,1262.0,66.83399963378906
2016-10-25,4891.4501953125,8691.2998046875,1271.9000244140625,66.78130340576172
2016-10-26,4860.58984375,8615.25,1264.800048828125,66.86399841308594
2016-10-27,4836.4501953125,8615.25,1267.9000244140625,66.90299987792969
2016-10-28,4805.58984375,8638.0,1275.5,
2016-10-31,4801.27001953125,,1271.5,66.78140258789062
2016-11-01,4766.93994140625,8626.25,1286.4000244140625,66.66549682617188
2016-11-02,4726.91015625,8514.0,1306.800048828125,66.67849731445312
2016-11-03,4679.10009765625,8484.9501953125,1302.0999755859375,66.77749633789062
2016-11-04,4660.4599609375,8433.75,1303.300048828125,66.68450164794922
2016-11-07,4773.72998046875,8497.0498046875,1278.300048828125,66.7853012084961
2016-11-08,4804.919921875,8543.5498046875,1273.4000244140625,66.73500061035156
2016-11-09,4825.18017578125,8432.0,1272.5999755859375,66.22949981689453
2016-11-10,4747.02978515625,8525.75,1265.5,66.50749969482422
2016-11-11,4751.9501953125,8296.2998046875,,67.2145004272461
2016-11-14,4702.0400390625,,1221.199951171875,67.54679870605469
2016-11-15,4764.47021484375,8108.4501953125,1224.0,67.77549743652344
2016-11-16,4792.27001953125,8111.60009765625,1223.4000244140625,67.74800109863281
2016-11-17,4826.58984375,8079.9501953125,1216.5,67.98149871826172
2016-11-18,4808.0400390625,8074.10009765625,1208.5,67.97480010986328
2016-11-21,4859.0,7929.10009765625,1209.5999755859375,68.16999816894531
2016-11-22,4873.83984375,8002.2998046875,1211.0,68.21549987792969
2016-11-23,4853.85986328125,8033.2998046875,1189.0999755859375,68.385498046875
2016-11-24,,7965.5,,68.79850006103516
2016-11-25,4870.02001953125,8114.2998046875,1178.199951171875,68.74549865722656
2016-11-28,4857.02001953125,8126.89990234375,1190.5999755859375,68.50849914550781
2016-11-29,4873.2099609375,8142.14990234375,1187.9000244140625,68.55549621582031
2016-11-30,4810.81005859375,8224.5,1170.800048828125,68.60800170898438
2016-12-01,4734.10009765625,8192.900390625,1166.9000244140625,68.58799743652344
2016-12-02,4739.3701171875,8086.7998046875,1175.0999755859375,68.21649932861328
2016-12-05,4778.14013671875,8128.75,1174.0,68.0114974975586
2016-12-06,4788.669921875,8143.14990234375,1167.5999755859375,68.01249694824219
2016-12-07,4851.93994140625,8102.0498046875,1175.0,67.72200012207031
2016-12-08,4859.18994140625,8246.849609375,1169.800048828125,67.43150329589844
2016-12-09,4895.89990234375,8261.75,1159.4000244140625,67.40599822998047
2016-12-12,4874.2998046875,8170.7998046875,1163.5,67.46050262451172
2016-12-13,4935.83984375,8221.7998046875,1156.699951171875,67.41799926757812
2016-12-14,4921.22021484375,8182.4501953125,1161.300048828125,67.3864974975586
2016-12-15,4933.41015625,8153.60009765625,1127.800048828125,67.81999969482422
2016-12-16,4914.85986328125,8139.4501953125,1135.300048828125,67.84500122070312
2016-12-19,4934.85009765625,8104.35009765625,1140.5,67.83499908447266
2016-12-20,4953.7998046875,8082.39990234375,1131.5,67.84020233154297
2016-12-21,4948.91015625,8061.2998046875,1131.0999755859375,67.89700317382812
2016-12-22,4934.39013671875,7979.10009765625,1128.800048828125,67.82550048828125
2016-12-23,4940.02001953125,7985.75,1131.9000244140625,67.83799743652344
2016-12-26,,7908.25,,67.83080291748047
2016-12-27,4965.81005859375,8032.85009765625,1137.300048828125,67.77200317382812
2016-12-28,4926.2900390625,8034.85009765625,1139.4000244140625,67.96800231933594
2016-12-29,4918.27978515625,8103.60009765625,1156.4000244140625,68.20500183105469
2016-12-30,4863.6201171875,8185.7998046875,1150.0,67.93299865722656
2017-01-02,,8179.5,,67.9448013305664
2017-01-03,4911.330078125,8192.25,1160.4000244140625,68.13390350341797
2017-01-04,4937.2099609375,8190.5,1163.800048828125,68.2697982788086
2017-01-05,4964.9501953125,8273.7998046875,1179.699951171875,67.885498046875
2017-01-06,5007.080078125,8243.7998046875,1171.9000244140625,67.73300170898438
2017-01-09,5024.89990234375,8236.0498046875,1183.5,68.1426010131836
2017-01-10,5035.169921875,8288.599609375,1184.199951171875,68.09700012207031
2017-01-11,5050.2099609375,8380.650390625,1195.5999755859375,68.31800079345703
2017-01-12,5041.43017578125,8407.2001953125,1198.9000244140625,68.13999938964844
2017-01-13,5059.509765625,8400.349609375,1195.300048828125,68.12950134277344
2017-01-16,,8412.7998046875,,68.15779876708984
2017-01-17,5044.64990234375,8398.0,1212.0,68.09459686279297
2017-01-18,5055.85009765625,8417.0,1211.300048828125,67.89949798583984
2017-01-19,5051.169921875,8435.099609375,1200.9000244140625,68.197998046875
2017-01-20,5063.2001953125,8349.349609375,1204.300048828125,68.09030151367188
2017-01-23,5065.7001953125,8391.5,1215.0,68.07720184326172
2017-01-24,5101.06005859375,8475.7998046875,1210.300048828125,68.05139923095703
2017-01-25,5151.47021484375,8602.75,1197.300048828125,68.16449737548828
2017-01-26,5156.919921875,,1189.5,67.9729995727539
2017-01-27,5168.06005859375,8641.25,1188.0999755859375,68.14900207519531
2017-01-30,5129.330078125,8632.75,1193.199951171875,68.11000061035156
2017-01-31,5116.77001953125,8561.2998046875,1208.5999755859375,67.82099914550781
2017-02-01,5152.68994140625,8716.400390625,1205.5999755859375,67.50160217285156
2017-02-02,5147.7001953125,8734.25,1216.699951171875,67.39540100097656
2017-02-03,5161.60009765625,8740.9501953125,1218.5,67.2656021118164
2017-02-06,5167.9599609375,8801.0498046875,1230.0,67.15730285644531
2017-02-07,5185.8798828125,8768.2998046875,1234.199951171875,67.19529724121094
2017-02-08,5196.580078125,8769.0498046875,1237.5999755859375,67.34049987792969
2017-02-09,5212.16015625,8778.400390625,1235.0999755859375,66.96430206298828
2017-02-10,5226.68994140625,8793.5498046875,1234.4000244140625,66.74530029296875
2017-02-13,5256.81982421875,8805.0498046875,1224.4000244140625,66.84369659423828
2017-02-14,5271.06982421875,8792.2998046875,1223.9000244140625,66.91539764404297
2017-02-15,5302.39013671875,8724.7001953125,1231.699951171875,66.7759017944336
2017-02-16,5300.64013671875,8778.0,1240.0,66.8655014038086
2017-02-17,5324.72021484375,8821.7001953125,1237.5999755859375,67.16480255126953
2017-02-20,,8879.2001953125,,67.06520080566406
2017-02-21,5350.72998046875,8907.849609375,1237.5,66.96499633789062
2017-02-22,5352.1298828125,8926.900390625,1232.0,66.96510314941406
2017-02-23,5332.3701171875,8939.5,1250.199951171875,66.91429901123047
2017-02-24,5343.31005859375,,1256.9000244140625,66.68280029296875
2017-02-27,5347.5498046875,8896.7001953125,1257.4000244140625,66.63500213623047
2017-02-28,5330.31005859375,8879.599609375,1252.5999755859375,66.69319915771484
2017-03-01,5390.990234375,8945.7998046875,1248.9000244140625,66.7051010131836
2017-03-02,5363.259765625,8899.75,1231.9000244140625,66.85800170898438
2017-03-03,5373.47998046875,8897.5498046875,1225.5,66.84510040283203
2017-03-06,5360.31005859375,8963.4501953125,1224.5,66.77300262451172
2017-03-07,5351.27978515625,8946.900390625,1215.0999755859375,66.66470336914062
2017-03-08,5359.81005859375,8924.2998046875,1208.5,66.61620330810547
2017-03-09,5363.97998046875,8927.0,1202.4000244140625,66.76499938964844
2017-03-10,5385.89990234375,8934.5498046875,1200.699951171875,66.68049621582031
2017-03-13,5394.56982421875,,1202.4000244140625,66.48500061035156
2017-03-14,5382.169921875,9087.0,1201.9000244140625,66.17009735107422
2017-03-15,5416.25,9084.7998046875,1200.0999755859375,65.77510070800781
2017-03-16,5412.080078125,9153.7001953125,1226.5,65.62049865722656
2017-03-17,5408.759765625,9160.0498046875,1229.800048828125,65.40450286865234
2017-03-20,5413.31005859375,9126.849609375,1233.5999755859375,65.46810150146484
2017-03-21,5332.52978515625,9121.5,1246.0999755859375,65.33529663085938
2017-03-22,5367.5498046875,9030.4501953125,1249.300048828125,65.49500274658203
2017-03-23,5355.14013671875,9086.2998046875,1246.9000244140625,65.36499786376953
2017-03-24,5364.0,9108.0,1248.199951171875,65.44439697265625
2017-03-26,,,,65.39309692382812
2017-03-27,5374.27001953125,9045.2001953125,1255.4000244140625,65.04499816894531
2017-03-28,5407.2099609375,9100.7998046875,1255.300048828125,65.11000061035156
2017-03-29,5430.27001953125,9143.7998046875,1253.4000244140625,64.77999877929688
2017-03-30,5439.740234375,9173.75,1245.0,64.79000091552734
2017-03-31,5436.22998046875,9173.75,1247.300048828125,
2017-04-02,,,,64.79669952392578
2017-04-03,5432.2001953125,9237.849609375,1250.800048828125,64.87750244140625
2017-04-04,5440.41015625,,1255.0,65.05000305175781
2017-04-05,5418.52001953125,9265.150390625,1245.4000244140625,65.04000091552734
2017-04-06,5420.8798828125,9261.9501953125,1250.300048828125,64.58000183105469
2017-04-07,5418.3701171875,9198.2998046875,1254.300048828125,
2017-04-09,,,,64.26000213623047
2017-04-10,5421.68017578125,9181.4501953125,1251.0999755859375,64.57499694824219
2017-04-11,5398.39990234375,9237.0,1271.199951171875,64.62999725341797
2017-04-12,5377.02978515625,9203.4501953125,1275.300048828125,64.5
2017-04-13,5353.58984375,9150.7998046875,1285.9000244140625,64.44999694824219
2017-04-16,,,,64.45369720458984
2017-04-17,5399.2001953125,9139.2998046875,1289.4000244140625,64.4083023071289
2017-04-18,5391.66015625,9105.150390625,1291.699951171875,64.56999969482422
2017-04-19,5399.64013671875,9103.5,1281.4000244140625,64.64669799804688
2017-04-20,5443.52978515625,9136.400390625,1281.9000244140625,64.66000366210938
2017-04-21,5442.0498046875,9119.400390625,1287.4000244140625,
2017-04-23,,,,64.63999938964844
2017-04-24,5508.02978515625,9217.9501953125,1275.800048828125,64.38999938964844
2017-04-25,5548.18994140625,9306.599609375,1265.5999755859375,64.3499984741211
2017-04-26,5541.08984375,9351.849609375,1262.0999755859375,64.0199966430664
2017-04-27,5571.27978515625,9342.150390625,1263.699951171875,64.05999755859375
2017-04-28,5583.52978515625,9304.0498046875,1266.0999755859375,
2017-04-30,,,,64.25830078125
2017-05-01,5629.6298828125,,1253.300048828125,64.18000030517578
2017-05-02,5644.06982421875,9313.7998046875,1255.0999755859375,64.06999969482422
2017-05-03,5625.16015625,9311.9501953125,1246.4000244140625,64.20999908447266
2017-05-04,5626.31982421875,9359.900390625,1226.5,64.16999816894531
2017-05-05,5646.08984375,9285.2998046875,1224.800048828125,
2017-05-07,,,,64.30799865722656
2017-05-08,5659.06982421875,9314.0498046875,1225.300048828125,64.41179656982422
2017-05-09,5678.31005859375,9316.849609375,1214.300048828125,64.63999938964844
2017-05-10,5681.68017578125,9407.2998046875,1217.300048828125,64.55000305175781
2017-05-11,5674.22021484375,9422.400390625,1222.699951171875,64.36000061035156
2017-05-12,5686.81005859375,9400.900390625,1226.199951171875,
2017-05-14,,,,64.16549682617188
2017-05-15,5704.47998046875,9445.400390625,1228.5999755859375,64.03829956054688
2017-05-16,5724.43994140625,9512.25,1235.0,63.900001525878906
2017-05-17,5580.5498046875,9525.75,1257.5,64.2300033569336
2017-05-18,5626.31005859375,9429.4501953125,1251.699951171875,64.87110137939453
2017-05-19,5651.56005859375,9427.900390625,1252.699951171875,
2017-05-21,,,,64.44850158691406
2017-05-22,5699.39990234375,9438.25,1260.699951171875,64.50019836425781
2017-05-23,5703.35009765625,9386.150390625,1254.800048828125,64.88520050048828
2017-05-24,5730.2998046875,9360.5498046875,1252.4000244140625,64.76010131835938
2017-05-25,5778.3701171875,9509.75,1255.800048828125,64.54540252685547
2017-05-26,5788.35986328125,9595.099609375,1267.5999755859375,
2017-05-28,,,,64.51319885253906
2017-05-29,,9604.900390625,,64.50859832763672
2017-05-30,5794.6298828125,9624.5498046875,1262.0999755859375,64.61859893798828
2017-05-31,5788.7998046875,9621.25,1272.0,64.5000991821289
2017-06-01,5816.509765625,9616.099609375,1267.0,64.37229919433594
2017-06-02,5881.4599609375,9653.5,1276.800048828125,
2017-06-04,,,,64.40499877929688
2017-06-05,5878.1201171875,9675.099609375,1279.300048828125,64.34400177001953
2017-06-06,5856.77001953125,9637.150390625,1294.4000244140625,64.42050170898438
2017-06-07,5877.58984375,9663.900390625,1290.0999755859375,64.41829681396484
2017-06-08,5885.2998046875,9647.25,1276.300048828125,64.243896484375
2017-06-09,5741.93994140625,9668.25,1268.5,
2017-06-11,,,,64.37699890136719
2017-06-12,5708.18017578125,9616.400390625,1266.0999755859375,64.46910095214844
2017-06-13,5751.81982421875,9606.900390625,1265.800048828125,64.35749816894531
2017-06-14,5727.06982421875,9618.150390625,1272.800048828125,64.16580200195312
2017-06-15,5700.89013671875,9578.0498046875,1252.199951171875,64.55999755859375
2017-06-16,5681.47998046875,9588.0498046875,1254.0,
2017-06-18,,,,64.3949966430664
2017-06-19,5772.22021484375,9657.5498046875,1244.199951171875,64.48760223388672
2017-06-20,5726.31005859375,9653.5,1241.0,64.53050231933594
2017-06-21,5782.39013671875,9633.599609375,1243.4000244140625,64.5416030883789
2017-06-22,5779.8701171875,9630.0,1247.5999755859375,64.59100341796875
2017-06-23,5803.10986328125,9574.9501953125,1256.199951171875,
2017-06-25,,,,64.49800109863281
2017-06-26,5777.58984375,,1246.300048828125,64.42130279541016
2017-06-27,5671.60009765625,9511.400390625,1246.4000244140625,64.5248031616211
2017-06-28,5753.02978515625,9491.25,1248.0,64.51190185546875
2017-06-29,5653.02001953125,9504.099609375,1244.199951171875,64.78510284423828
2017-06-30,5646.919921875,9520.900390625,1240.699951171875,
2017-07-02,,,,64.60679626464844
2017-07-03,5596.9599609375,9615.0,1217.9000244140625,64.84269714355469
2017-07-04,,9613.2998046875,,64.7688980102539
2017-07-05,5648.81982421875,9637.599609375,1220.4000244140625,64.79139709472656
2017-07-06,5597.89990234375,9674.5498046875,1222.199951171875,64.71330261230469
2017-07-07,5656.47021484375,9665.7998046875,1208.5999755859375,
2017-07-09,,,,64.61170196533203
2017-07-10,5694.14990234375,9771.0498046875,1212.0999755859375,
2017-07-11,5709.7998046875,9786.0498046875,1213.5999755859375,64.52559661865234
2017-07-12,5778.9501953125,9816.099609375,1218.0999755859375,64.36499786376953
2017-07-13,5793.35986328125,9891.7001953125,1216.300048828125,64.42579650878906
2017-07-14,5838.080078125,9886.349609375,1226.5999755859375,
2017-07-16,,,,64.26730346679688
2017-07-17,5839.740234375,9915.9501953125,1232.800048828125,64.33000183105469
2017-07-18,5880.10009765625,9827.150390625,1241.0999755859375,64.3062973022461
2017-07-19,5916.16015625,9899.599609375,1241.199951171875,64.26329803466797
2017-07-20,5921.22021484375,9873.2998046875,1244.800048828125,64.32499694824219
2017-07-21,5921.52978515625,9915.25,1254.300048828125,
2017-07-23,,,,64.46109771728516
2017-07-24,5941.3701171875,9966.400390625,1253.9000244140625,64.36509704589844
2017-07-25,5930.64990234375,9964.5498046875,1251.699951171875,64.4469985961914
2017-07-26,5950.72998046875,10020.650390625,1249.0,64.3447036743164
2017-07-27,5917.02978515625,10020.5498046875,1259.5999755859375,64.18499755859375
2017-07-28,5908.919921875,10014.5,1268.4000244140625,
2017-07-30,,,,64.12349700927734
2017-07-31,5880.330078125,10077.099609375,1266.5999755859375,64.18949890136719
2017-08-01,5895.169921875,10114.650390625,1272.5999755859375,64.05580139160156
2017-08-02,5914.22998046875,10081.5,1271.800048828125,63.64059829711914
2017-08-03,5891.2001953125,10013.650390625,1267.800048828125,63.696998596191406
2017-08-04,5899.91015625,10066.400390625,1258.300048828125,
2017-08-06,,,,63.66510009765625
2017-08-07,5934.72998046875,10057.400390625,1258.199951171875,63.830101013183594
2017-08-08,5926.35009765625,9978.5498046875,1256.4000244140625,63.70289993286133
2017-08-09,5919.39013671875,9908.0498046875,1273.0,63.887699127197266
2017-08-10,5788.18994140625,9820.25,1283.699951171875,64.13860321044922
2017-08-11,5831.52978515625,9710.7998046875,1287.699951171875,
2017-08-13,,,,64.08100128173828
2017-08-14,5908.169921875,9794.150390625,1284.199951171875,64.17430114746094
2017-08-15,5907.72998046875,,1273.699951171875,64.26300048828125
2017-08-16,5917.419921875,9897.2998046875,1276.9000244140625,64.1604995727539
2017-08-17,5796.31982421875,9904.150390625,1286.4000244140625,64.18890380859375
2017-08-18,5790.91015625,9837.400390625,1285.699951171875,
2017-08-20,,,,64.07589721679688
2017-08-21,5786.5400390625,9754.349609375,1290.800048828125,64.15750122070312
2017-08-22,5873.330078125,9765.5498046875,1285.0999755859375,64.05750274658203
2017-08-23,5851.77978515625,9852.5,1288.9000244140625,64.00499725341797
2017-08-24,5834.43994140625,9857.0498046875,1286.5,64.03500366210938
2017-08-25,5822.52978515625,,1292.5,
2017-08-27,,,,63.99549865722656
2017-08-28,5838.080078125,9912.7998046875,1309.699951171875,63.78929901123047
2017-08-29,5862.14013671875,9796.0498046875,1313.0999755859375,63.98680114746094
2017-08-30,5932.89990234375,9884.400390625,1308.0999755859375,63.976200103759766
2017-08-31,5988.60009765625,9917.900390625,1316.199951171875,63.91189956665039
2017-09-01,5987.89990234375,9974.400390625,1324.5,
2017-09-03,,,,64.0155029296875
2017-09-04,,9912.849609375,,64.02629852294922
2017-09-05,5932.72998046875,9952.2001953125,1339.199951171875,64.0999984741211
2017-09-06,5951.1298828125,9916.2001953125,1333.9000244140625,64.0154037475586
2017-09-07,5964.31005859375,9929.900390625,1345.0999755859375,63.95009994506836
2017-09-08,5913.3701171875,9934.7998046875,1346.0,
2017-09-10,,,,63.930999755859375
2017-09-11,5980.52978515625,10006.0498046875,1331.0,63.97999954223633
2017-09-12,5995.64013671875,10093.0498046875,1328.0,63.98759841918945
2017-09-13,6004.3798828125,10079.2998046875,1323.4000244140625,64.11509704589844
2017-09-14,5968.81982421875,10086.599609375,1324.699951171875,64.15499877929688
2017-09-15,5988.0,10085.400390625,1320.4000244140625,
2017-09-17,,,,64.12020111083984
2017-09-18,5981.1201171875,10153.099609375,1306.300048828125,64.2146987915039
2017-09-19,5991.080078125,10147.5498046875,1306.199951171875,64.29869842529297
2017-09-20,5973.60986328125,10141.150390625,1312.0,64.28369903564453
2017-09-21,5934.91015625,10121.900390625,1290.5999755859375,64.80229949951172
2017-09-22,5932.31982421875,9964.400390625,1293.300048828125,
2017-09-24,,,,64.89099884033203
2017-09-25,5867.35009765625,9872.599609375,1306.800048828125,65.26509857177734
2017-09-26,5881.33984375,9871.5,1297.0,65.3499984741211
2017-09-27,5937.7900390625,9735.75,1283.4000244140625,65.5250015258789
2017-09-28,5933.06982421875,9768.9501953125,1285.5,65.36000061035156
2017-09-29,5979.2998046875,9788.599609375,1281.5,
2017-10-01,,,,65.29329681396484
2017-10-02,5981.919921875,,1272.699951171875,65.57170104980469
2017-10-03,5995.06005859375,9859.5,1271.5,65.44309997558594
2017-10-04,5998.83984375,9914.900390625,1273.699951171875,65.01950073242188
2017-10-05,6057.14013671875,9888.7001953125,1269.9000244140625,65.20999908447266
2017-10-06,6064.56982421875,9979.7001953125,1271.5999755859375,
2017-10-08,,,,65.41419982910156
2017-10-09,6058.52978515625,9988.75,1281.800048828125,65.41459655761719
2017-10-10,6063.52001953125,10016.9501953125,1290.5999755859375,65.23889923095703
2017-10-11,6081.25,9984.7998046875,1285.800048828125,65.20539855957031
2017-10-12,6069.990234375,10096.400390625,1293.300048828125,65.0459976196289
2017-10-13,6092.4501953125,10167.4501953125,1301.5,
2017-10-15,,,,64.6729965209961
2017-10-16,6114.52978515625,10230.849609375,1299.9000244140625,64.6946029663086
2017-10-17,6122.60986328125,10234.4501953125,1283.0,64.92870330810547
2017-10-18,6114.35009765625,10210.849609375,1279.9000244140625,65.04010009765625
2017-10-19,6092.6201171875,10146.5498046875,1286.9000244140625,64.90460205078125
2017-10-20,6108.81982421875,,1277.4000244140625,
2017-10-22,,,,65.1041030883789
2017-10-23,6067.830078125,10184.849609375,1277.699951171875,65.03489685058594
2017-10-24,6080.22021484375,10207.7001953125,1275.0,65.07949829101562
2017-10-25,6055.0400390625,10295.349609375,1275.4000244140625,64.83999633789062
2017-10-26,6037.8701171875,10343.7998046875,1266.300048828125,64.5999984741211
2017-10-27,6213.47021484375,10323.0498046875,1268.5,
2017-10-30,6227.58984375,10363.650390625,1274.0999755859375,64.87339782714844
2017-10-31,6248.56005859375,10335.2998046875,1267.0,64.84239959716797
2017-11-01,6248.64990234375,10440.5,1274.0999755859375,64.67009735107422
2017-11-02,6236.39013671875,10423.7998046875,1274.9000244140625,64.55509948730469
2017-11-03,6295.580078125,10452.5,1266.5,64.50050354003906
2017-11-06,6313.60986328125,10451.7998046875,1279.4000244140625,64.69339752197266
2017-11-07,6320.77978515625,10350.150390625,1273.699951171875,64.59089660644531
2017-11-08,6345.81005859375,10303.150390625,1281.5999755859375,65.16449737548828
2017-11-09,6312.2099609375,10308.9501953125,1285.5999755859375,64.9104995727539
2017-11-10,6309.06982421875,10321.75,1272.4000244140625,64.96800231933594
2017-11-13,6316.18017578125,10224.9501953125,1277.300048828125,65.1603012084961
2017-11-14,6293.64013671875,10186.599609375,1281.5,65.43840026855469
2017-11-15,6258.35986328125,10118.0498046875,1276.5,65.41339874267578
2017-11-16,6339.14013671875,10214.75,1277.4000244140625,
2017-11-17,6314.509765625,10283.599609375,1295.800048828125,65.20999908447266
2017-11-20,6308.60986328125,10298.75,1274.5999755859375,64.90499877929688
2017-11-21,6378.6298828125,10326.900390625,1281.0999755859375,65.0250015258789
2017-11-22,6386.1201171875,10342.2998046875,1291.5999755859375,64.76129913330078
2017-11-23,,10348.75,,64.7699966430664
2017-11-24,6409.2900390625,10389.7001953125,1286.699951171875,64.57939910888672
2017-11-27,6405.97021484375,10399.5498046875,1293.800048828125,64.54499816894531
2017-11-28,6422.56005859375,10370.25,1294.699951171875,64.43389892578125
2017-11-29,6311.3798828125,10361.2998046875,1282.0999755859375,64.47000122070312
2017-11-30,6365.56005859375,10226.5498046875,1273.199951171875,64.41480255126953
2017-12-01,6337.8701171875,10121.7998046875,1278.800048828125,64.49939727783203
2017-12-04,6263.7001953125,10127.75,1274.300048828125,64.50900268554688
2017-12-05,6265.10986328125,10118.25,1261.5999755859375,64.35140228271484
2017-12-06,6293.0498046875,10044.099609375,1262.800048828125,64.35690307617188
2017-12-07,6316.27978515625,10166.7001953125,1249.800048828125,64.51519775390625
2017-12-08,6344.56982421875,10265.650390625,1245.199951171875,64.54239654541016
2017-12-11,6393.89013671875,10322.25,1243.699951171875,64.4729995727539
2017-12-12,6383.64990234375,10240.150390625,1238.5,64.3499984741211
2017-12-13,6394.669921875,10192.9501953125,1245.4000244140625,64.55000305175781
2017-12-14,6389.91015625,10252.099609375,1253.800048828125,64.31999969482422
2017-12-15,6466.31982421875,10333.25,1254.300048828125,64.2750015258789
2017-12-18,6513.27001953125,10388.75,1262.199951171875,64.07230377197266
2017-12-19,6480.669921875,10463.2001953125,1260.699951171875,64.20010375976562
2017-12-20,6472.47998046875,10444.2001953125,1266.0999755859375,64.04759979248047
2017-12-21,6472.68994140625,10440.2998046875,1267.300048828125,63.96500015258789
2017-12-22,6465.169921875,10493.0,1275.4000244140625,64.00969696044922
2017-12-25,,,,64.00779724121094
2017-12-26,6433.16015625,10531.5,1284.0999755859375,64.010498046875
2017-12-27,6435.14990234375,10490.75,1287.0,64.0281982421875
2017-12-28,6441.419921875,10477.900390625,1294.0999755859375,64.11499786376953
2017-12-29,6396.419921875,10530.7001953125,1306.300048828125,64.06199645996094
2018-01-01,,,,63.84080123901367
2018-01-02,6511.33984375,10442.2001953125,1313.699951171875,63.86759948730469
2018-01-03,6575.7998046875,10443.2001953125,1316.199951171875,63.459999084472656
2018-01-04,6584.580078125,10504.7998046875,1319.4000244140625,63.41910171508789
2018-01-05,6653.2900390625,10558.849609375,1320.300048828125,63.369598388671875
2018-01-08,6676.6298828125,10623.599609375,1318.5999755859375,63.26499938964844
2018-01-09,6677.93994140625,10637.0,1311.699951171875,63.45199966430664
2018-01-10,6662.66015625,10632.2001953125,1317.4000244140625,63.63610076904297
2018-01-11,6708.490234375,10651.2001953125,1320.5999755859375,63.7599983215332
2018-01-12,6758.5400390625,10681.25,1333.4000244140625,63.67210006713867
2018-01-15,,10741.5498046875,,63.5885009765625
2018-01-16,6737.14013671875,10700.4501953125,1335.4000244140625,63.52119827270508
2018-01-17,6810.27978515625,10788.5498046875,1338.0,63.994300842285156
2018-01-18,6811.3798828125,10817.0,1326.0,63.82500076293945
2018-01-19,6834.330078125,10894.7001953125,1331.9000244140625,63.86759948730469
2018-01-22,6906.27978515625,10966.2001953125,1330.9000244140625,63.83209991455078
2018-01-23,6963.4599609375,11083.7001953125,1335.699951171875,63.88010025024414
2018-01-24,6919.35009765625,11086.0,1355.9000244140625,63.7504997253418
2018-01-25,6916.2998046875,11069.650390625,1362.4000244140625,63.57789993286133
2018-01-26,7022.97021484375,,1351.5999755859375,63.57310104370117
2018-01-29,6988.31982421875,11130.400390625,,63.56999969482422
2018-01-30,6930.72998046875,11049.650390625,1335.4000244140625,63.66939926147461
2018-01-31,6949.990234375,11027.7001953125,1339.0,63.769901275634766
2018-02-01,6901.5,11016.900390625,1344.300048828125,63.665000915527344
2018-02-02,6760.2900390625,10760.599609375,1333.699951171875,63.974998474121094
2018-02-05,6495.919921875,10666.5498046875,1333.0,64.13249969482422
2018-02-06,6665.97998046875,10498.25,1326.0999755859375,64.314697265625
2018-02-07,6582.02001953125,10476.7001953125,1311.5999755859375,63.97999954223633
2018-02-08,6306.10009765625,10576.849609375,1316.9000244140625,64.19999694824219
2018-02-09,6412.68017578125,10454.9501953125,1313.0999755859375,64.44049835205078
2018-02-12,6523.85009765625,10539.75,1324.199951171875,64.2113037109375
2018-02-13,6553.85986328125,,1328.0999755859375,64.28350067138672
2018-02-14,6675.02978515625,10500.900390625,1355.5,64.2500991821289
2018-02-15,6794.919921875,10545.5,1352.0999755859375,64.02519989013672
2018-02-16,6770.66015625,10452.2998046875,1353.199951171875,63.890899658203125
2018-02-19,,10378.400390625,,64.37999725341797
2018-02-20,6779.68994140625,10360.400390625,1328.800048828125,64.50499725341797
2018-02-21,6759.259765625,10397.4501953125,1330.0,64.86499786376953
2018-02-22,6761.85009765625,10382.7001953125,1330.5999755859375,64.8949966430664
2018-02-23,6896.60009765625,10491.0498046875,1328.199951171875,64.95140075683594
2018-02-26,6989.10009765625,10582.599609375,1330.699951171875,64.7030029296875
2018-02-27,6900.35009765625,10554.2998046875,1315.5,64.78040313720703
2018-02-28,6854.419921875,10492.849609375,1315.5,64.91000366210938
2018-03-01,6750.5400390625,10458.349609375,1302.9000244140625,65.23999786376953
2018-03-02,6811.0400390625,,1321.0999755859375,65.1500015258789
2018-03-05,6881.27978515625,10358.849609375,1318.0999755859375,65.18669891357422
2018-03-06,6913.02001953125,10249.25,1333.5999755859375,65.00370025634766
2018-03-07,6929.39013671875,10154.2001953125,1326.0,64.88999938964844
2018-03-08,6966.43017578125,10242.650390625,1319.9000244140625,64.89119720458984
2018-03-09,7101.18017578125,10226.849609375,1322.4000244140625,65.09040069580078
2018-03-12,7131.1201171875,10421.400390625,1319.4000244140625,64.96489715576172
2018-03-13,7046.509765625,10426.849609375,1325.9000244140625,64.94550323486328
2018-03-14,7040.97998046875,10410.900390625,1324.4000244140625,64.8281021118164
2018-03-15,7030.97021484375,10360.150390625,1316.800048828125,64.83679962158203
2018-03-16,7019.9501953125,10195.150390625,1311.300048828125,65.01439666748047
2018-03-19,6864.8798828125,10094.25,1316.800048828125,65.06500244140625
2018-03-20,6885.919921875,10124.349609375,1311.0999755859375,65.21009826660156
2018-03-21,6853.4501953125,10155.25,1320.699951171875,65.2323989868164
2018-03-22,6682.259765625,10114.75,1326.5999755859375,65.06559753417969
2018-03-23,6508.08984375,9998.0498046875,1349.300048828125,65.16000366210938
2018-03-25,,,,65.01499938964844
2018-03-26,6753.830078125,10130.650390625,1354.4000244140625,64.69499969482422
2018-03-27,6529.83984375,10184.150390625,1341.300048828125,64.89550018310547
2018-03-28,6460.81005859375,10113.7001953125,1324.199951171875,65.14920043945312
2018-03-29,6581.1298828125,,1322.800048828125,65.02999877929688
2018-04-01,,,,65.10549926757812
2018-04-02,6390.83984375,10211.7998046875,1342.0999755859375,65.13999938964844
2018-04-03,6458.830078125,10245.0,1332.800048828125,64.90499877929688
2018-04-04,6560.06005859375,10128.400390625,1335.800048828125,64.99500274658203
2018-04-05,6594.83984375,10325.150390625,1324.300048828125,64.86150360107422
2018-04-06,6433.2099609375,10331.599609375,1331.9000244140625,
2018-04-08,,,,64.90450286865234
2018-04-09,6472.33984375,10379.349609375,1336.300048828125,64.87000274658203
2018-04-10,6615.8701171875,10402.25,1342.0,64.92530059814453
2018-04-11,6583.43994140625,10417.150390625,1356.5,65.19000244140625
2018-04-12,6656.259765625,10458.650390625,1338.4000244140625,65.27570343017578
2018-04-13,6628.33984375,10480.599609375,1344.800048828125,
2018-04-15,,,,65.19560241699219
2018-04-16,6675.18017578125,10528.349609375,1347.5,65.4292984008789
2018-04-17,6816.3701171875,10548.7001953125,1347.199951171875,65.67500305175781
2018-04-18,6833.2099609375,10526.2001953125,1351.199951171875,66.01000213623047
2018-04-19,6774.89013671875,10565.2998046875,1346.800048828125,66.11479949951172
2018-04-20,6667.75,10564.0498046875,1336.699951171875,
2018-04-22,,,,66.1968994140625
2018-04-23,6648.7998046875,10584.7001953125,1322.5,66.54499816894531
2018-04-24,6509.0498046875,10614.349609375,1331.4000244140625,66.41410064697266
2018-04-25,6513.93994140625,10570.5498046875,1321.199951171875,66.90769958496094
2018-04-26,6649.64990234375,10617.7998046875,1316.300048828125,66.9000015258789
2018-04-27,6656.35009765625,10692.2998046875,1320.300048828125,
2018-04-29,,,,66.61000061035156
2018-04-30,6605.56982421875,10739.349609375,1316.199951171875,66.44999694824219
2018-05-01,6681.9599609375,,1303.800048828125,66.7886962890625
2018-05-02,6644.47998046875,10718.0498046875,1302.5999755859375,67.08000183105469
2018-05-03,6643.47998046875,10679.650390625,1310.699951171875,66.66000366210938
2018-05-04,6769.1201171875,10618.25,1312.699951171875,
2018-05-06,,,,66.81050109863281
2018-05-07,6821.8701171875,10715.5,1312.199951171875,67.1187973022461
2018-05-08,6815.47998046875,10717.7998046875,1312.0,67.1624984741211
2018-05-09,6893.2099609375,10741.7001953125,1311.300048828125,67.62000274658203
2018-05-10,6963.5498046875,10716.5498046875,1320.800048828125,67.38999938964844
2018-05-11,6952.56005859375,10806.5,1319.0,
2018-05-13,,,,67.3822021484375
2018-05-14,6964.3701171875,10806.599609375,1316.5,67.6780014038086
2018-05-15,6888.5400390625,10801.849609375,1288.9000244140625,68.45999908447266
2018-05-16,6929.97021484375,10741.099609375,1290.199951171875,68.05999755859375
2018-05-17,6901.6298828125,10682.7001953125,1288.199951171875,68.13999938964844
2018-05-18,6866.25,10596.400390625,1290.199951171875,
2018-05-20,,,,67.9749984741211
2018-05-21,6905.52978515625,10516.7001953125,1290.199951171875,68.4000015258789
2018-05-22,6893.6201171875,10536.7001953125,1291.699951171875,68.43000030517578
2018-05-23,6953.6298828125,10430.349609375,1289.300048828125,68.6500015258789
2018-05-24,6949.7001953125,10513.849609375,1303.699951171875,68.26010131835938
2018-05-25,6960.919921875,10605.150390625,1303.300048828125,
2018-05-27,,,,67.7217025756836
2018-05-28,,10688.650390625,,67.40280151367188
2018-05-29,6926.5400390625,10633.2998046875,1298.699951171875,68.12999725341797
2018-05-30,6976.3701171875,10614.349609375,1301.5,67.43000030517578
2018-05-31,6967.72998046875,10736.150390625,1300.0999755859375,67.43499755859375
2018-06-01,7083.93017578125,10696.2001953125,1294.800048828125,
2018-06-03,,,,66.92500305175781
2018-06-04,7143.56982421875,10628.5,1293.0999755859375,67.05999755859375
2018-06-05,7166.75,10593.150390625,1297.5,67.08999633789062
2018-06-06,7210.080078125,10684.650390625,1297.0999755859375,66.8301010131836
2018-06-07,7152.830078125,10768.349609375,1298.699951171875,67.41000366210938
2018-06-08,7152.6201171875,10767.650390625,1298.0999755859375,
2018-06-10,,,,67.51000213623047
2018-06-11,7168.47998046875,10786.9501953125,1298.9000244140625,67.48999786376953
2018-06-12,7209.18017578125,10842.849609375,1295.0999755859375,67.91000366210938
2018-06-13,7205.259765625,10856.7001953125,1296.9000244140625,67.77999877929688
2018-06-14,7279.58984375,10808.0498046875,1304.0,68.12999725341797
2018-06-15,7255.759765625,10817.7001953125,1274.5999755859375,
2018-06-17,,,,68.05000305175781
2018-06-18,7251.41015625,10799.849609375,1276.199951171875,68.01000213623047
2018-06-19,7228.0400390625,10710.4501953125,1275.5999755859375,68.05000305175781
2018-06-20,7280.7001953125,10772.0498046875,1271.199951171875,68.3499984741211
2018-06-21,7217.490234375,10741.099609375,1267.199951171875,67.83000183105469
2018-06-22,7197.509765625,10821.849609375,1267.4000244140625,
2018-06-24,,,,67.85489654541016
2018-06-25,7038.169921875,10762.4501953125,1265.5999755859375,68.33999633789062
2018-06-26,7068.2001953125,10769.150390625,1256.5999755859375,68.36499786376953
2018-06-27,6969.669921875,10671.400390625,1252.800048828125,69.23999786376953
2018-06-28,7031.60009765625,10589.099609375,1247.800048828125,68.79669952392578
2018-06-29,7040.7998046875,10714.2998046875,1251.300048828125,
2018-07-01,,,,68.43499755859375
2018-07-02,7097.81982421875,10657.2998046875,1239.800048828125,68.6948013305664
2018-07-03,7014.5498046875,10699.900390625,1251.5999755859375,68.83000183105469
2018-07-04,,10769.900390625,,68.9800033569336
2018-07-05,7101.0498046875,10749.75,1257.300048828125,69.06999969482422
2018-07-06,7207.330078125,10772.650390625,1254.300048828125,
2018-07-08,,,,68.75499725341797
2018-07-09,7276.0,10852.900390625,1258.0999755859375,68.65979766845703
2018-07-10,7282.60009765625,10947.25,1253.800048828125,68.9000015258789
2018-07-11,7243.97998046875,10948.2998046875,1242.800048828125,68.72000122070312
2018-07-12,7366.25,11023.2001953125,1245.0,68.54000091552734
2018-07-13,7375.81982421875,11018.900390625,1239.5999755859375,
2018-07-15,,,,68.48670196533203
2018-07-16,7357.89990234375,10936.849609375,1238.0999755859375,68.72000122070312
2018-07-17,7403.89013671875,11008.0498046875,1225.699951171875,68.35600280761719
2018-07-18,7390.1298828125,10980.4501953125,1226.300048828125,68.6155014038086
2018-07-19,7352.35986328125,10957.099609375,1222.4000244140625,68.93509674072266
2018-07-20,7350.22998046875,11010.2001953125,1229.5,
2018-07-22,,,,68.7332992553711
2018-07-23,7371.77978515625,11084.75,1224.0,69.19999694824219
2018-07-24,7406.25,11134.2998046875,1223.9000244140625,68.80999755859375
2018-07-25,7508.58984375,11132.0,1231.4000244140625,68.83999633789062
2018-07-26,7400.75,11167.2998046875,1225.300048828125,68.73999786376953
2018-07-27,7296.77978515625,11278.349609375,1222.5999755859375,
2018-07-29,,,,68.61499786376953
2018-07-30,7193.10009765625,11319.5498046875,1221.300048828125,68.68499755859375
2018-07-31,7231.97998046875,11356.5,1223.699951171875,68.4968032836914
2018-08-01,7272.89013671875,11346.2001953125,1217.9000244140625,68.30709838867188
2018-08-02,7372.14990234375,11244.7001953125,1210.5999755859375,68.6155014038086
2018-08-03,7395.490234375,11360.7998046875,1214.199951171875,
2018-08-05,,,,68.50499725341797
2018-08-06,7438.990234375,11387.099609375,1208.5999755859375,68.80999755859375
2018-08-07,7462.64990234375,11389.4501953125,1209.5999755859375,68.59600067138672
2018-08-08,7469.5498046875,11450.0,1212.5999755859375,68.45500183105469
2018-08-09,7466.9599609375,11470.7001953125,1211.9000244140625,69.0999984741211
2018-08-10,7408.2998046875,11429.5,1211.0999755859375,
2018-08-12,,,,69.08499908447266
2018-08-13,7401.169921875,11355.75,1191.300048828125,69.9490966796875
2018-08-14,7447.169921875,11435.099609375,1193.0,69.94999694824219
2018-08-15,7354.66015625,,1177.5,70.66000366210938
2018-08-16,7374.2900390625,11385.0498046875,1176.199951171875,70.00499725341797
2018-08-17,7377.5400390625,11470.75,1176.5,
2018-08-19,,,,69.78500366210938
2018-08-20,7371.419921875,11551.75,1186.800048828125,69.73999786376953
2018-08-21,7397.22998046875,11570.900390625,1192.5999755859375,69.80999755859375
2018-08-22,7424.60009765625,,1196.300048828125,69.79000091552734
2018-08-23,7413.83984375,11582.75,1187.0,70.2750015258789
2018-08-24,7485.39990234375,11557.099609375,1206.300048828125,
2018-08-26,,,,69.76499938964844
2018-08-27,7559.1298828125,11691.9501953125,1209.0,69.94499969482422
2018-08-28,7570.25,11738.5,1207.4000244140625,70.54000091552734
2018-08-29,7660.18017578125,11691.900390625,1204.5,70.91000366210938
2018-08-30,7642.669921875,11676.7998046875,1197.699951171875,71.40499877929688
2018-08-31,7654.5498046875,11680.5,1200.300048828125,
2018-09-02,,,,70.99500274658203
2018-09-03,,11582.349609375,,71.06999969482422
2018-09-04,7622.31982421875,11520.2998046875,1192.699951171875,71.75
2018-09-05,7523.259765625,11476.9501953125,1194.9000244140625,71.88999938964844
2018-09-06,7453.169921875,11536.900390625,1197.9000244140625,71.93890380859375
2018-09-07,7430.259765625,11589.099609375,1193.5999755859375,
2018-09-09,,,,72.09500122070312
2018-09-10,7447.68017578125,11438.099609375,1193.0,72.44499969482422
2018-09-11,7507.8701171875,11287.5,1195.4000244140625,72.98999786376953
2018-09-12,7488.06005859375,11369.900390625,1204.699951171875,71.92520141601562
2018-09-13,7561.68994140625,,1202.0,72.02749633789062
2018-09-14,7545.5,11515.2001953125,1195.0,
2018-09-16,,,,72.09500122070312
2018-09-17,7434.72998046875,11377.75,1199.699951171875,72.53479766845703
2018-09-18,7494.39990234375,11278.900390625,1196.800048828125,73.12000274658203
2018-09-19,7490.31982421875,11234.349609375,1202.199951171875,72.34500122070312
2018-09-20,7569.02978515625,,1206.199951171875,71.72000122070312
2018-09-21,7531.06982421875,11143.099609375,1196.199951171875,
2018-09-23,,,,72.2300033569336
2018-09-24,7548.75,10967.400390625,1199.300048828125,73.30000305175781
2018-09-25,7563.18994140625,11067.4501953125,1200.0,73.08999633789062
2018-09-26,7563.08984375,11053.7998046875,1194.0,72.7699966430664
2018-09-27,7629.56982421875,10977.5498046875,1182.300048828125,72.94999694824219
2018-09-28,7627.64990234375,10930.4501953125,1191.5,
2018-09-30,,,,72.50499725341797
2018-10-01,7645.4501953125,11008.2998046875,1187.0999755859375,73.75499725341797
2018-10-02,7628.27978515625,,1202.4000244140625,73.27999877929688
2018-10-03,7637.43017578125,10858.25,1198.300048828125,73.8499984741211
2018-10-04,7490.0,10599.25,1197.199951171875,74.22000122070312
2018-10-05,7399.009765625,10316.4501953125,1201.199951171875,
2018-10-07,,,,73.76300048828125
2018-10-08,7352.81982421875,10348.0498046875,1184.4000244140625,73.88999938964844
2018-10-09,7371.6201171875,10301.0498046875,1187.199951171875,74.55000305175781
2018-10-10,7044.5,10460.099609375,1189.300048828125,74.5999984741211
2018-10-11,6964.02978515625,10234.650390625,1223.5,74.16000366210938
2018-10-12,7157.2099609375,10472.5,1218.0999755859375,
2018-10-14,,,,73.6760025024414
2018-10-15,7068.669921875,10512.5,1226.4000244140625,74.08000183105469
2018-10-16,7276.43017578125,10584.75,1227.300048828125,73.45549774169922
2018-10-17,7278.6298828125,10453.0498046875,1223.699951171875,73.91999816894531
2018-10-18,7116.08984375,,1226.5,74.16000366210938
2018-10-19,7107.22998046875,10303.5498046875,1225.300048828125,
2018-10-21,,,,73.46499633789062
2018-10-22,7141.2099609375,10245.25,1221.199951171875,73.8594970703125
2018-10-23,7118.669921875,10146.7998046875,1233.4000244140625,73.22129821777344
2018-10-24,6789.14990234375,10224.75,1227.800048828125,73.22049713134766
2018-10-25,7016.39013671875,10124.900390625,1229.0999755859375,73.22019958496094
2018-10-26,6852.39990234375,10030.0,1232.5,
2018-10-29,6713.89990234375,10250.849609375,1224.5,73.125
2018-10-30,6810.1201171875,10198.400390625,1222.5999755859375,73.5905990600586
2018-10-31,6967.10009765625,10386.599609375,1212.300048828125,73.6500015258789
2018-11-01,7069.169921875,10380.4501953125,1236.0,74.06999969482422
2018-11-02,6965.2900390625,10553.0,1230.9000244140625,73.30999755859375
2018-11-05,6937.08984375,10524.0,1229.800048828125,72.90499877929688
2018-11-06,6988.85009765625,10530.0,1223.800048828125,72.86000061035156
2018-11-07,7203.1298828125,10598.400390625,1226.199951171875,73.2300033569336
2018-11-08,7158.58984375,,1222.9000244140625,72.37999725341797
2018-11-09,7039.14990234375,10585.2001953125,1206.4000244140625,72.9000015258789
2018-11-12,6829.10009765625,10482.2001953125,1201.300048828125,72.47000122070312
2018-11-13,6830.91015625,10582.5,1199.199951171875,73.18000030517578
2018-11-14,6769.8701171875,10576.2998046875,1207.9000244140625,72.55000305175781
2018-11-15,6890.4501953125,10616.7001953125,1212.800048828125,72.4000015258789
2018-11-16,6867.02001953125,10682.2001953125,1220.800048828125,71.8917007446289
2018-11-19,6642.919921875,10763.400390625,1223.0999755859375,71.7750015258789
2018-11-20,6526.9599609375,10656.2001953125,1219.0,71.69000244140625
2018-11-21,6575.66015625,10600.0498046875,1225.800048828125,71.41500091552734
2018-11-22,,10526.75,,71.29499816894531
2018-11-23,6527.35009765625,,1221.0,70.83499908447266
2018-11-26,6678.33984375,10628.599609375,1220.199951171875,70.66999816894531
2018-11-27,6701.0400390625,10685.599609375,1211.199951171875,70.80999755859375
2018-11-28,6913.330078125,10728.849609375,1221.4000244140625,70.87999725341797
2018-11-29,6892.39990234375,10858.7001953125,1224.0999755859375,70.5999984741211
2018-11-30,6949.009765625,10876.75,1220.199951171875,69.91999816894531
2018-12-03,7062.1298828125,10883.75,1233.9000244140625,69.76000213623047
2018-12-04,6795.2099609375,10869.5,1241.0999755859375,70.48500061035156
2018-12-05,,10782.900390625,,70.62999725341797
2018-12-06,6838.85009765625,10601.150390625,1238.0999755859375,70.87000274658203
2018-12-07,6613.27978515625,10693.7001953125,1246.800048828125,70.75
2018-12-10,6682.740234375,10488.4501953125,1243.699951171875,71.36499786376953
2018-12-11,6704.240234375,10549.150390625,1241.9000244140625,72.7300033569336
2018-12-12,6763.9599609375,10737.599609375,1244.4000244140625,72.62000274658203
2018-12-13,6767.97021484375,10791.5498046875,1242.699951171875,72.1500015258789
2018-12-14,6594.9599609375,10805.4501953125,1237.0,71.5469970703125
2018-12-17,6448.39013671875,10888.349609375,1247.4000244140625,71.91000366210938
2018-12-18,6491.52001953125,10908.7001953125,1249.199951171875,71.58999633789062
2018-12-19,6342.97021484375,10967.2998046875,1252.0999755859375,70.56999969482422
2018-12-20,6243.18994140625,10951.7001953125,1263.5999755859375,70.68550109863281
2018-12-21,6046.56005859375,10754.0,1253.800048828125,70.30000305175781
2018-12-24,5899.35009765625,10663.5,1267.5,70.13999938964844
2018-12-25,,,,70.23999786376953
2018-12-26,6262.77001953125,10729.849609375,1269.199951171875,70.23999786376953
2018-12-27,6288.2998046875,10779.7998046875,1277.300048828125,70.1500015258789
2018-12-28,6285.27001953125,10859.900390625,1279.9000244140625,69.98999786376953
2018-12-31,6329.97021484375,10862.5498046875,1278.300048828125,69.92250061035156
2019-01-01,,,,69.70999908447266
2019-01-02,6360.8701171875,10792.5,1281.0,69.70999908447266
2019-01-03,6147.1298828125,10672.25,1291.800048828125,69.95999908447266
2019-01-04,6422.669921875,10727.349609375,1282.699951171875,70.30000305175781
2019-01-07,6488.25,10771.7998046875,1286.800048828125,69.5250015258789
2019-01-08,6551.85009765625,10802.150390625,1283.199951171875,69.80999755859375
2019-01-09,6600.68994140625,10855.150390625,1289.300048828125,70.33000183105469
2019-01-10,6620.93994140625,10821.599609375,1284.699951171875,70.55049896240234
2019-01-11,6601.39990234375,10794.9501953125,1287.0999755859375,70.72000122070312
2019-01-14,6541.0400390625,10737.599609375,1289.0999755859375,70.37000274658203
2019-01-15,6669.64013671875,10886.7998046875,1286.199951171875,71.08499908447266
2019-01-16,6668.56005859375,10890.2998046875,1291.5999755859375,71.09249877929688
2019-01-17,6718.4501953125,10905.2001953125,1291.0,71.36499786376953
2019-01-18,6784.60986328125,10906.9501953125,1281.300048828125,71.03019714355469
2019-01-21,,10961.849609375,,71.2300033569336
2019-01-22,6646.81005859375,10922.75,1282.5,71.5
2019-01-23,6658.759765625,10831.5,1283.0999755859375,71.2302017211914
2019-01-24,6702.5498046875,10849.7998046875,1279.0999755859375,71.15730285644531
2019-01-25,6787.3701171875,10780.5498046875,1297.4000244140625,70.98999786376953
2019-01-28,6697.08984375,10661.5498046875,1302.4000244140625,70.9749984741211
2019-01-29,6632.7900390625,10652.2001953125,1308.199951171875,71.09010314941406
2019-01-30,6807.91015625,10651.7998046875,1309.9000244140625,71.62000274658203
2019-01-31,6906.83984375,10830.9501953125,1319.699951171875,71.12000274658203
2019-02-01,6875.52001953125,10893.650390625,1316.9000244140625,71.19999694824219
2019-02-04,6959.9599609375,10912.25,1314.300048828125,71.45169830322266
2019-02-05,7023.52001953125,10934.349609375,1314.199951171875,71.68499755859375
2019-02-06,6997.6201171875,11062.4501953125,1309.5,71.7699966430664
2019-02-07,6904.97998046875,11069.400390625,1309.4000244140625,71.54049682617188
2019-02-08,6913.1298828125,10943.599609375,1313.699951171875,71.58000183105469
2019-02-11,6909.18017578125,10888.7998046875,1307.0,71.1500015258789
2019-02-12,7014.669921875,10831.400390625,1309.199951171875,71.2300033569336
2019-02-13,7015.8798828125,,1310.800048828125,70.80999755859375
2019-02-14,7022.419921875,10746.0498046875,1309.800048828125,70.86509704589844
2019-02-15,7055.18017578125,10724.400390625,1318.0999755859375,71.01000213623047
2019-02-18,,10640.9501953125,,71.31999969482422
2019-02-19,7066.60986328125,10604.349609375,1340.0999755859375,71.69999694824219
2019-02-20,7062.33984375,10735.4501953125,1343.300048828125,71.5999984741211
2019-02-21,7035.16015625,10789.849609375,1323.5,71.30000305175781
2019-02-22,7090.6298828125,10791.650390625,1329.199951171875,71.18499755859375
2019-02-25,7115.43017578125,10880.099609375,1325.9000244140625,71.03099822998047
2019-02-26,7123.22021484375,10835.2998046875,1325.0999755859375,71.08999633789062
2019-02-27,7117.0,10806.650390625,1317.699951171875,70.94000244140625
2019-02-28,7097.52978515625,10792.5,1312.800048828125,71.19000244140625
2019-03-01,7151.56982421875,10863.5,1296.4000244140625,70.81600189208984
2019-03-04,7150.830078125,,1284.800048828125,70.98999786376953
2019-03-05,7156.7900390625,10987.4501953125,1282.0,70.9000015258789
2019-03-06,7112.47021484375,11053.0,1284.9000244140625,70.74250030517578
2019-03-07,7026.8798828125,11058.2001953125,1283.800048828125,70.36499786376953
2019-03-08,7015.68994140625,11035.400390625,1297.0,70.48750305175781
2019-03-11,7164.02001953125,11168.0498046875,1288.800048828125,69.98690032958984
2019-03-12,7201.27978515625,11301.2001953125,1296.300048828125,69.79010009765625
2019-03-13,7256.97998046875,11341.7001953125,1307.5,69.84500122070312
2019-03-14,7243.009765625,11343.25,1293.4000244140625,69.72630310058594
2019-03-15,7306.990234375,11426.849609375,1301.800048828125,69.3373031616211
2019-03-18,7326.27978515625,11462.2001953125,1300.300048828125,68.9530029296875
2019-03-19,7349.27978515625,11532.400390625,1305.0,68.61799621582031
2019-03-20,7380.75,11521.0498046875,1300.5,69.31749725341797
2019-03-21,7493.27001953125,,1306.0999755859375,68.82499694824219
2019-03-22,7326.06005859375,11456.900390625,1311.5999755859375,68.93000030517578
2019-03-25,7316.9599609375,11354.25,1321.9000244140625,69.1604995727539
2019-03-26,7351.14990234375,11483.25,1314.300048828125,68.92340087890625
2019-03-27,7308.18994140625,11445.0498046875,1309.9000244140625,69.42749786376953
2019-03-28,7320.47021484375,11570.0,1289.800048828125,69.37000274658203
2019-03-29,7378.77001953125,,1293.0,69.5
2019-03-31,,,,69.43000030517578
2019-04-01,7478.419921875,11669.150390625,1288.4000244140625,69.19529724121094
2019-04-02,7499.64013671875,11713.2001953125,1290.0,68.91020202636719
2019-04-03,7544.97021484375,11643.9501953125,1289.9000244140625,68.8499984741211
2019-04-04,7540.56982421875,11598.0,1289.0,68.97039794921875
2019-04-05,7578.83984375,11665.9501953125,1290.4000244140625,
2019-04-07,,,,69.16000366210938
2019-04-08,7599.740234375,11604.5,1297.0999755859375,69.55249786376953
2019-04-09,7568.490234375,11671.9501953125,1303.5,69.26180267333984
2019-04-10,7611.490234375,11584.2998046875,1309.0999755859375,69.14019775390625
2019-04-11,7594.89013671875,11596.7001953125,1288.5999755859375,69.43000030517578
2019-04-12,7628.14990234375,11643.4501953125,1290.5999755859375,
2019-04-14,,,,69.16100311279297
2019-04-15,7629.1201171875,11690.349609375,1286.800048828125,69.80999755859375
2019-04-16,7654.72998046875,11787.150390625,1272.5999755859375,69.88500213623047
2019-04-17,7680.72021484375,,1272.199951171875,69.4010009765625
2019-04-18,7689.72021484375,11752.7998046875,1271.9000244140625,69.38099670410156
2019-04-21,,,,69.36000061035156
2019-04-22,7713.490234375,11594.4501953125,1273.5,70.0625
2019-04-23,7810.7099609375,11575.9501953125,1269.300048828125,69.75800323486328
2019-04-24,7784.41015625,11726.150390625,1275.5,70.0958023071289
2019-04-25,7816.919921875,11641.7998046875,1275.800048828125,70.16000366210938
2019-04-26,7826.68017578125,11754.650390625,1284.9000244140625,
2019-04-28,,,,69.84200286865234
2019-04-29,7839.0400390625,,1278.5999755859375,69.81179809570312
2019-04-30,7781.4599609375,11748.150390625,1282.800048828125,69.55599975585938
2019-05-01,7751.85009765625,,1281.4000244140625,69.63289642333984
2019-05-02,7724.06005859375,11724.75,1269.699951171875,69.42440032958984
2019-05-03,7845.72998046875,11712.25,1279.199951171875,
2019-05-05,,,,69.16799926757812
2019-05-06,7794.08984375,11598.25,1281.699951171875,69.40029907226562
2019-05-07,7640.14990234375,11497.900390625,1283.5,69.91000366210938
2019-05-08,7617.5498046875,11359.4501953125,1279.4000244140625,70.01000213623047
2019-05-09,7582.75,11301.7998046875,1283.5,70.41000366210938
2019-05-10,7586.52978515625,11278.900390625,1285.699951171875,
2019-05-12,,,,69.92250061035156
2019-05-13,7324.1298828125,11148.2001953125,1300.0999755859375,70.61699676513672
2019-05-14,7401.8798828125,11222.0498046875,1294.699951171875,70.30699920654297
2019-05-15,7503.25,11157.0,1296.300048828125,70.20919799804688
2019-05-16,7580.14013671875,11257.099609375,1285.0,70.23500061035156
2019-05-17,7503.68017578125,11407.150390625,1274.5,
2019-05-19,,,,70.28150177001953
2019-05-20,7376.7001953125,11828.25,1276.0999755859375,70.12750244140625
2019-05-21,7451.02001953125,11709.099609375,1272.0,
2019-05-22,7420.66015625,11737.900390625,1273.5999755859375,69.97250366210938
2019-05-23,7307.93017578125,11657.0498046875,1284.800048828125,69.94499969482422
2019-05-24,7300.9599609375,11844.099609375,1283.0,
2019-05-26,,,,69.36000061035156
2019-05-27,,11924.75,,69.72000122070312
2019-05-28,7278.3798828125,11928.75,1276.5,69.875
2019-05-29,7216.85986328125,11861.099609375,1280.5999755859375,69.81500244140625
2019-05-30,7245.39990234375,11945.900390625,1287.0999755859375,69.9800033569336
2019-05-31,7127.9599609375,11922.7998046875,1305.800048828125,
2019-06-02,,,,69.5696029663086
2019-06-03,6978.02001953125,12088.5498046875,1322.699951171875,69.16190338134766
2019-06-04,7166.75,12021.650390625,1323.4000244140625,69.55999755859375
2019-06-05,7220.89990234375,,1328.300048828125,69.625
2019-06-06,7275.93017578125,11843.75,1337.5999755859375,69.36000061035156
2019-06-07,7417.2900390625,11870.650390625,1341.199951171875,
2019-06-09,,,,69.34500122070312
2019-06-10,7501.93017578125,11922.7001953125,1324.699951171875,69.52349853515625
2019-06-11,7513.85009765625,11965.599609375,1326.4000244140625,69.3864974975586
2019-06-12,7472.2900390625,11906.2001953125,1331.9000244140625,69.69999694824219
2019-06-13,7510.68017578125,11914.0498046875,1339.199951171875,69.80000305175781
2019-06-14,7479.10986328125,11823.2998046875,1340.0999755859375,
2019-06-16,,,,69.77050018310547
2019-06-17,7526.52001953125,11672.150390625,1338.699951171875,70.11250305175781
2019-06-18,7635.39990234375,11691.5,1346.5999755859375,69.76499938964844
2019-06-19,7667.740234375,11691.4501953125,1344.5999755859375,69.87000274658203
2019-06-20,7738.0498046875,11831.75,1392.9000244140625,69.77999877929688
2019-06-21,7728.77978515625,11724.099609375,1396.199951171875,
2019-06-23,,,,69.56990051269531
2019-06-24,7723.02001953125,11699.650390625,1414.300048828125,69.60250091552734
2019-06-25,7591.5400390625,11796.4501953125,1414.9000244140625,69.63749694824219
2019-06-26,7627.0498046875,11847.5498046875,1411.5999755859375,69.60250091552734
2019-06-27,7657.0498046875,11841.5498046875,1408.4000244140625,69.32499694824219
2019-06-28,7671.080078125,11788.849609375,1409.699951171875,
2019-06-30,,,,68.94049835205078
2019-07-01,7768.14013671875,11865.599609375,1385.5999755859375,69.1675033569336
2019-07-02,7799.81982421875,11910.2998046875,1404.5999755859375,69.0824966430664
2019-07-03,7857.68994140625,11916.75,1417.699951171875,69.00749969482422
2019-07-04,,11946.75,,68.73999786376953
2019-07-05,7841.2998046875,11811.150390625,1396.699951171875,
2019-07-07,,,,68.44000244140625
2019-07-08,7785.7900390625,11558.599609375,1397.0,68.8499984741211
2019-07-09,7826.85986328125,11555.900390625,1397.5,68.76499938964844
2019-07-10,7903.39990234375,11498.900390625,1410.0999755859375,68.36759948730469
2019-07-11,7896.77978515625,11582.900390625,1404.300048828125,68.66999816894531
2019-07-12,7943.240234375,11552.5,1409.9000244140625,
2019-07-14,,,,68.55030059814453
2019-07-15,7966.93017578125,11588.349609375,1411.4000244140625,68.74749755859375
2019-07-16,7927.080078125,11662.599609375,1409.199951171875,68.8949966430664
2019-07-17,7888.759765625,11687.5,1421.300048828125,68.78600311279297
2019-07-18,7904.1298828125,11596.900390625,1426.0999755859375,68.8499984741211
2019-07-19,7834.89990234375,11419.25,1425.0999755859375,
2019-07-21,,,,68.83000183105469
2019-07-22,7905.1201171875,11346.2001953125,1425.300048828125,69.16000366210938
2019-07-23,7954.56005859375,11331.0498046875,1420.0999755859375,69.0199966430664
2019-07-24,8010.60986328125,11271.2998046875,1422.800048828125,69.18499755859375
2019-07-25,7929.8701171875,11252.150390625,1413.9000244140625,69.15049743652344
2019-07-26,8016.9501953125,11284.2998046875,1418.5,
2019-07-28,,,,68.87000274658203
2019-07-29,7989.080078125,11189.2001953125,1419.5999755859375,68.94999694824219
2019-07-30,7952.47021484375,11085.400390625,1429.699951171875,69.07749938964844
2019-07-31,7848.77978515625,11118.0,1426.0999755859375,69.40499877929688
2019-08-01,7801.14990234375,10980.0,1420.9000244140625,69.29720306396484
2019-08-02,7692.7998046875,10997.349609375,1445.5999755859375,
2019-08-04,,,,69.65689849853516
2019-08-05,7415.68994140625,10862.599609375,1464.5999755859375,71.5199966430664
2019-08-06,7521.31982421875,10948.25,1472.4000244140625,71.2300033569336
2019-08-07,7551.89990234375,10855.5,1507.300048828125,71.16510009765625
2019-08-08,7724.830078125,11032.4501953125,1497.699951171875,70.47090148925781
2019-08-09,7646.27001953125,11109.650390625,1496.5999755859375,
2019-08-11,,,,71.03500366210938
2019-08-12,7561.68017578125,,1505.300048828125,71.58000183105469
2019-08-13,7728.14990234375,10925.849609375,1502.199951171875,71.08000183105469
2019-08-14,7490.1298828125,11029.400390625,1515.9000244140625,71.63520050048828
2019-08-15,7484.89013671875,,1519.5999755859375,71.72000122070312
2019-08-16,7604.10986328125,11047.7998046875,1512.5,
2019-08-18,,,,71.13200378417969
2019-08-19,7719.31982421875,11053.900390625,1500.4000244140625,71.99500274658203
2019-08-20,7664.47021484375,11017.0,1504.5999755859375,71.80999755859375
2019-08-21,7733.22021484375,10918.7001953125,1504.5999755859375,71.43779754638672
2019-08-22,7707.43017578125,10741.349609375,1497.300048828125,71.92040252685547
2019-08-23,7464.990234375,10829.349609375,1526.5999755859375,
2019-08-25,,,,71.50250244140625
2019-08-26,7575.02001953125,11057.849609375,1526.300048828125,72.16000366210938
2019-08-27,7566.02978515625,11105.349609375,1541.0,71.53500366210938
2019-08-28,7587.89990234375,11046.099609375,1537.800048828125,72.08499908447266
2019-08-29,7702.31005859375,10948.2998046875,1526.5,71.6801986694336
2019-08-30,7691.0,11023.25,1519.0999755859375,
2019-09-01,,,,71.72989654541016
2019-09-02,,,,71.96209716796875
2019-09-03,7609.509765625,10797.900390625,1545.9000244140625,72.45999908447266
2019-09-04,7719.25,10844.650390625,1550.300048828125,71.95570373535156
2019-09-05,7862.5400390625,10847.900390625,1515.4000244140625,72.22000122070312
2019-09-06,7852.5400390625,10946.2001953125,1506.199951171875,
2019-09-08,,,,71.66999816894531
2019-09-09,7832.39990234375,11003.0498046875,1502.199951171875,72.09249877929688
2019-09-10,7814.740234375,,1490.300048828125,71.85900115966797
2019-09-11,7887.580078125,11035.7001953125,1494.4000244140625,71.56009674072266
2019-09-12,7917.33984375,10982.7998046875,1498.699951171875,71.28500366210938
2019-09-13,7892.9501953125,11075.900390625,1490.9000244140625,
2019-09-15,,,,71.02069854736328
2019-09-16,7852.41015625,11003.5,1503.0999755859375,71.74909973144531
2019-09-17,7888.7900390625,10817.599609375,1505.0999755859375,71.70999908447266
2019-09-18,7888.56005859375,10840.650390625,1507.5,71.5425033569336
2019-09-19,7901.7900390625,10704.7998046875,1498.4000244140625,71.71749877929688
2019-09-20,7823.5498046875,11274.2001953125,1507.300048828125,
2019-09-22,,,,71.19159698486328
2019-09-23,7818.60986328125,11600.2001953125,1523.699951171875,70.78959655761719
2019-09-24,7710.0400390625,11588.2001953125,1532.0999755859375,71.28500366210938
2019-09-25,7803.5400390625,11440.2001953125,1504.5999755859375,71.30999755859375
2019-09-26,7771.990234375,11571.2001953125,1507.5,71.21499633789062
2019-09-27,7681.580078125,11512.400390625,1499.0999755859375,
2019-09-29,,,,70.49870300292969
2019-09-30,7749.4501953125,11474.4501953125,1465.699951171875,70.92250061035156
2019-10-01,7684.14013671875,11359.900390625,1482.0,71.0999984741211
2019-10-02,7550.7900390625,,1501.0,71.1416015625
2019-10-03,7638.39013671875,11314.0,1507.0999755859375,71.0199966430664
2019-10-04,7754.10009765625,11174.75,1506.199951171875,
2019-10-06,,,,70.81500244140625
2019-10-07,7725.1298828125,11126.400390625,1497.699951171875,71.36000061035156
2019-10-08,7604.27001953125,,1497.199951171875,71.20999908447266
2019-10-09,7690.52978515625,11313.2998046875,1506.0999755859375,71.41000366210938
2019-10-10,7740.35986328125,11234.5498046875,1494.800048828125,70.9800033569336
2019-10-11,7843.8798828125,11305.0498046875,1482.699951171875,
2019-10-13,,,,70.91400146484375
2019-10-14,7842.330078125,11341.150390625,1491.699951171875,71.45249938964844
2019-10-15,7942.85009765625,11428.2998046875,1477.5999755859375,71.76000213623047
2019-10-16,7920.2099609375,11464.0,1488.0,71.62000274658203
2019-10-17,7942.14013671875,11586.349609375,1492.300048828125,71.42250061035156
2019-10-18,7868.490234375,11661.849609375,1488.199951171875,
2019-10-20,,,,71.02999877929688
2019-10-21,7940.330078125,,1482.4000244140625,71.1050033569336
2019-10-22,7874.6201171875,11588.349609375,1481.699951171875,71.07499694824219
2019-10-23,7889.47021484375,11604.099609375,1489.9000244140625,70.71499633789062
2019-10-24,7966.72021484375,11582.599609375,1498.9000244140625,71.19000244140625
2019-10-25,8029.22021484375,11583.900390625,1499.5,
2019-10-28,8110.669921875,,1490.0,70.83000183105469
2019-10-29,8047.509765625,11786.849609375,1487.0,70.73500061035156
2019-10-30,8083.10986328125,11844.099609375,1493.199951171875,70.88459777832031
2019-10-31,8083.830078125,11877.4501953125,1511.4000244140625,70.98999786376953
2019-11-01,8161.169921875,11890.599609375,1508.0,70.97000122070312
2019-11-04,8210.66015625,11941.2998046875,1508.0,70.51210021972656
2019-11-05,8210.1796875,11917.2001953125,1480.800048828125,71.0
2019-11-06,8196.0302734375,11966.0498046875,1490.199951171875,70.8949966430664
2019-11-07,8219.650390625,12012.0498046875,1464.199951171875,71.0
2019-11-08,8255.8896484375,11908.150390625,1461.300048828125,71.37650299072266
2019-11-11,8241.91015625,11913.4501953125,1455.5,71.37650299072266
2019-11-12,8263.7900390625,,1452.0999755859375,71.5739974975586
2019-11-13,8259.8095703125,11840.4501953125,1461.699951171875,71.77999877929688
2019-11-14,8257.830078125,11872.099609375,1471.800048828125,72.1415023803711
2019-11-15,8315.51953125,11895.4501953125,1467.300048828125,71.95580291748047
2019-11-18,8328.48046875,11884.5,1470.9000244140625,71.70580291748047
2019-11-19,8338.740234375,11940.099609375,1473.300048828125,71.93509674072266
2019-11-20,8283.75,11999.099609375,1473.300048828125,71.85099792480469
2019-11-21,8265.6201171875,11968.400390625,1463.0999755859375,71.76820373535156
2019-11-22,8272.0498046875,11914.400390625,1463.0999755859375,71.7405014038086
2019-11-25,8371.9296875,12073.75,1456.5999755859375,71.78260040283203
2019-11-26,8385.75,12037.7001953125,1459.800048828125,71.67949676513672
2019-11-27,8444.7099609375,12100.7001953125,1453.4000244140625,71.42839813232422
2019-11-28,,12151.150390625,,71.22810363769531
2019-11-29,8403.6796875,12056.0498046875,1465.5999755859375,71.54740142822266
2019-12-02,8309.259765625,12048.2001953125,1462.300048828125,71.7229995727539
2019-12-03,8254.740234375,11994.2001953125,1478.199951171875,71.625
2019-12-04,8296.5302734375,12043.2001953125,1474.0,71.95999908447266
2019-12-05,8308.400390625,12018.400390625,1476.9000244140625,71.4801025390625
2019-12-06,8397.3701171875,11921.5,1459.0999755859375,71.38500213623047
2019-12-09,8362.740234375,11937.5,1459.300048828125,71.28679656982422
2019-12-10,8354.2900390625,11856.7998046875,1462.5999755859375,70.96019744873047
2019-12-11,8402.6103515625,11910.150390625,1469.4000244140625,71.01000213623047
2019-12-12,8466.8896484375,11971.7998046875,1466.699951171875,70.72930145263672
2019-12-13,8487.7099609375,12086.7001953125,1475.5999755859375,70.55989837646484
2019-12-16,8570.330078125,12053.9501953125,1475.0,70.68900299072266
2019-12-17,8575.7001953125,12165.0,1474.5999755859375,70.92050170898438
2019-12-18,8580.6201171875,12221.650390625,1472.5999755859375,71.21499633789062
2019-12-19,8641.2900390625,12259.7001953125,1478.199951171875,70.98989868164062
2019-12-20,8678.490234375,12271.7998046875,1474.699951171875,71.22270202636719
2019-12-23,8696.009765625,12262.75,1482.5,71.02400207519531
2019-12-24,8699.509765625,12214.5498046875,1499.0999755859375,71.21070098876953
2019-12-25,,,,71.45999908447266
2019-12-26,8778.3095703125,12126.5498046875,1509.300048828125,71.54000091552734
2019-12-27,8770.98046875,12245.7998046875,1513.800048828125,71.30030059814453
2019-12-30,8709.73046875,12255.849609375,1514.5,71.31300354003906
2019-12-31,8733.0703125,12168.4501953125,1519.5,71.31099700927734
2020-01-01,,12182.5,,71.27580261230469
2020-01-02,8872.2197265625,12282.2001953125,1524.5,71.0250015258789
2020-01-03,8793.900390625,12226.650390625,1549.199951171875,71.41500091552734
2020-01-06,8848.51953125,11993.0498046875,1566.199951171875,71.73100280761719
2020-01-07,8846.4501953125,12052.9501953125,1571.800048828125,71.78700256347656
2020-01-08,8912.3701171875,12025.349609375,1557.4000244140625,72.16000366210938
2020-01-09,8989.6298828125,12215.900390625,1551.699951171875,71.41190338134766
2020-01-10,8966.6396484375,12256.7998046875,1557.5,71.19429779052734
2020-01-13,9070.650390625,12329.5498046875,1548.4000244140625,70.9530029296875
2020-01-14,9033.419921875,12362.2998046875,1542.4000244140625,70.71890258789062
2020-01-15,9035.669921875,12343.2998046875,1552.0999755859375,70.84510040283203
2020-01-16,9125.0,12355.5,1549.0,70.71800231933594
2020-01-17,9173.73046875,12352.349609375,1558.800048828125,70.94560241699219
2020-01-20,,12224.5498046875,,71.03469848632812
2020-01-21,9166.6298828125,12169.849609375,1556.4000244140625,71.03099822998047
2020-01-22,9188.580078125,12106.900390625,1555.300048828125,71.16999816894531
2020-01-23,9216.98046875,12180.349609375,1564.5999755859375,71.0781021118164
2020-01-24,9141.4697265625,12248.25,1571.0999755859375,71.32099914550781
2020-01-27,8952.1796875,12119.0,1576.800048828125,71.32499694824219
2020-01-28,9090.9296875,12055.7998046875,1569.199951171875,71.44000244140625
2020-01-29,9101.6103515625,12129.5,1569.800048828125,71.23040008544922
2020-01-30,9136.08984375,12035.7998046875,1583.5,71.30000305175781
2020-01-31,8991.509765625,11962.099609375,1582.9000244140625,71.63999938964844
2020-02-03,9126.23046875,11707.900390625,1577.199951171875,71.49649810791016
2020-02-04,9334.0595703125,11979.650390625,1550.4000244140625,71.31410217285156
2020-02-05,9367.48046875,12089.150390625,1557.800048828125,71.0999984741211
2020-02-06,9445.919921875,12137.9501953125,1565.0999755859375,71.18000030517578
2020-02-07,9401.099609375,12098.349609375,1568.5999755859375,71.47000122070312
2020-02-10,9516.83984375,12031.5,1574.699951171875,71.5155029296875
2020-02-11,9517.8603515625,12107.900390625,1565.5999755859375,71.27999877929688
2020-02-12,9613.2001953125,12201.2001953125,1567.4000244140625,71.27529907226562
2020-02-13,9595.7001953125,12174.650390625,1575.0999755859375,71.29620361328125
2020-02-14,9623.580078125,12113.4501953125,1582.699951171875,71.26850128173828
2020-02-17,,12045.7998046875,,71.51480102539062
2020-02-18,9629.7998046875,11992.5,1600.0,71.34919738769531
2020-02-19,9718.73046875,12125.900390625,1607.5,71.57499694824219
2020-02-20,9627.830078125,12080.849609375,1616.5999755859375,71.82749938964844
2020-02-21,9446.6904296875,,1644.5999755859375,72.11000061035156
2020-02-24,9079.6298828125,11829.400390625,1672.4000244140625,71.88680267333984
2020-02-25,8834.8701171875,11797.900390625,1646.9000244140625,72.04669952392578
2020-02-26,8873.759765625,11678.5,1640.0,71.87000274658203
2020-02-27,8436.669921875,11633.2998046875,1640.0,71.66339874267578
2020-02-28,8461.830078125,11201.75,1564.0999755859375,71.93000030517578
2020-03-02,8877.98046875,11132.75,1592.300048828125,72.1500015258789
2020-03-03,8594.490234375,11303.2998046875,1642.0999755859375,72.82499694824219
2020-03-04,8949.2802734375,11251.0,1641.0999755859375,73.34200286865234
2020-03-05,8671.66015625,11269.0,1666.4000244140625,74.0425033569336
2020-03-06,8530.33984375,10989.4501953125,1670.800048828125,73.8551025390625
2020-03-09,7948.02978515625,10451.4501953125,1674.5,73.99530029296875
2020-03-10,8372.26953125,,1659.0999755859375,74.40599822998047
2020-03-11,8006.1201171875,10458.400390625,1641.4000244140625,74.20500183105469
2020-03-12,7263.64990234375,9590.150390625,1589.300048828125,74.76000213623047
2020-03-13,7995.259765625,9955.2001953125,1515.699951171875,75.30000305175781
2020-03-16,7020.3798828125,9197.400390625,1485.9000244140625,73.90399932861328
2020-03-17,7473.9501953125,8967.0498046875,1524.9000244140625,75.15499877929688
2020-03-18,7175.18017578125,8468.7998046875,1477.300048828125,74.01239776611328
2020-03-19,7288.52001953125,8263.4501953125,1478.5999755859375,74.98200225830078
2020-03-20,6994.2900390625,8745.4501953125,1484.0,75.15969848632812
2020-03-23,7006.919921875,7610.25,1567.0,75.62210083007812
2020-03-24,7553.830078125,7801.0498046875,1660.199951171875,76.50599670410156
2020-03-25,7469.6201171875,8317.849609375,1632.300048828125,77.26000213623047
2020-03-26,7897.1298828125,8641.4501953125,1650.0999755859375,75.84549713134766
2020-03-27,7588.3701171875,8660.25,1623.9000244140625,74.72560119628906
2020-03-29,,,,75.46499633789062
2020-03-30,7889.009765625,8281.099609375,1622.0,75.4000015258789
2020-03-31,7813.5,8597.75,1583.4000244140625,75.32499694824219
2020-04-01,7486.2900390625,8253.7998046875,1578.199951171875,77.56999969482422
2020-04-02,7635.66015625,,1625.699951171875,77.13999938964844
2020-04-03,7528.10986328125,8083.7998046875,1633.699951171875,
2020-04-05,,,,76.2300033569336
2020-04-06,8081.66015625,,1677.0,75.96489715576172
2020-04-07,8049.31005859375,8792.2001953125,1664.800048828125,76.66000366210938
2020-04-08,8229.5400390625,8748.75,1665.4000244140625,75.95899963378906
2020-04-09,8238.5302734375,9111.900390625,1736.199951171875,76.6500015258789
2020-04-12,,,,76.16649627685547
2020-04-13,8332.740234375,8993.849609375,1744.800048828125,76.91000366210938
2020-04-14,8692.16015625,,1756.699951171875,75.93099975585938
2020-04-15,8591.9599609375,8925.2998046875,1727.199951171875,77.2125015258789
2020-04-16,8757.830078125,8992.7998046875,1720.4000244140625,77.56999969482422
2020-04-17,8832.41015625,9266.75,1689.199951171875,
2020-04-19,,,,76.55999755859375
2020-04-20,8726.509765625,9261.849609375,1701.5999755859375,77.20999908447266
2020-04-21,8403.0,8981.4501953125,1678.199951171875,76.96939849853516
2020-04-22,8664.6396484375,9187.2998046875,1728.699951171875,76.4000015258789
2020-04-23,8641.5,9313.900390625,1733.300048828125,76.42250061035156
2020-04-24,8786.599609375,9154.400390625,1723.5,
2020-04-26,,,,76.27149963378906
2020-04-27,8837.66015625,9282.2998046875,1711.9000244140625,76.1863021850586
2020-04-28,8677.599609375,9380.900390625,1710.5,76.46499633789062
2020-04-29,8982.759765625,9553.349609375,1703.4000244140625,75.25849914550781
2020-04-30,9000.509765625,9859.900390625,1684.199951171875,75.72000122070312
2020-05-01,8718.1796875,,1694.5,
2020-05-03,,,,75.60050201416016
2020-05-04,8834.1103515625,9293.5,1706.9000244140625,75.8499984741211
2020-05-05,8930.6201171875,9205.599609375,1704.4000244140625,76.16999816894531
2020-05-06,8984.8603515625,9270.900390625,1684.199951171875,76.15129852294922
2020-05-07,9101.8798828125,9199.0498046875,1721.800048828125,76.08000183105469
2020-05-08,9220.349609375,9251.5,1709.9000244140625,
2020-05-10,,,,75.5250015258789
2020-05-11,9298.919921875,9239.2001953125,1695.300048828125,76.30999755859375
2020-05-12,9112.4501953125,9196.5498046875,1704.4000244140625,75.68000030517578
2020-05-13,9000.080078125,9383.5498046875,1713.9000244140625,75.42620086669922
2020-05-14,9094.419921875,9142.75,1738.0999755859375,75.48500061035156
2020-05-15,9152.6396484375,9136.849609375,1753.4000244140625,
2020-05-17,,,,75.81999969482422
2020-05-18,9331.9296875,8823.25,1731.800048828125,75.60009765625
2020-05-19,9298.5400390625,8879.099609375,1744.199951171875,76.0
2020-05-20,9485.01953125,9066.5498046875,1750.5999755859375,75.77999877929688
2020-05-21,9377.990234375,9106.25,1720.5,75.625
2020-05-22,9413.990234375,9039.25,1734.5999755859375,
2020-05-24,,,,75.98500061035156
2020-05-25,,,,76.11000061035156
2020-05-26,9389.98046875,9029.0498046875,1704.800048828125,75.81999969482422
2020-05-27,9442.0498046875,9314.9501953125,1710.300048828125,76.12999725341797
2020-05-28,9416.7099609375,9490.099609375,1713.300048828125,75.95999908447266
2020-05-29,9555.5302734375,9580.2998046875,1736.9000244140625,
2020-05-31,,,,75.51319885253906
2020-06-01,9598.8896484375,9826.150390625,1737.800048828125,75.7300033569336
2020-06-02,9657.3095703125,9979.099609375,1725.199951171875,75.06580352783203
2020-06-03,9704.6904296875,10061.5498046875,1697.800048828125,75.54499816894531
2020-06-04,9629.66015625,10029.099609375,1718.9000244140625,75.49089813232422
2020-06-05,9824.3896484375,10142.150390625,1676.199951171875,
2020-06-07,,,,75.5177001953125
2020-06-08,9901.51953125,10167.4501953125,1698.300048828125,75.625
2020-06-09,9967.169921875,10046.650390625,1714.699951171875,75.50980377197266
2020-06-10,10094.259765625,10116.150390625,1713.300048828125,75.875
2020-06-11,9588.48046875,9902.0,1732.0,76.38999938964844
2020-06-12,9663.7802734375,9972.900390625,1729.300048828125,
2020-06-14,,,,75.95680236816406
2020-06-15,9776.8896484375,9813.7001953125,1720.300048828125,75.97799682617188
2020-06-16,9949.3701171875,9914.0,1729.5999755859375,76.65499877929688
2020-06-17,9982.48046875,9881.150390625,1729.199951171875,76.55000305175781
2020-06-18,10012.0498046875,10091.650390625,1724.800048828125,76.40039825439453
2020-06-19,10008.6396484375,10244.400390625,1745.9000244140625,
2020-06-21,,,,76.2520980834961
2020-06-22,10130.330078125,10311.2001953125,1756.699951171875,75.78980255126953
2020-06-23,10209.8203125,10471.0,1772.0999755859375,75.60780334472656
2020-06-24,10002.7001953125,10305.2998046875,1765.800048828125,75.97000122070312
2020-06-25,10101.830078125,10288.900390625,1762.0999755859375,75.53980255126953
2020-06-26,9849.3603515625,10383.0,1772.5,
2020-06-28,,,,75.61979675292969
2020-06-29,9961.16015625,10312.400390625,1774.800048828125,75.69999694824219
2020-06-30,10156.849609375,10302.099609375,1793.0,75.75
2020-07-01,10279.25,10430.0498046875,1773.199951171875,75.45490264892578
2020-07-02,10341.8896484375,10551.7001953125,1784.0,74.72100067138672
2020-07-03,,10607.349609375,,
2020-07-05,,,,74.6792984008789
2020-07-06,10604.0595703125,10763.650390625,1788.5,74.60759735107422
2020-07-07,10524.009765625,10799.650390625,1804.199951171875,75.125
2020-07-08,10666.7001953125,10705.75,1815.5,74.93990325927734
2020-07-09,10754.58984375,10813.4501953125,1799.199951171875,75.33999633789062
2020-07-10,10836.330078125,10768.0498046875,1798.199951171875,
2020-07-12,,,,75.15850067138672
2020-07-13,10602.2099609375,10802.7001953125,1811.0,75.44999694824219
2020-07-14,10689.51953125,10607.349609375,1810.5999755859375,75.57499694824219
2020-07-15,10701.6796875,10618.2001953125,1811.4000244140625,75.1249008178711
2020-07-16,10626.4599609375,10739.9501953125,1798.699951171875,75.17449951171875
2020-07-17,10645.2197265625,10901.7001953125,1808.300048828125,
2020-07-19,,,,74.89730072021484
2020-07-20,10952.080078125,11022.2001953125,1815.9000244140625,74.98999786376953
2020-07-21,10833.0703125,11162.25,1842.4000244140625,74.7699966430664
2020-07-22,10870.75,11132.599609375,1864.0999755859375,74.81999969482422
2020-07-23,10580.58984375,11215.4501953125,1889.0999755859375,74.80729675292969
2020-07-24,10483.1298828125,11194.150390625,1897.300048828125,
2020-07-26,,,,74.75980377197266
2020-07-27,10674.3798828125,11131.7998046875,1931.0,75.0
2020-07-28,10532.5,11300.5498046875,1944.699951171875,75.08999633789062
2020-07-29,10662.98046875,11202.849609375,1953.5,74.8311996459961
2020-07-30,10715.509765625,11102.150390625,1942.300048828125,74.98999786376953
2020-07-31,10905.8798828125,11073.4501953125,1962.800048828125,
2020-08-02,,,,74.91780090332031
2020-08-03,11055.080078125,10891.599609375,1966.0,75.33000183105469
2020-08-04,11096.5400390625,11095.25,2001.199951171875,75.25
2020-08-05,11125.4404296875,11101.650390625,2031.0999755859375,74.8822021484375
2020-08-06,11267.080078125,11200.150390625,2051.5,74.8998031616211
2020-08-07,11139.3896484375,11214.0498046875,2010.0999755859375,
2020-08-09,,,,75.0248031616211
2020-08-10,11085.169921875,11270.150390625,2024.4000244140625,75.0999984741211
2020-08-11,10876.080078125,11322.5,1932.5999755859375,74.9000015258789
2020-08-12,11157.7197265625,11308.400390625,1934.9000244140625,74.77210235595703
2020-08-13,11178.3701171875,11300.4501953125,1956.699951171875,75.02999877929688
2020-08-14,11164.4501953125,11178.400390625,1937.0,
2020-08-16,,,,74.90280151367188
2020-08-17,11288.5703125,11247.099609375,1985.0,75.0
2020-08-18,11399.0302734375,11385.349609375,1999.4000244140625,74.79499816894531
2020-08-19,11318.6396484375,11408.400390625,1958.699951171875,74.966796875
2020-08-20,11477.0498046875,11312.2001953125,1933.800048828125,74.9999008178711
2020-08-21,11555.16015625,11371.599609375,1934.5999755859375,
2020-08-23,,,,74.92179870605469
2020-08-24,11626.169921875,11466.4501953125,1927.699951171875,74.4000015258789
2020-08-25,11721.8095703125,11472.25,1911.800048828125,74.45249938964844
2020-08-26,11971.9404296875,11549.599609375,1940.699951171875,74.24009704589844
2020-08-27,11926.16015625,11559.25,1921.5999755859375,73.77449798583984
2020-08-28,11995.849609375,11647.599609375,1964.5999755859375,
2020-08-30,,,,73.12830352783203
2020-08-31,12110.7001953125,11387.5,1967.5999755859375,73.66999816894531
2020-09-01,12292.8603515625,11470.25,1968.199951171875,73.2699966430664
2020-09-02,12420.5400390625,11535.0,1934.4000244140625,73.24849700927734
2020-09-03,11771.3701171875,11527.4501953125,1927.5999755859375,73.4478988647461
2020-09-04,11622.1298828125,11333.849609375,1923.9000244140625,
2020-09-06,,,,73.29029846191406
2020-09-07,,11355.0498046875,,73.6500015258789
2020-09-08,11068.259765625,11317.349609375,1933.0,73.78679656982422
2020-09-09,11395.849609375,11278.0,1944.699951171875,73.55000305175781
2020-09-10,11154.1201171875,11449.25,1954.199951171875,73.52729797363281
2020-09-11,11087.400390625,11464.4501953125,1937.800048828125,
2020-09-13,,,,73.47859954833984
2020-09-14,11277.759765625,11440.0498046875,1953.0999755859375,73.61499786376953
2020-09-15,11438.8701171875,11521.7998046875,1956.300048828125,73.80000305175781
2020-09-16,11247.599609375,11604.5498046875,1960.199951171875,73.55069732666016
2020-09-17,11080.9501953125,11516.099609375,1940.0,73.58360290527344
2020-09-18,10936.98046875,11504.9501953125,1952.0999755859375,
2020-09-20,,,,73.53479766845703
2020-09-21,10980.2197265625,11250.5498046875,1901.199951171875,73.57980346679688
2020-09-22,11186.3701171875,11153.650390625,1898.5999755859375,73.50299835205078
2020-09-23,10833.330078125,11131.849609375,1859.9000244140625,73.77839660644531
2020-09-24,10896.4697265625,10805.5498046875,1868.300048828125,73.68240356445312
2020-09-25,11151.1298828125,11050.25,1857.699951171875,
2020-09-27,,,,73.69930267333984
2020-09-28,11364.4501953125,11227.5498046875,1872.800048828125,73.9749984741211
2020-09-29,11322.9501953125,11222.400390625,1894.300048828125,73.84500122070312
2020-09-30,11418.0595703125,11247.5498046875,1887.5,73.70500183105469
2020-10-01,11583.2001953125,11416.9501953125,1908.4000244140625,73.21700286865234
2020-10-02,11255.6904296875,,1900.199951171875,
2020-10-04,,,,73.32240295410156
2020-10-05,11509.0595703125,11503.349609375,1912.5,73.1082992553711
2020-10-06,11291.26953125,11662.400390625,1901.0999755859375,73.81500244140625
2020-10-07,11503.1904296875,11738.849609375,1883.5999755859375,73.5425033569336
2020-10-08,11550.9404296875,11834.599609375,1888.5999755859375,73.28050231933594
2020-10-09,11725.849609375,11914.2001953125,1919.5,
2020-10-11,,,,73.01480102539062
2020-10-12,12088.1103515625,11930.9501953125,1922.5,73.35079956054688
2020-10-13,12083.169921875,11934.5,1888.5,73.62000274658203
2020-10-14,11985.3603515625,11971.0498046875,1901.300048828125,73.29620361328125
2020-10-15,11898.5703125,11680.349609375,1903.199951171875,73.37100219726562
2020-10-16,11852.169921875,11762.4501953125,1900.800048828125,
2020-10-18,,,,73.44380187988281
2020-10-19,11634.349609375,11873.0498046875,1906.4000244140625,73.57499694824219
2020-10-20,11677.83984375,11896.7998046875,1910.4000244140625,73.64749908447266
2020-10-21,11665.3701171875,11937.650390625,1924.5999755859375,73.6812973022461
2020-10-22,11662.91015625,11896.4501953125,1901.0999755859375,73.72000122070312
2020-10-23,11692.5703125,11930.349609375,1902.0,
2020-10-26,11504.51953125,11767.75,1902.699951171875,73.8228988647461
2020-10-27,11598.9501953125,11889.400390625,1908.800048828125,73.94850158691406
2020-10-28,11142.759765625,11729.599609375,1876.199951171875,73.80500030517578
2020-10-29,11350.740234375,11670.7998046875,1865.5999755859375,74.44000244140625
2020-10-30,11052.9501953125,11642.400390625,1877.4000244140625,74.26399993896484
2020-11-02,11084.759765625,11669.150390625,1890.4000244140625,74.55049896240234
2020-11-03,11279.91015625,11813.5,1908.5,74.45680236816406
2020-11-04,11777.01953125,11908.5,1894.5999755859375,74.65560150146484
2020-11-05,12078.0703125,12120.2998046875,1945.300048828125,74.37999725341797
2020-11-06,12091.349609375,12263.5498046875,1950.300048828125,74.12000274658203
2020-11-09,11830.3896484375,12461.0498046875,1853.199951171875,73.97979736328125
2020-11-10,11624.2900390625,12631.099609375,1875.4000244140625,73.95320129394531
2020-11-11,11892.9296875,12749.150390625,1860.699951171875,74.28160095214844
2020-11-12,11827.1396484375,12690.7998046875,1872.5999755859375,74.56999969482422
2020-11-13,11937.83984375,12719.9501953125,1885.699951171875,74.86499786376953
2020-11-16,12013.3798828125,,1887.300048828125,74.48770141601562
2020-11-17,11977.490234375,12874.2001953125,1884.5,74.41809844970703
2020-11-18,11894.7099609375,12938.25,1873.5,74.47969818115234
2020-11-19,11985.4296875,12771.7001953125,1861.0999755859375,74.41999816894531
2020-11-20,11906.4404296875,12859.0498046875,1872.5999755859375,74.09960174560547
2020-11-23,11905.9404296875,12926.4501953125,1837.800048828125,74.16239929199219
2020-11-24,12079.8095703125,13055.150390625,1804.800048828125,74.24490356445312
2020-11-25,12152.2197265625,12858.400390625,1805.699951171875,73.96080017089844
2020-11-26,,12987.0,,73.77989959716797
2020-11-27,12258.2099609375,12968.9501953125,1781.9000244140625,74.04879760742188
2020-11-30,12268.3203125,,1775.699951171875,73.94090270996094
2020-12-01,12455.330078125,13109.0498046875,1814.0999755859375,74.02519989013672
2020-12-02,12456.41015625,13113.75,1825.699951171875,73.65499877929688
2020-12-03,12467.1298828125,13133.900390625,1836.800048828125,73.66259765625
2020-12-04,12528.48046875,13258.5498046875,1835.9000244140625,73.86489868164062
2020-12-07,12596.4697265625,13355.75,1861.800048828125,73.79029846191406
2020-12-08,12635.7197265625,13392.9501953125,1870.800048828125,74.0199966430664
2020-12-09,12364.6396484375,13529.099609375,1834.5999755859375,73.72640228271484
2020-12-10,12401.740234375,13478.2998046875,1833.5999755859375,73.93499755859375
2020-12-11,12375.41015625,13513.849609375,1839.800048828125,73.72669982910156
2020-12-14,12462.2099609375,13558.150390625,1828.699951171875,73.73799896240234
2020-12-15,12595.919921875,13567.849609375,1852.300048828125,73.86000061035156
2020-12-16,12668.16015625,13682.7001953125,1856.0999755859375,73.75980377197266
2020-12-17,12752.0595703125,13740.7001953125,1887.199951171875,73.6166000366211
2020-12-18,12738.1796875,13760.5498046875,1885.699951171875,73.52980041503906
2020-12-21,12690.259765625,13328.400390625,1879.199951171875,73.60359954833984
2020-12-22,12717.5595703125,13466.2998046875,1866.5999755859375,73.935302734375
2020-12-23,12653.1396484375,13601.099609375,1874.699951171875,74.2699966430664
2020-12-24,12711.009765625,13749.25,1879.9000244140625,73.83979797363281
2020-12-25,,,,73.55780029296875
2020-12-28,12838.8603515625,13873.2001953125,1877.199951171875,73.68900299072266
2020-12-29,12843.490234375,13932.599609375,1879.699951171875,73.5448989868164
2020-12-30,12845.3603515625,13981.9501953125,1891.0,73.45359802246094
2020-12-31,12888.2802734375,13981.75,1893.0999755859375,73.13400268554688
2021-01-01,,14018.5,,73.08920288085938
2021-01-04,12694.66015625,14132.900390625,1944.699951171875,73.09200286865234
2021-01-05,12802.3798828125,14199.5,1952.699951171875,73.31999969482422
2021-01-06,12623.349609375,14146.25,1906.9000244140625,73.37480163574219
2021-01-07,12939.5703125,14137.349609375,1912.300048828125,73.36000061035156
2021-01-08,13105.2001953125,14347.25,1834.0999755859375,73.44599914550781
2021-01-11,12902.490234375,14484.75,1849.5999755859375,73.37339782714844
2021-01-12,12892.08984375,14563.4501953125,1842.9000244140625,73.51349639892578
2021-01-13,12973.6298828125,14564.849609375,1853.5999755859375,73.16500091552734
2021-01-14,12898.6904296875,14595.599609375,1850.300048828125,73.1698989868164
2021-01-15,12803.9296875,14433.7001953125,1829.300048828125,73.08760070800781
2021-01-18,,14281.2998046875,,73.15899658203125
2021-01-19,12996.5400390625,14521.150390625,1839.5,73.1886978149414
2021-01-20,13296.4501953125,14644.7001953125,1865.9000244140625,73.19190216064453
2021-01-21,13404.990234375,14590.349609375,1865.300048828125,72.91089630126953
2021-01-22,13366.400390625,14371.900390625,1855.699951171875,72.95490264892578
2021-01-25,13483.2900390625,14238.900390625,1854.9000244140625,72.99590301513672
2021-01-26,13490.1904296875,,1850.699951171875,72.97000122070312
2021-01-27,13112.650390625,13967.5,1844.9000244140625,72.91999816894531
2021-01-28,13201.5302734375,13817.5498046875,1837.9000244140625,73.03710174560547
2021-01-29,12925.3798828125,13634.599609375,1847.300048828125,72.93879699707031
2021-02-01,13248.900390625,14281.2001953125,1860.800048828125,72.90660095214844
2021-02-02,13456.1201171875,14647.849609375,1830.5,73.11979675292969
2021-02-03,13402.3701171875,14789.9501953125,1832.199951171875,72.91629791259766
2021-02-04,13560.8896484375,14895.650390625,1788.9000244140625,72.85800170898438
2021-02-05,13603.9599609375,14924.25,1810.9000244140625,72.9457015991211
2021-02-08,13695.01953125,15115.7998046875,1831.9000244140625,72.78479766845703
2021-02-09,13687.080078125,15109.2998046875,1835.300048828125,72.92990112304688
2021-02-10,13655.26953125,15106.5,1840.5999755859375,72.85489654541016
2021-02-11,13734.349609375,15173.2998046875,1824.9000244140625,72.80729675292969
2021-02-12,13807.7001953125,15163.2998046875,1821.5999755859375,72.70950317382812
2021-02-15,,15314.7001953125,,72.59480285644531
2021-02-16,13773.76953125,15313.4501953125,1797.199951171875,72.63870239257812
2021-02-17,13699.7099609375,15208.900390625,1771.0999755859375,72.93499755859375
2021-02-18,13637.509765625,15118.9501953125,1773.4000244140625,72.79730224609375
2021-02-19,13580.7802734375,14981.75,1775.800048828125,72.60540008544922
2021-02-22,13223.740234375,14675.7001953125,1806.699951171875,72.5530014038086
2021-02-23,13194.7099609375,14707.7998046875,1804.4000244140625,72.44400024414062
2021-02-24,13302.1904296875,14982.0,1796.4000244140625,72.37699890136719
2021-02-25,12828.3095703125,15097.349609375,1774.4000244140625,72.4000015258789
2021-02-26,12909.4404296875,14529.150390625,1728.0999755859375,73.1509017944336
2021-03-01,13282.9501953125,14761.5498046875,1722.5,73.59590148925781
2021-03-02,13059.9501953125,14919.099609375,1733.0999755859375,73.30940246582031
2021-03-03,12683.330078125,15245.599609375,1715.300048828125,73.27749633789062
2021-03-04,12464.0,15080.75,1700.199951171875,72.88069915771484
2021-03-05,12668.509765625,14938.099609375,1698.0,73.13179779052734
2021-03-08,12299.080078125,14956.2001953125,1677.699951171875,73.1333999633789
2021-03-09,12794.490234375,15098.400390625,1716.5999755859375,73.33000183105469
2021-03-10,12752.0703125,15174.7998046875,1721.5,72.7759017944336
2021-03-11,13052.900390625,,1722.300048828125,72.70600128173828
2021-03-12,12937.2900390625,15030.9501953125,1719.5,72.63899993896484
2021-03-15,13082.5400390625,14929.5,1728.9000244140625,72.68299865722656
2021-03-16,13152.2802734375,14910.4501953125,1730.5999755859375,72.51529693603516
2021-03-17,13202.3798828125,14721.2998046875,1726.800048828125,72.5156021118164
2021-03-18,12789.1396484375,14557.849609375,1732.199951171875,72.29560089111328
2021-03-19,12866.990234375,14744.0,1741.4000244140625,72.6688003540039
2021-03-22,13086.509765625,14736.400390625,1737.800048828125,72.40499877929688
2021-03-23,13017.7900390625,14814.75,1724.699951171875,72.38050079345703
2021-03-24,12798.8798828125,14549.400390625,1732.9000244140625,72.61219787597656
2021-03-25,12780.509765625,14324.900390625,1724.9000244140625,72.64559936523438
2021-03-26,12979.1201171875,14507.2998046875,1732.199951171875,72.61280059814453
2021-03-28,,,,72.44719696044922
2021-03-29,12965.740234375,,1712.0999755859375,72.74189758300781
2021-03-30,12896.5302734375,14845.099609375,1683.9000244140625,73.44529724121094
2021-03-31,13091.4404296875,14690.7001953125,1713.800048828125,73.20349884033203
2021-04-01,13329.51953125,14867.349609375,1726.5,73.28730010986328
2021-04-04,,,,73.3759994506836
2021-04-05,13598.16015625,14637.7998046875,1727.0,73.27950286865234
2021-04-06,13578.4599609375,14683.5,1741.5,73.48999786376953
2021-04-07,13616.7001953125,14819.0498046875,1740.0999755859375,74.40149688720703
2021-04-08,13758.509765625,14873.7998046875,1756.800048828125,74.54450225830078
2021-04-09,13845.0595703125,14834.849609375,1743.300048828125,
2021-04-11,,,,74.72949981689453
2021-04-12,13819.349609375,14310.7998046875,1731.199951171875,74.99099731445312
2021-04-13,13986.490234375,14504.7998046875,1746.199951171875,75.18150329589844
2021-04-14,13803.91015625,,1734.9000244140625,75.0261001586914
2021-04-15,14026.1904296875,14581.4501953125,1765.4000244140625,74.72740173339844
2021-04-16,14041.91015625,14617.849609375,1779.0,
2021-04-18,,,,74.56320190429688
2021-04-19,13907.669921875,14359.4501953125,1769.4000244140625,74.8781967163086
2021-04-20,13809.2998046875,14296.400390625,1777.300048828125,75.44920349121094
2021-04-21,13935.150390625,,1792.300048828125,75.42949676513672
2021-04-22,13762.3603515625,14406.150390625,1781.199951171875,75.0916976928711
2021-04-23,13941.4404296875,14341.349609375,1777.0,
2021-04-25,,,,74.86810302734375
2021-04-26,14026.16015625,14485.0,1779.199951171875,74.81490325927734
2021-04-27,13960.2802734375,14653.0498046875,1778.0,74.57499694824219
2021-04-28,13901.6201171875,14864.5498046875,1773.199951171875,74.31179809570312
2021-04-29,13970.2001953125,14894.900390625,1768.0999755859375,74.10579681396484
2021-04-30,13860.759765625,14631.099609375,1767.300048828125,
2021-05-02,,,,74.09480285644531
2021-05-03,13799.7197265625,14634.150390625,1791.4000244140625,73.8375015258789
2021-05-04,13544.669921875,14496.5,1775.800048828125,73.77890014648438
2021-05-05,13503.3701171875,14617.849609375,1784.0999755859375,73.79940032958984
2021-05-06,13613.73046875,14724.7998046875,1815.5,73.61519622802734
2021-05-07,13719.6298828125,14823.150390625,1831.0999755859375,
2021-05-09,,,,73.29029846191406
2021-05-10,13359.080078125,14942.349609375,1837.5,73.5
2021-05-11,13351.26953125,14850.75,1835.9000244140625,73.3750991821289
2021-05-12,13001.6298828125,14696.5,1822.5999755859375,73.68160247802734
2021-05-13,13109.150390625,,1823.800048828125,73.44490051269531
2021-05-14,13393.1201171875,14677.7998046875,1837.9000244140625,
2021-05-16,,,,73.27890014648438
2021-05-17,13312.91015625,14923.150390625,1867.5,73.26969909667969
2021-05-18,13217.6796875,15108.099609375,1867.800048828125,73.1281967163086
2021-05-19,13237.91015625,15030.150390625,1881.300048828125,73.222900390625
2021-05-20,13494.08984375,14906.0498046875,1881.800048828125,73.02189636230469
2021-05-21,13411.740234375,15175.2998046875,1876.699951171875,
2021-05-23,,,,72.90979766845703
2021-05-24,13641.75,15197.7001953125,1884.5999755859375,72.83660125732422
2021-05-25,13657.73046875,15208.4501953125,1898.0999755859375,72.80490112304688
2021-05-26,13702.740234375,15301.4501953125,1901.300048828125,72.67250061035156
2021-05-27,13657.849609375,15337.849609375,1895.699951171875,72.68299865722656
2021-05-28,13686.509765625,15435.650390625,1902.5,
2021-05-30,,,,72.39350128173828
2021-05-31,,15582.7998046875,,72.48719787597656
2021-06-01,13654.58984375,15574.849609375,1902.9000244140625,72.8550033569336
2021-06-02,13675.7900390625,15576.2001953125,1907.5,72.96510314941406
2021-06-03,13529.6796875,15690.349609375,1871.199951171875,73.04419708251953
2021-06-04,13770.76953125,15670.25,1889.800048828125,
2021-06-06,,,,72.90969848632812
2021-06-07,13802.8896484375,15751.650390625,1896.800048828125,72.80940246582031
2021-06-08,13810.8603515625,15740.099609375,1892.199951171875,72.97530364990234
2021-06-09,13814.9404296875,15635.349609375,1893.199951171875,72.98529815673828
2021-06-10,13960.349609375,15737.75,1894.199951171875,73.01229858398438
2021-06-11,13998.2998046875,15799.349609375,1877.4000244140625,
2021-06-13,,,,73.23159790039062
2021-06-14,14128.2001953125,15811.849609375,1864.0,73.18080139160156
2021-06-15,14030.41015625,15869.25,1854.5,73.3447036743164
2021-06-16,13983.009765625,15767.5498046875,1859.5,73.8240966796875
2021-06-17,14163.8095703125,15691.400390625,1773.800048828125,74.25389862060547
2021-06-18,14049.580078125,15683.349609375,1767.9000244140625,
2021-06-20,,,,74.1438980102539
2021-06-21,14137.23046875,15746.5,1781.800048828125,74.13520050048828
2021-06-22,14270.419921875,15772.75,1776.300048828125,74.33219909667969
2021-06-23,14274.240234375,15686.9501953125,1782.300048828125,74.24690246582031
2021-06-24,14365.9599609375,15790.4501953125,1775.5999755859375,74.19029998779297
2021-06-25,14345.1796875,15860.349609375,1776.5999755859375,
2021-06-27,,,,74.21299743652344
2021-06-28,14524.98046875,15814.7001953125,1779.5999755859375,74.285400390625
2021-06-29,14572.75,15748.4501953125,1762.800048828125,74.28759765625
2021-06-30,14554.7998046875,15721.5,1770.800048828125,74.37100219726562
2021-07-01,14560.0498046875,15680.0,1775.9000244140625,74.54499816894531
2021-07-02,14727.6298828125,15722.2001953125,1782.5999755859375,
2021-07-04,,,,74.48179626464844
2021-07-05,,15834.349609375,,74.31780242919922
2021-07-06,14786.3603515625,15818.25,1793.5,74.76290130615234
2021-07-07,14810.5400390625,15879.650390625,1801.5,74.8218994140625
2021-07-08,14722.1396484375,15727.900390625,1799.5999755859375,74.72139739990234
2021-07-09,14826.08984375,15689.7998046875,1810.0,
2021-07-11,,,,74.4905014038086
2021-07-12,14877.8896484375,15692.599609375,1805.5,74.54170227050781
2021-07-13,14874.5400390625,15812.349609375,1809.4000244140625,74.65910339355469
2021-07-14,14900.4404296875,15853.9501953125,1824.300048828125,74.46910095214844
2021-07-15,14794.6904296875,15924.2001953125,1828.4000244140625,74.53700256347656
2021-07-16,14681.3798828125,15923.400390625,1814.5,
2021-07-18,,,,74.63179779052734
2021-07-19,14549.08984375,15752.400390625,1808.699951171875,74.99340057373047
2021-07-20,14728.2099609375,15632.099609375,1810.9000244140625,74.5270004272461
2021-07-21,14842.6298828125,,1802.9000244140625,74.44020080566406
2021-07-22,14940.169921875,15824.0498046875,1805.0,74.4520034790039
2021-07-23,15111.7900390625,15856.0498046875,1801.4000244140625,
2021-07-25,,,,74.44889831542969
2021-07-26,15125.9501953125,15824.4501953125,1798.699951171875,74.28949737548828
2021-07-27,14956.9697265625,15746.4501953125,1799.5,74.5022964477539
2021-07-28,15018.099609375,15709.400390625,1799.5,74.38999938964844
2021-07-29,15048.3603515625,15778.4501953125,1831.199951171875,74.25199890136719
2021-07-30,14959.900390625,15763.0498046875,1812.5999755859375,
2021-08-01,,,,74.37909698486328
2021-08-02,14963.6201171875,15885.150390625,1818.0999755859375,74.33200073242188
2021-08-03,15061.419921875,16130.75,1810.0999755859375,74.21440124511719
2021-08-04,15083.3896484375,16258.7998046875,1810.5,74.18399810791016
2021-08-05,15181.6396484375,16294.599609375,1805.0999755859375,74.08200073242188
2021-08-06,15109.3603515625,16238.2001953125,1760.0,
2021-08-08,,,,74.49140167236328
2021-08-09,15133.1103515625,16258.25,1723.4000244140625,74.46620178222656
2021-08-10,15053.580078125,16280.099609375,1728.800048828125,74.43550109863281
2021-08-11,15027.759765625,16282.25,1750.4000244140625,74.10299682617188
2021-08-12,15088.98046875,16364.400390625,1749.0,74.26010131835938
2021-08-13,15136.6796875,16529.099609375,1775.199951171875,
2021-08-15,,,,74.216796875
2021-08-16,15140.76953125,16563.05078125,1786.9000244140625,74.13500213623047
2021-08-17,15002.830078125,16614.599609375,1785.0,74.364501953125
2021-08-18,14857.919921875,16568.849609375,1781.5999755859375,74.2697982788086
2021-08-19,14933.9404296875,,1780.199951171875,74.4292984008789
2021-08-20,15092.5703125,16450.5,1781.0,
2021-08-22,,,,74.30149841308594
2021-08-23,15312.8203125,16496.44921875,1803.199951171875,74.10590362548828
2021-08-24,15357.6796875,16624.599609375,1805.5999755859375,74.1447982788086
2021-08-25,15368.919921875,16634.650390625,1788.199951171875,74.0999984741211
2021-08-26,15278.51953125,16636.900390625,1792.199951171875,74.15599822998047
2021-08-27,15432.9501953125,16705.19921875,1816.5999755859375,
2021-08-29,,,,73.49659729003906
2021-08-30,15605.08984375,16931.05078125,1809.0,73.41120147705078
2021-08-31,15582.509765625,17132.19921875,1815.0,72.99669647216797
2021-09-01,15611.5703125,17076.25,1813.0999755859375,72.98509979248047
2021-09-02,15604.25,17234.150390625,1808.699951171875,73.0542984008789
2021-09-03,15652.8603515625,17323.599609375,1830.9000244140625,
2021-09-05,,,,72.99449920654297
2021-09-06,,17377.80078125,,73.11000061035156
2021-09-07,15675.759765625,17362.099609375,1795.9000244140625,73.3904037475586
2021-09-08,15620.849609375,17353.5,1790.699951171875,73.78900146484375
2021-09-09,15561.0498046875,17369.25,1797.4000244140625,73.53800201416016
2021-09-10,15440.75,,1789.5999755859375,
2021-09-12,,,,73.52429962158203
2021-09-13,15434.5,17355.30078125,1792.0,73.54080200195312
2021-09-14,15382.900390625,17380.0,1804.699951171875,73.65080261230469
2021-09-15,15503.5302734375,17519.44921875,1792.4000244140625,73.43800354003906
2021-09-16,15515.91015625,17629.5,1754.5999755859375,73.56490325927734
2021-09-17,15333.4697265625,17585.150390625,1749.4000244140625,
2021-09-19,,,,73.69609832763672
2021-09-20,15012.1904296875,17396.900390625,1761.800048828125,73.65899658203125
2021-09-21,15027.76953125,17562.0,1776.0,73.7927017211914
2021-09-22,15176.509765625,17546.650390625,1776.699951171875,73.8749008178711
2021-09-23,15316.580078125,17822.94921875,1747.699951171875,73.83999633789062
2021-09-24,15329.6796875,17853.19921875,1749.699951171875,
2021-09-26,,,,73.81289672851562
2021-09-27,15204.8203125,17855.099609375,1750.0,73.82530212402344
2021-09-28,14770.2998046875,17748.599609375,1735.800048828125,74.16329956054688
2021-09-29,14752.8896484375,17711.30078125,1721.5,74.3219985961914
2021-09-30,14689.6201171875,17618.150390625,1755.300048828125,74.25440216064453
2021-10-01,14791.8701171875,17532.05078125,1757.0,
2021-10-03,,,,74.152099609375
2021-10-04,14472.1201171875,17691.25,1766.199951171875,74.57279968261719
2021-10-05,14674.150390625,17822.30078125,1759.5999755859375,74.56320190429688
2021-10-06,14766.75,17646.0,1760.5,74.76000213623047
2021-10-07,14897.1298828125,17790.349609375,1757.9000244140625,74.83000183105469
2021-10-08,14820.75,17895.19921875,1756.300048828125,
2021-10-10,,,,75.30580139160156
2021-10-11,14713.73046875,17945.94921875,1754.5999755859375,75.40260314941406
2021-10-12,14662.1103515625,17991.94921875,1758.300048828125,75.48390197753906
2021-10-13,14774.599609375,18161.75,1793.699951171875,75.3062973022461
2021-10-14,15052.419921875,18338.55078125,1796.699951171875,74.99500274658203
2021-10-15,15146.919921875,,1767.199951171875,
2021-10-17,,,,75.00589752197266
2021-10-18,15300.8896484375,18477.05078125,1764.800048828125,75.2354965209961
2021-10-19,15410.7197265625,18418.75,1769.699951171875,75.12010192871094
2021-10-20,15388.7099609375,18266.599609375,1784.0999755859375,74.80919647216797
2021-10-21,15489.58984375,18178.099609375,1781.199951171875,74.86540222167969
2021-10-22,15355.0703125,18114.900390625,1795.5,
2021-10-24,,,,74.99369812011719
2021-10-25,15514.1904296875,18125.400390625,1806.0,75.08989715576172
2021-10-26,15559.490234375,18268.400390625,1792.699951171875,74.88890075683594
2021-10-27,15598.3896484375,18210.94921875,1797.9000244140625,75.05000305175781
2021-10-28,15778.16015625,17857.25,1801.5999755859375,74.79720306396484
2021-10-29,15850.4697265625,17671.650390625,1783.0,
2021-11-01,15905.2802734375,17929.650390625,1795.0999755859375,74.92829895019531
2021-11-02,15972.490234375,17888.94921875,1788.699951171875,74.82990264892578
2021-11-03,16144.5,17829.19921875,1763.5999755859375,74.71199798583984
2021-11-04,16346.240234375,17916.80078125,1793.0,74.43550109863281
2021-11-05,16359.3798828125,,1816.4000244140625,74.47810363769531
2021-11-08,16336.0302734375,18068.55078125,1827.4000244140625,74.19110107421875
2021-11-09,16219.9404296875,18044.25,1830.199951171875,73.91850280761719
2021-11-10,15985.5703125,18017.19921875,1847.5999755859375,74.17479705810547
2021-11-11,16032.4697265625,17873.599609375,1863.199951171875,74.40489959716797
2021-11-12,16199.8896484375,18102.75,1867.9000244140625,74.32209777832031
2021-11-15,16189.1201171875,18109.44921875,1866.0999755859375,74.33999633789062
2021-11-16,16309.76953125,17999.19921875,1853.5999755859375,74.43509674072266
2021-11-17,16308.0703125,17898.650390625,1869.699951171875,74.45860290527344
2021-11-18,16482.970703125,17764.80078125,1861.0,74.25980377197266
2021-11-19,16573.33984375,,1851.199951171875,74.17440032958984
2021-11-22,16380.98046875,17416.55078125,1806.0,74.30259704589844
2021-11-23,16306.7197265625,17503.349609375,1783.5,74.42980194091797
2021-11-24,16367.8095703125,17415.05078125,1784.0999755859375,74.4469985961914
2021-11-25,,17536.25,,74.625
2021-11-26,16025.580078125,17026.44921875,1785.300048828125,74.50579833984375
2021-11-29,16399.240234375,17053.94921875,1782.300048828125,74.98159790039062
2021-11-30,16135.919921875,16983.19921875,1773.5999755859375,75.05490112304688
2021-12-01,15877.7197265625,17166.900390625,1781.5999755859375,75.0509033203125
2021-12-02,15990.759765625,17401.650390625,1760.699951171875,75.01789855957031
2021-12-03,15712.0400390625,17196.69921875,1782.0,74.9834976196289
2021-12-06,15846.16015625,16912.25,1777.5,75.23400115966797
2021-12-07,16325.66015625,17176.69921875,1782.5999755859375,75.39129638671875
2021-12-08,16394.33984375,17469.75,1783.4000244140625,75.40859985351562
2021-12-09,16149.5703125,17516.849609375,1774.5999755859375,75.38330078125
2021-12-10,16331.98046875,17511.30078125,1782.9000244140625,75.59919738769531
2021-12-13,16082.5498046875,17368.25,1786.300048828125,75.70999908447266
2021-12-14,15914.900390625,17324.900390625,1770.4000244140625,75.82689666748047
2021-12-15,16289.58984375,17221.400390625,1762.5999755859375,76.04720306396484
2021-12-16,15863.9404296875,17248.400390625,1796.5999755859375,76.2114028930664
2021-12-17,15801.4599609375,16985.19921875,1803.800048828125,76.1675033569336
2021-12-20,15627.6396484375,16614.19921875,1793.699951171875,76.00599670410156
2021-12-21,15986.2802734375,16770.849609375,1787.9000244140625,75.75869750976562
2021-12-22,16180.1396484375,16955.44921875,1801.5999755859375,75.6864013671875
2021-12-23,16308.2099609375,17072.599609375,1811.199951171875,75.45850372314453
2021-12-24,,17003.75,,75.06739807128906
2021-12-27,16567.5,17086.25,1808.0999755859375,75.31500244140625
2021-12-28,16488.66015625,17233.25,1810.199951171875,74.98030090332031
2021-12-29,16491.009765625,17213.599609375,1805.0999755859375,74.74500274658203
2021-12-30,16429.099609375,17203.94921875,1812.699951171875,74.57029724121094
2021-12-31,16320.080078125,17354.05078125,1827.5,74.43119812011719
2022-01-03,16501.76953125,17625.69921875,1799.4000244140625,74.51380157470703
2022-01-04,16279.73046875,17805.25,1814.0,74.4032974243164
2022-01-05,15771.7802734375,17925.25,1824.5999755859375,74.53489685058594
2022-01-06,15765.3603515625,17745.900390625,1788.699951171875,74.43009948730469
2022-01-07,15592.1904296875,17812.69921875,1797.0,74.41929626464844
2022-01-10,15614.4296875,18003.30078125,1798.4000244140625,74.2699966430664
2022-01-11,15844.1201171875,18055.75,1818.5999755859375,74.05699920654297
2022-01-12,15905.099609375,18212.349609375,1827.199951171875,73.81529998779297
2022-01-13,15495.6201171875,18257.80078125,1821.199951171875,73.79910278320312
2022-01-14,15611.58984375,18255.75,1816.5,73.97229766845703
2022-01-17,,18308.099609375,,74.37899780273438
2022-01-18,15210.759765625,18113.05078125,1812.300048828125,74.25509643554688
2022-01-19,15047.83984375,17938.400390625,1843.0999755859375,74.61969757080078
2022-01-20,14846.4599609375,17757.0,1842.5,74.44920349121094
2022-01-21,14438.400390625,17617.150390625,1831.800048828125,74.45220184326172
2022-01-24,14509.580078125,17149.099609375,1841.699951171875,74.41320037841797
2022-01-25,14149.1201171875,17277.94921875,1852.699951171875,74.6447982788086
2022-01-26,14172.759765625,,1829.9000244140625,74.77999877929688
2022-01-27,14003.1103515625,17110.150390625,1793.300048828125,74.8949966430664
2022-01-28,14454.6103515625,17101.94921875,1784.9000244140625,75.20929718017578
2022-01-31,14930.0498046875,17339.849609375,1795.0,75.03900146484375
2022-02-01,15019.6796875,17576.849609375,1800.300048828125,74.55580139160156
2022-02-02,15139.740234375,17780.0,1809.199951171875,74.74549865722656
2022-02-03,14501.1103515625,17560.19921875,1803.0,74.82240295410156
2022-02-04,14694.349609375,17516.30078125,1806.5999755859375,74.6438980102539
2022-02-07,14571.25,17213.599609375,1820.5999755859375,74.64219665527344
2022-02-08,14747.0302734375,17266.75,1826.5999755859375,74.6583023071289
2022-02-09,15056.9599609375,17463.80078125,1835.199951171875,74.69519805908203
2022-02-10,14705.6396484375,17605.849609375,1836.199951171875,74.80889892578125
2022-02-11,14253.83984375,17374.75,1840.800048828125,75.53839874267578
2022-02-14,14268.58984375,16842.80078125,1868.0,75.34100341796875
2022-02-15,14620.8203125,17352.44921875,1854.800048828125,75.6854019165039
2022-02-16,14603.6396484375,17322.19921875,1870.199951171875,75.17479705810547
2022-02-17,14171.740234375,17304.599609375,1900.699951171875,75.04199981689453
2022-02-18,14009.5400390625,17276.30078125,1898.5999755859375,75.06300354003906
2022-02-21,,17206.650390625,,74.68240356445312
2022-02-22,13870.5302734375,17092.19921875,1906.0999755859375,74.51699829101562
2022-02-23,13509.4296875,17063.25,1909.199951171875,74.62300109863281
2022-02-24,13974.669921875,16247.9501953125,1925.0999755859375,74.63300323486328
2022-02-25,14189.16015625,16658.400390625,1886.5,75.4083023071289
2022-02-28,14237.8095703125,16793.900390625,1899.4000244140625,75.06800079345703
2022-03-01,14005.990234375,,1942.4000244140625,75.28479766845703
2022-03-02,14243.6904296875,16605.94921875,1920.9000244140625,75.80120086669922
2022-03-03,14035.2099609375,16498.05078125,1934.4000244140625,75.63099670410156
2022-03-04,13837.830078125,16245.349609375,1965.0999755859375,75.8917007446289
2022-03-07,13319.3798828125,15863.150390625,1993.9000244140625,76.41799926757812
2022-03-08,13267.6103515625,16013.4501953125,2040.0999755859375,77.08080291748047
2022-03-09,13742.2001953125,16345.349609375,1985.9000244140625,76.91449737548828
2022-03-10,13591.0,16594.900390625,1998.0999755859375,76.13490295410156
2022-03-11,13301.830078125,16630.44921875,1982.699951171875,76.310302734375
2022-03-14,13046.6396484375,16871.30078125,1959.5999755859375,76.75370025634766
2022-03-15,13458.5595703125,16663.0,1928.5,76.49009704589844
2022-03-16,13956.7900390625,16975.349609375,1908.0,76.26589965820312
2022-03-17,14118.599609375,17287.05078125,1942.0999755859375,76.02420043945312
2022-03-18,14420.080078125,,1928.199951171875,75.98159790039062
2022-03-21,14376.08984375,17117.599609375,1928.5999755859375,75.94640350341797
2022-03-22,14654.330078125,17315.5,1920.699951171875,76.30709838867188
2022-03-23,14447.5498046875,17245.650390625,1936.5999755859375,76.10189819335938
2022-03-24,14765.6904296875,17222.75,1961.5999755859375,76.55239868164062
2022-03-25,14754.3095703125,17153.0,1953.800048828125,76.32350158691406
2022-03-27,,,,76.27850341796875
2022-03-28,14987.400390625,17222.0,1939.5999755859375,76.03410339355469
2022-03-29,15239.3203125,17325.30078125,1912.0,75.66670227050781
2022-03-30,15071.5498046875,17498.25,1933.5,75.82779693603516
2022-03-31,14838.490234375,17464.75,1949.199951171875,75.9092025756836
2022-04-01,14861.2099609375,17670.44921875,1919.0999755859375,
2022-04-03,,,,75.99479675292969
2022-04-04,15159.580078125,18053.400390625,1929.199951171875,75.47799682617188
2022-04-05,14820.6396484375,17957.400390625,1922.9000244140625,75.45069885253906
2022-04-06,14498.8896484375,17807.650390625,1918.4000244140625,75.94509887695312
2022-04-07,14531.8095703125,17639.55078125,1933.800048828125,75.91320037841797
2022-04-08,14327.259765625,17784.349609375,1941.5999755859375,
2022-04-10,,,,75.91729736328125
2022-04-11,13990.2099609375,17674.94921875,1944.300048828125,75.83699798583984
2022-04-12,13940.240234375,17530.30078125,1972.0999755859375,76.1498031616211
2022-04-13,14217.2900390625,17475.650390625,1981.0,76.12169647216797
2022-04-14,13893.2099609375,,1970.9000244140625,76.30879974365234
2022-04-17,,,,76.3313980102539
2022-04-18,13910.759765625,17173.650390625,1982.9000244140625,76.28019714355469
2022-04-19,14210.259765625,16958.650390625,1955.699951171875,76.44539642333984
2022-04-20,13998.5302734375,17136.55078125,1952.300048828125,76.27619934082031
2022-04-21,13720.4501953125,17392.599609375,1944.9000244140625,76.28520202636719
2022-04-22,13356.8701171875,17171.94921875,1931.0,
2022-04-24,,,,76.4635009765625
2022-04-25,13533.2197265625,16953.94921875,1893.199951171875,76.52780151367188
2022-04-26,13009.7099609375,17200.80078125,1901.4000244140625,76.79409790039062
2022-04-27,13003.3603515625,17038.400390625,1885.9000244140625,76.47219848632812
2022-04-28,13456.0595703125,17245.05078125,1888.699951171875,76.58899688720703
2022-04-29,12854.7998046875,17102.55078125,1909.300048828125,
2022-05-01,,,,76.52310180664062
2022-05-02,13075.849609375,17069.099609375,1861.800048828125,76.52410125732422
2022-05-03,13089.900390625,,1868.800048828125,76.46730041503906
2022-05-04,13535.7099609375,16677.599609375,1867.0,76.00160217285156
2022-05-05,12850.5498046875,16682.650390625,1874.0,76.54180145263672
2022-05-06,12693.5302734375,16411.25,1881.199951171875,
2022-05-08,,,,76.9574966430664
2022-05-09,12187.7197265625,16301.849609375,1857.0999755859375,77.3655014038086
2022-05-10,12345.8603515625,16240.0498046875,1839.9000244140625,77.27140045166016
2022-05-11,11967.5595703125,16167.099609375,1852.5999755859375,77.41840362548828
2022-05-12,11945.5,15808.0,1823.800048828125,77.44380187988281
2022-05-13,12387.400390625,15782.150390625,1807.4000244140625,
2022-05-15,,,,77.48629760742188
2022-05-16,12243.580078125,15842.2998046875,1813.5,77.8053970336914
2022-05-17,12564.099609375,16259.2998046875,1818.199951171875,77.37239837646484
2022-05-18,11928.3095703125,16240.2998046875,1815.9000244140625,77.81999969482422
2022-05-19,11875.6298828125,15809.400390625,1841.199951171875,77.42109680175781
2022-05-20,11835.6201171875,16266.150390625,1841.800048828125,
2022-05-22,,,,77.81839752197266
2022-05-23,12034.2802734375,16214.7001953125,1847.800048828125,77.52680206298828
2022-05-24,11769.83984375,16125.150390625,1865.0999755859375,77.47879791259766
2022-05-25,11943.9296875,16025.7998046875,1846.199951171875,77.49729919433594
2022-05-26,12276.7900390625,16170.150390625,1847.4000244140625,77.63020324707031
2022-05-27,12681.419921875,16352.4501953125,1851.300048828125,
2022-05-29,,,,77.69200134277344
2022-05-30,,16661.400390625,,77.5208969116211
2022-05-31,12642.099609375,16584.55078125,1842.699951171875,77.5989990234375
2022-06-01,12548.3603515625,16522.75,1843.300048828125,77.58409881591797
2022-06-02,12892.8896484375,16628.0,1866.5,77.3604965209961
2022-06-03,12548.0302734375,16584.30078125,1845.4000244140625,
2022-06-05,,,,77.69419860839844
2022-06-06,12599.6298828125,16569.55078125,1839.199951171875,77.82099914550781
2022-06-07,12711.6796875,16416.349609375,1847.5,77.67060089111328
2022-06-08,12615.1298828125,16356.25,1851.9000244140625,77.72429656982422
2022-06-09,12269.7802734375,16478.099609375,1848.800048828125,77.8187026977539
2022-06-10,11832.8203125,16201.7998046875,1871.5,
2022-06-12,,,,78.17759704589844
2022-06-13,11288.3203125,15774.400390625,1828.0,78.16059875488281
2022-06-14,11311.6904296875,15732.099609375,1809.5,77.9854965209961
2022-06-15,11593.76953125,15692.150390625,1815.300048828125,77.90019989013672
2022-06-16,11127.5703125,15360.599609375,1845.699951171875,77.97769927978516
2022-06-17,11265.990234375,15293.5,1835.5999755859375,
2022-06-19,,,,77.9614028930664
2022-06-20,,15350.150390625,,77.93399810791016
2022-06-21,11546.759765625,15638.7998046875,1834.5999755859375,78.13490295410156
2022-06-22,11527.7099609375,15413.2998046875,1834.300048828125,78.19309997558594
2022-06-23,11697.6796875,15556.650390625,1825.699951171875,78.14240264892578
2022-06-24,12105.849609375,15699.25,1826.5,
2022-06-26,,,,78.2522964477539
2022-06-27,12008.240234375,15832.0498046875,1820.9000244140625,78.44110107421875
2022-06-28,11637.76953125,15850.2001953125,1817.5,79.07319641113281
2022-06-29,11658.259765625,15799.099609375,1813.699951171875,78.89830017089844
2022-06-30,11503.7197265625,15780.25,1804.0999755859375,78.96299743652344
2022-07-01,11585.6796875,15752.0498046875,1798.9000244140625,
2022-07-03,,,,78.95069885253906
2022-07-04,,15835.349609375,,78.93949890136719
2022-07-05,11779.900390625,15810.849609375,1761.800048828125,79.36840057373047
2022-07-06,11852.58984375,15989.7998046875,1734.9000244140625,79.04389953613281
2022-07-07,12109.0498046875,16132.900390625,1737.9000244140625,79.22160339355469
2022-07-08,12125.6904296875,16220.599609375,1740.5999755859375,
2022-07-10,,,,79.3313980102539
2022-07-11,11860.2802734375,16216.0,1730.0,79.47779846191406
2022-07-12,11744.990234375,16058.2998046875,1723.300048828125,79.47640228271484
2022-07-13,11728.5302734375,15966.650390625,1734.199951171875,79.80750274658203
2022-07-14,11768.400390625,15938.650390625,1704.5,79.87830352783203
2022-07-15,11983.6201171875,16049.2001953125,1702.4000244140625,
2022-07-17,,,,79.72049713134766
2022-07-18,11877.5,16278.5,1709.199951171875,80.0302963256836
2022-07-19,12249.419921875,16340.5498046875,1710.0,79.85590362548828
2022-07-20,12439.6796875,16520.849609375,1699.5,80.00340270996094
2022-07-21,12619.41015625,16605.25,1712.699951171875,79.7759017944336
2022-07-22,12396.4697265625,16719.44921875,1727.0999755859375,
2022-07-24,,,,79.87680053710938
2022-07-25,12328.41015625,16631.0,1719.0,79.72250366210938
2022-07-26,12086.900390625,16483.849609375,1717.699951171875,79.84120178222656
2022-07-27,12601.4697265625,16641.80078125,1719.0999755859375,79.84739685058594
2022-07-28,12717.8701171875,16929.599609375,1750.300048828125,79.57150268554688
2022-07-29,12947.9697265625,17158.25,1762.9000244140625,
2022-07-31,,,,79.1948013305664
2022-08-01,12940.7802734375,17340.05078125,1769.0,78.95570373535156
2022-08-02,12901.599609375,17345.44921875,1771.0999755859375,78.60449981689453
2022-08-03,13253.259765625,17388.150390625,1758.0,79.11830139160156
2022-08-04,13311.0400390625,17382.0,1788.5,79.15489959716797
2022-08-05,13207.6904296875,17397.5,1772.9000244140625,
2022-08-07,,,,79.41059875488281
2022-08-08,13159.16015625,17525.099609375,1786.800048828125,79.60189819335938
2022-08-09,13008.169921875,,1794.0,79.57839965820312
2022-08-10,13378.3203125,17534.75,1795.5999755859375,79.0978012084961
2022-08-11,13291.990234375,17659.0,1789.699951171875,79.61399841308594
2022-08-12,13565.8701171875,17698.150390625,1798.5999755859375,
2022-08-14,,,,79.62760162353516
2022-08-15,13667.1796875,,1781.4000244140625,79.55290222167969
2022-08-16,13635.2099609375,17825.25,1773.199951171875,79.14600372314453
2022-08-17,13470.8603515625,17944.25,1760.300048828125,79.35970306396484
2022-08-18,13505.990234375,17956.5,1755.300048828125,79.7667007446289
2022-08-19,13242.900390625,17758.44921875,1747.5999755859375,
2022-08-21,,,,79.91790008544922
2022-08-22,12890.5400390625,17490.69921875,1734.0,79.88379669189453
2022-08-23,12881.7900390625,17577.5,1746.800048828125,79.85449981689453
2022-08-24,12917.8603515625,17604.94921875,1747.800048828125,79.79679870605469
2022-08-25,13143.580078125,17522.44921875,1757.699951171875,79.88289642333984
2022-08-26,12605.169921875,17558.900390625,1736.0999755859375,
2022-08-28,,,,79.95909881591797
2022-08-29,12484.3203125,17312.900390625,1736.5999755859375,79.96790313720703
2022-08-30,12342.7001953125,17759.30078125,1723.199951171875,79.68229675292969
2022-08-31,12272.0302734375,,1712.800048828125,79.54879760742188
2022-09-01,12274.6201171875,17542.80078125,1696.5999755859375,79.716796875
2022-09-02,12098.4404296875,17539.44921875,1709.800048828125,
2022-09-04,,,,79.72450256347656
2022-09-05,,17665.80078125,,79.78299713134766
2022-09-06,12011.3095703125,17655.599609375,1700.4000244140625,79.89510345458984
2022-09-07,12259.3896484375,17624.400390625,1715.300048828125,79.6498031616211
2022-09-08,12321.1904296875,17798.75,1708.0,79.706298828125
2022-09-09,12588.2900390625,17833.349609375,1716.199951171875,
2022-09-11,,,,79.65579986572266
2022-09-12,12739.7197265625,17936.349609375,1728.0999755859375,79.35530090332031
2022-09-13,12033.6201171875,18070.05078125,1705.0,79.60240173339844
2022-09-14,12134.400390625,18003.75,1696.5,79.45369720458984
2022-09-15,11927.490234375,17877.400390625,1665.4000244140625,79.8490982055664
2022-09-16,11861.3798828125,17530.849609375,1671.699951171875,
2022-09-18,,,,79.68949890136719
2022-09-19,11953.26953125,17622.25,1666.199951171875,79.7074966430664
2022-09-20,11851.5400390625,17816.25,1659.699951171875,79.76270294189453
2022-09-21,11637.7900390625,17718.349609375,1664.5999755859375,80.05069732666016
2022-09-22,11501.650390625,17629.80078125,1670.800048828125,81.06220245361328
2022-09-23,11311.240234375,17327.349609375,1645.300048828125,
2022-09-25,,,,81.25479888916016
2022-09-26,11254.1103515625,17016.30078125,1623.300048828125,81.61579895019531
2022-09-27,11271.75,17007.400390625,1626.699951171875,81.72460174560547
2022-09-28,11493.830078125,16858.599609375,1660.4000244140625,81.42870330810547
2022-09-29,11164.7802734375,16818.099609375,1658.5,81.48059844970703
2022-09-30,10971.2197265625,17094.349609375,1662.4000244140625,
2022-10-02,,,,81.52130126953125
2022-10-03,11229.73046875,16887.349609375,1692.9000244140625,81.49500274658203
2022-10-04,11582.5400390625,17274.30078125,1721.0999755859375,81.46549987792969
2022-10-05,11573.1796875,,1711.4000244140625,81.6488037109375
2022-10-06,11485.5,17331.80078125,1711.699951171875,82.3489990234375
2022-10-07,11039.4697265625,17314.650390625,1700.5,
2022-10-09,,,,82.8322982788086
2022-10-10,10926.9697265625,17241.0,1667.300048828125,82.42070007324219
2022-10-11,10791.349609375,16983.55078125,1678.699951171875,82.2739028930664
2022-10-12,10785.6201171875,17123.599609375,1670.300048828125,82.19999694824219
2022-10-13,11033.580078125,17014.349609375,1670.0,82.19210052490234
2022-10-14,10692.0595703125,17185.69921875,1641.699951171875,
2022-10-16,,,,82.41280364990234
2022-10-17,11062.5302734375,17311.80078125,1657.0,82.1947021484375
2022-10-18,11147.740234375,17486.94921875,1649.0,82.2863998413086
2022-10-19,11103.3798828125,17512.25,1627.5,82.99700164794922
2022-10-20,11046.7099609375,17563.94921875,1630.800048828125,82.82569885253906
2022-10-21,11310.330078125,17576.30078125,1651.0,
2022-10-23,,,,82.54129791259766
2022-10-24,11430.259765625,17730.75,1648.699951171875,82.7614974975586
2022-10-25,11669.990234375,17656.349609375,1652.800048828125,82.44529724121094
2022-10-26,11405.900390625,,1664.0,82.04959869384766
2022-10-27,11191.6298828125,17736.94921875,1660.699951171875,82.44249725341797
2022-10-28,11546.2099609375,17786.80078125,1639.5999755859375,
2022-10-31,11405.5703125,18012.19921875,1635.9000244140625,82.23919677734375
2022-11-01,11288.9501953125,18145.400390625,1645.0,82.72899627685547
2022-11-02,10906.33984375,18082.849609375,1645.699951171875,82.68450164794922
2022-11-03,10690.599609375,18052.69921875,1627.300048828125,82.88839721679688
2022-11-04,10857.0302734375,18117.150390625,1672.5,82.68180084228516
2022-11-07,10977.0,18202.80078125,1676.5,81.9749984741211
2022-11-08,11059.5,,1712.0999755859375,81.82599639892578
2022-11-09,10797.5498046875,18157.0,1710.0999755859375,81.40519714355469
2022-11-10,11605.9599609375,18028.19921875,1750.300048828125,81.34380340576172
2022-11-11,11817.009765625,18349.69921875,1766.0,80.48290252685547
2022-11-14,11700.9404296875,18329.150390625,1773.5999755859375,80.49700164794922
2022-11-15,11871.150390625,18403.400390625,1773.800048828125,80.99199676513672
2022-11-16,11699.08984375,18409.650390625,1773.0,81.07140350341797
2022-11-17,11676.8603515625,18343.900390625,1760.800048828125,81.49530029296875
2022-11-18,11677.01953125,18307.650390625,1751.9000244140625,81.52490234375
2022-11-21,11553.4501953125,18159.94921875,1737.4000244140625,81.5198974609375
2022-11-22,11724.83984375,18244.19921875,1738.300048828125,81.72769927978516
2022-11-23,11838.7197265625,18267.25,1744.9000244140625,81.71499633789062
2022-11-24,,18484.099609375,,81.63289642333984
2022-11-25,11756.0302734375,18512.75,1753.300048828125,81.65540313720703
2022-11-28,11587.75,18562.75,1740.0999755859375,81.6697006225586
2022-11-29,11503.4501953125,18618.05078125,1748.4000244140625,81.65029907226562
2022-11-30,12030.0595703125,18758.349609375,1746.0,81.63089752197266
2022-12-01,12041.8896484375,18812.5,1801.0999755859375,81.3052978515625
2022-12-02,11994.259765625,18696.099609375,1795.9000244140625,81.16220092773438
2022-12-05,11786.7998046875,18701.05078125,1767.4000244140625,81.42250061035156
2022-12-06,11549.6904296875,18642.75,1769.300048828125,81.89900207519531
2022-12-07,11497.3896484375,18560.5,1785.5,82.37220001220703
2022-12-08,11637.5,18609.349609375,1788.699951171875,82.25350189208984
2022-12-09,11563.330078125,18496.599609375,1798.0999755859375,82.2791976928711
2022-12-12,11706.4404296875,18497.150390625,1780.5,82.41300201416016
2022-12-13,11834.2099609375,18608.0,1813.9000244140625,82.64469909667969
2022-12-14,11740.919921875,18660.30078125,1807.5,82.40249633789062
2022-12-15,11345.2197265625,18414.900390625,1777.199951171875,82.50800323486328
2022-12-16,11243.7197265625,18269.0,1790.0,82.85790252685547
2022-12-19,11084.58984375,18420.44921875,1787.699951171875,82.72599792480469
2022-12-20,11072.419921875,18385.30078125,1815.9000244140625,82.58190155029297
2022-12-21,11235.8798828125,18199.099609375,1815.9000244140625,82.63690185546875
2022-12-22,10956.1396484375,18127.349609375,1787.0,82.87860107421875
2022-12-23,10985.4501953125,17806.80078125,1795.9000244140625,82.8749008178711
2022-12-26,,18014.599609375,,82.6041030883789
2022-12-27,10822.509765625,18132.30078125,1814.800048828125,82.90290069580078
2022-12-28,10679.33984375,18122.5,1807.9000244140625,82.7761001586914
2022-12-29,10951.0498046875,18191.0,1819.5,82.85199737548828
2022-12-30,10939.759765625,18105.30078125,1819.699951171875,82.83509826660156
2023-01-02,,18197.44921875,,82.74980163574219
2023-01-03,10862.6396484375,18232.55078125,1839.699951171875,82.70600128173828
2023-01-04,10914.7998046875,18042.94921875,1852.800048828125,82.78569793701172
2023-01-05,10741.2197265625,17992.150390625,1834.800048828125,82.66649627685547
2023-01-06,11040.349609375,17859.44921875,1864.199951171875,82.64520263671875
2023-01-09,11108.4501953125,18101.19921875,1872.699951171875,82.27339935302734
2023-01-10,11205.7802734375,17914.150390625,1871.5999755859375,82.18009948730469
2023-01-11,11402.51953125,17895.69921875,1874.5999755859375,81.63739776611328
2023-01-12,11459.6103515625,17858.19921875,1895.5,81.63179779052734
2023-01-13,11541.48046875,17956.599609375,1918.4000244140625,81.1156005859375
2023-01-16,,17894.849609375,,81.27799987792969
2023-01-17,11557.1904296875,18053.30078125,1907.199951171875,81.65260314941406
2023-01-18,11410.2900390625,18165.349609375,1904.4000244140625,81.52549743652344
2023-01-19,11295.669921875,18107.849609375,1922.0999755859375,81.43599700927734
2023-01-20,11619.0302734375,18027.650390625,1926.4000244140625,81.23979949951172
2023-01-23,11872.5400390625,18118.55078125,1927.0999755859375,80.97599792480469
2023-01-24,11846.6396484375,18118.30078125,1933.9000244140625,81.48799896240234
2023-01-25,11814.6904296875,17891.94921875,1941.199951171875,81.60189819335938
2023-01-26,12051.48046875,,1929.0999755859375,81.50270080566406
2023-01-27,12166.599609375,17604.349609375,1928.5999755859375,81.44509887695312
2023-01-30,11912.3896484375,17648.94921875,1922.9000244140625,81.50800323486328
2023-01-31,12101.9296875,17662.150390625,1929.5,81.57990264892578
2023-02-01,12363.099609375,17616.30078125,1927.800048828125,81.76840209960938
2023-02-02,12803.1396484375,17610.400390625,1916.300048828125,81.71029663085938
2023-02-03,12573.3603515625,17854.05078125,1862.9000244140625,82.0458984375
2023-02-06,12464.509765625,17764.599609375,1866.199951171875,82.22599792480469
2023-02-07,12728.26953125,17721.5,1871.699951171875,82.75499725341797
2023-02-08,12495.3798828125,17871.69921875,1877.4000244140625,82.74189758300781
2023-02-09,12381.169921875,17893.44921875,1866.199951171875,82.65950012207031
2023-02-10,12304.919921875,17856.5,1862.800048828125,82.533203125
2023-02-13,12502.3095703125,17770.900390625,1851.9000244140625,82.51300048828125
2023-02-14,12590.8896484375,17929.849609375,1854.0,82.59739685058594
2023-02-15,12687.8896484375,18015.849609375,1834.199951171875,82.86759948730469
2023-02-16,12442.48046875,18035.849609375,1842.0,82.73770141601562
2023-02-17,12358.1796875,17944.19921875,1840.4000244140625,82.69529724121094
2023-02-20,,17844.599609375,,82.75800323486328
2023-02-21,12060.2998046875,17826.69921875,1833.0,82.69750213623047
2023-02-22,12066.26953125,17554.30078125,1832.0,82.86119842529297
2023-02-23,12180.1396484375,17511.25,1818.0,82.83529663085938
2023-02-24,11969.650390625,17465.80078125,1808.800048828125,82.6178970336914
2023-02-27,12057.7900390625,17392.69921875,1817.0,82.91799926757812
2023-02-28,12042.1201171875,17303.94921875,1828.9000244140625,82.6520004272461
2023-03-01,11938.5703125,17450.900390625,1837.699951171875,82.6353988647461
2023-03-02,12044.8701171875,17321.900390625,1833.5,82.4198989868164
2023-03-03,12290.8095703125,17594.349609375,1847.699951171875,82.35569763183594
2023-03-06,12302.48046875,17711.44921875,1847.9000244140625,81.7125015258789
2023-03-07,12152.169921875,,1813.9000244140625,81.85440063476562
2023-03-08,12215.330078125,17754.400390625,1812.699951171875,82.07460021972656
2023-03-09,11995.8798828125,17589.599609375,1829.300048828125,81.9645004272461
2023-03-10,11830.2802734375,17412.900390625,1862.0,82.01840209960938
2023-03-13,11923.169921875,17154.30078125,1911.699951171875,81.95800018310547
2023-03-14,12199.7900390625,17043.30078125,1906.199951171875,82.41739654541016
2023-03-15,12251.3203125,16972.150390625,1926.5999755859375,82.30490112304688
2023-03-16,12581.3896484375,16985.599609375,1919.0,82.7156982421875
2023-03-17,12519.8798828125,17100.05078125,1969.800048828125,82.622802734375
2023-03-20,12562.6103515625,16988.400390625,1979.199951171875,82.53299713134766
2023-03-21,12741.4404296875,17107.5,1938.0,82.52909851074219
2023-03-22,12567.150390625,17151.900390625,1946.800048828125,82.677001953125
2023-03-23,12729.23046875,17076.900390625,1993.800048828125,82.52580261230469
2023-03-24,12767.0498046875,16945.05078125,1982.0999755859375,82.26529693603516
2023-03-26,,,,82.33879852294922
2023-03-27,12673.0703125,16985.69921875,1952.4000244140625,82.21489715576172
2023-03-28,12610.5703125,16951.69921875,1972.4000244140625,82.16429901123047
2023-03-29,12846.0302734375,17080.69921875,1966.0999755859375,82.25540161132812
2023-03-30,12963.1396484375,,1980.300048828125,82.10050201416016
2023-03-31,13181.349609375,17359.75,1969.0,
2023-04-02,,,,82.18479919433594
2023-04-03,13148.349609375,17398.05078125,1983.9000244140625,82.14089965820312
2023-04-04,13100.080078125,,2022.199951171875,82.11479949951172
2023-04-05,12967.2001953125,17557.05078125,2020.9000244140625,81.94999694824219
2023-04-06,13062.599609375,17599.150390625,2011.9000244140625,81.831298828125
2023-04-09,,,,81.88480377197266
2023-04-10,13051.23046875,17624.05078125,1989.0999755859375,81.98390197753906
2023-04-11,12964.150390625,17722.30078125,2004.800048828125,82.07009887695312
2023-04-12,12848.349609375,17812.400390625,2010.9000244140625,81.96060180664062
2023-04-13,13109.3896484375,17828.0,2041.300048828125,81.68070220947266
2023-04-14,13079.51953125,,2002.199951171875,
2023-04-16,,,,81.84480285644531
2023-04-17,13087.7099609375,17706.849609375,1994.199951171875,82.00370025634766
2023-04-18,13091.7900390625,17660.150390625,2007.4000244140625,82.10790252685547
2023-04-19,13088.7099609375,17618.75,1995.199951171875,82.34010314941406
2023-04-20,12985.98046875,17624.44921875,2007.5999755859375,82.14089965820312
2023-04-21,13000.76953125,17624.05078125,1979.5,
2023-04-23,,,,82.05480194091797
2023-04-24,12969.759765625,17743.400390625,1989.0999755859375,81.85230255126953
2023-04-25,12725.1103515625,17769.25,1994.0,81.9916000366211
2023-04-26,12806.48046875,17813.599609375,1985.699951171875,81.76689910888672
2023-04-27,13160.0302734375,17915.05078125,1989.9000244140625,81.76509857177734
2023-04-28,13245.990234375,18065.0,1990.0999755859375,
2023-04-30,,,,81.74479675292969
2023-05-01,13231.4697265625,,1983.4000244140625,81.77469635009766
2023-05-02,13113.66015625,18147.650390625,2014.300048828125,81.77870178222656
2023-05-03,13030.2099609375,18089.849609375,2028.5999755859375,81.77999877929688
2023-05-04,12982.48046875,18255.80078125,2048.0,81.71610260009766
2023-05-05,13259.1298828125,18069.0,2017.4000244140625,
2023-05-07,,,,81.72979736328125
2023-05-08,13291.6396484375,18264.400390625,2026.300048828125,81.78710174560547
2023-05-09,13201.1103515625,18265.94921875,2036.199951171875,82.1050033569336
2023-05-10,13347.830078125,18315.099609375,2030.5,81.9198989868164
2023-05-11,13389.7802734375,18297.0,2014.699951171875,82.10030364990234
2023-05-12,13340.1796875,18314.80078125,2014.5,
2023-05-14,,,,82.20030212402344
2023-05-15,13413.509765625,18398.849609375,2018.0,82.2667007446289
2023-05-16,13426.009765625,18286.5,1988.4000244140625,82.2959976196289
2023-05-17,13589.259765625,18181.75,1980.699951171875,82.45030212402344
2023-05-18,13834.6201171875,18129.94921875,1956.5,82.72509765625
2023-05-19,13803.490234375,18203.400390625,1978.699951171875,
2023-05-21,,,,82.90480041503906
2023-05-22,13849.740234375,18314.400390625,1974.800048828125,82.82499694824219
2023-05-23,13672.5400390625,18348.0,1972.4000244140625,82.8906021118164
2023-05-24,13604.48046875,18285.400390625,1962.800048828125,82.71369934082031
2023-05-25,13938.5302734375,18321.150390625,1943.0999755859375,82.74210357666016
2023-05-26,14298.41015625,18499.349609375,1944.0999755859375,
2023-05-28,,,,82.57479858398438
2023-05-29,,18598.650390625,,82.57969665527344
2023-05-30,14354.990234375,18633.849609375,1958.0,82.68389892578125
2023-05-31,14254.08984375,18534.400390625,1963.9000244140625,82.66680145263672
2023-06-01,14441.509765625,18487.75,1978.0,82.27670288085938
2023-06-02,14546.6396484375,18534.099609375,1952.4000244140625,
2023-06-04,,,,82.40979766845703
2023-06-05,14556.5,18593.849609375,1958.0,82.51119995117188
2023-06-06,14558.08984375,18599.0,1965.5,82.51719665527344
2023-06-07,14303.2900390625,18726.400390625,1942.699951171875,82.61810302734375
2023-06-08,14484.5400390625,18634.55078125,1963.5999755859375,82.48829650878906
2023-06-09,14528.3603515625,18563.400390625,1962.199951171875,
2023-06-11,,,,82.4448013305664
2023-06-12,14784.2998046875,18601.5,1955.300048828125,82.33719635009766
2023-06-13,14900.849609375,18716.150390625,1944.5999755859375,82.29039764404297
2023-06-14,15005.6904296875,18755.900390625,1955.300048828125,82.04499816894531
2023-06-15,15185.48046875,18688.099609375,1957.800048828125,81.9126968383789
2023-06-16,15083.919921875,18826.0,1958.4000244140625,
2023-06-18,,,,81.91480255126953
2023-06-19,,18755.44921875,,81.98139953613281
2023-06-20,15070.150390625,18816.69921875,1935.5,81.9917984008789
2023-06-21,14867.4501953125,18856.849609375,1933.300048828125,81.94149780273438
2023-06-22,15042.3203125,18771.25,1912.699951171875,81.91929626464844
2023-06-23,14891.48046875,18665.5,1919.0999755859375,
2023-06-25,,,,81.98480224609375
2023-06-26,14689.01953125,18691.19921875,1923.699951171875,82.00650024414062
2023-06-27,14945.91015625,18817.400390625,1914.0,81.99839782714844
2023-06-28,14964.5703125,18972.099609375,1912.300048828125,82.02649688720703
2023-06-29,14939.9501953125,,1909.199951171875,82.07540130615234
2023-06-30,15179.2099609375,19189.05078125,1921.0999755859375,
2023-07-02,,,,82.09629821777344
2023-07-03,15208.6904296875,19322.55078125,1921.699951171875,81.95010375976562
2023-07-04,,19389.0,,82.0071029663086
2023-07-05,15203.7802734375,19398.5,1919.5999755859375,82.39409637451172
2023-07-06,15089.4501953125,19497.30078125,1908.699951171875,82.76840209960938
2023-07-07,15036.849609375,19331.80078125,1926.199951171875,
2023-07-09,,,,82.61530303955078
2023-07-10,15045.6396484375,19355.900390625,1925.0,82.52529907226562
2023-07-11,15119.0595703125,19439.400390625,1931.300048828125,82.39990234375
2023-07-12,15307.23046875,19384.30078125,1956.199951171875,82.00180053710938
2023-07-13,15571.98046875,19413.75,1959.199951171875,82.03079986572266
2023-07-14,15565.599609375,19564.5,1960.0999755859375,
2023-07-16,,,,82.07679748535156
2023-07-17,15713.2802734375,19711.44921875,1952.4000244140625,82.06159973144531
2023-07-18,15841.349609375,19749.25,1977.199951171875,82.07540130615234
2023-07-19,15826.349609375,19833.150390625,1977.5,82.06169891357422
2023-07-20,15466.08984375,19979.150390625,1968.300048828125,82.0823974609375
2023-07-21,15425.669921875,19745.0,1964.300048828125,
2023-07-23,,,,81.99030303955078
2023-07-24,15448.01953125,19672.349609375,1960.300048828125,81.81420135498047
2023-07-25,15561.419921875,19680.599609375,1962.0999755859375,81.95010375976562
2023-07-26,15499.259765625,19778.30078125,1968.9000244140625,81.97550201416016
2023-07-27,15464.9296875,19659.900390625,1945.4000244140625,82.3749008178711
2023-07-28,15750.9296875,19646.05078125,1960.4000244140625,
2023-07-30,,,,82.25279998779297
2023-07-31,15757.0,19753.80078125,1970.5,82.2332992553711
2023-08-01,15718.009765625,19733.55078125,1940.699951171875,82.30729675292969
2023-08-02,15370.740234375,19526.55078125,1937.4000244140625,82.7332992553711
2023-08-03,15353.5400390625,19381.650390625,1932.0,82.7843017578125
2023-08-04,15274.919921875,19517.0,1939.5999755859375,
2023-08-06,,,,82.69529724121094
2023-08-07,15407.849609375,19597.30078125,1933.5,82.74829864501953
2023-08-08,15273.0498046875,19570.849609375,1924.0999755859375,82.84500122070312
2023-08-09,15101.7099609375,19632.55078125,1915.4000244140625,82.86630249023438
2023-08-10,15128.83984375,19543.099609375,1914.4000244140625,82.79989624023438
2023-08-11,15028.0703125,19428.30078125,1912.9000244140625,
2023-08-13,,,,82.89730072021484
2023-08-14,15205.58984375,19434.55078125,1910.5999755859375,83.2333984375
2023-08-15,15037.650390625,,1902.5,83.19419860839844
2023-08-16,14876.4697265625,19465.0,1896.0999755859375,83.23699951171875
2023-08-17,14715.8095703125,19365.25,1884.0999755859375,83.09829711914062
2023-08-18,14694.83984375,19310.150390625,1886.0999755859375,
2023-08-20,,,,83.16729736328125
2023-08-21,14936.6904296875,19393.599609375,1893.300048828125,83.1135025024414
2023-08-22,14908.9599609375,19396.44921875,1896.4000244140625,83.07330322265625
2023-08-23,15148.0595703125,19444.0,1918.5,82.5447006225586
2023-08-24,14816.4404296875,19386.69921875,1918.199951171875,82.64140319824219
2023-08-25,14941.830078125,19265.80078125,1911.0999755859375,
2023-08-27,,,,82.66429901123047
2023-08-28,15052.4599609375,19306.05078125,1917.9000244140625,82.69149780273438
2023-08-29,15376.5498046875,19342.650390625,1936.5,82.49469757080078
2023-08-30,15462.4296875,19347.44921875,1944.300048828125,82.70040130615234
2023-08-31,15501.0703125,19253.80078125,1938.199951171875,82.68240356445312
2023-09-01,15490.8603515625,19435.30078125,1939.800048828125,
2023-09-03,,,,82.6969985961914
2023-09-04,,19528.80078125,,82.7345962524414
2023-09-05,15508.240234375,19574.900390625,1926.199951171875,83.08609771728516
2023-09-06,15371.4404296875,19611.05078125,1918.0999755859375,83.25740051269531
2023-09-07,15258.51953125,19727.05078125,1917.5,83.24150085449219
2023-09-08,15280.23046875,19819.94921875,1918.4000244140625,
2023-09-10,,,,83.03130340576172
2023-09-11,15461.8701171875,19996.349609375,1923.300048828125,82.94329833984375
2023-09-12,15289.740234375,19993.19921875,1911.300048828125,82.84300231933594
2023-09-13,15348.5302734375,20070.0,1909.0999755859375,82.93679809570312
2023-09-14,15473.8896484375,20103.099609375,1910.0,83.0282974243164
2023-09-15,15202.400390625,20192.349609375,1923.699951171875,
2023-09-17,,,,83.08580017089844
2023-09-18,15225.3701171875,20133.30078125,1931.5,83.25489807128906
2023-09-19,15191.23046875,,1932.0,83.19499969482422
2023-09-20,14969.919921875,19901.400390625,1945.5999755859375,83.08699798583984
2023-09-21,14694.240234375,19742.349609375,1919.199951171875,82.89129638671875
2023-09-22,14701.099609375,19674.25,1925.4000244140625,
2023-09-24,,,,82.97480010986328
2023-09-25,14768.900390625,19674.55078125,1916.5999755859375,83.0282974243164
2023-09-26,14545.830078125,19664.69921875,1900.4000244140625,83.29869842529297
2023-09-27,14580.16015625,19716.44921875,1871.5999755859375,83.22270202636719
2023-09-28,14702.76953125,19523.55078125,1860.4000244140625,83.19300079345703
2023-09-29,14715.240234375,19638.30078125,1848.0999755859375,
2023-10-01,,,,83.03479766845703
2023-10-02,14837.5703125,,1830.0,83.3593978881836
2023-10-03,14565.6201171875,19528.75,1824.5999755859375,83.22979736328125
2023-10-04,14776.25,19436.099609375,1818.5,83.44979858398438
2023-10-05,14723.2197265625,19545.75,1816.5999755859375,83.22489929199219
2023-10-06,14973.240234375,19653.5,1830.199951171875,
2023-10-08,,,,83.12460327148438
2023-10-09,15047.150390625,19512.349609375,1849.5,83.27030181884766
2023-10-10,15131.51953125,19689.849609375,1861.0,83.25029754638672
2023-10-11,15241.1201171875,19811.349609375,1872.800048828125,83.21800231933594
2023-10-12,15184.099609375,19794.0,1869.300048828125,83.26239776611328
2023-10-13,14995.1201171875,19751.05078125,1927.4000244140625,
2023-10-15,,,,83.28230285644531
2023-10-16,15172.73046875,19731.75,1921.0999755859375,83.19950103759766
2023-10-17,15122.009765625,19811.5,1922.699951171875,83.26429748535156
2023-10-18,14909.259765625,19671.099609375,1955.300048828125,83.26860046386719
2023-10-19,14783.1298828125,19624.69921875,1968.4000244140625,83.12229919433594
2023-10-20,14560.8798828125,19542.650390625,1982.5,
2023-10-22,,,,83.15979766845703
2023-10-23,14604.849609375,19281.75,1976.300048828125,83.02940368652344
2023-10-24,14745.8603515625,,1975.0,82.98780059814453
2023-10-25,14381.6396484375,19122.150390625,1984.0999755859375,83.1709976196289
2023-10-26,14109.5703125,18857.25,1987.199951171875,83.28250122070312
2023-10-27,14180.419921875,19047.25,1988.5999755859375,
2023-10-30,14335.509765625,19140.900390625,1996.199951171875,83.41339874267578
2023-10-31,14409.7802734375,19079.599609375,1985.199951171875,83.29650115966797
2023-11-01,14664.91015625,18989.150390625,1978.800048828125,83.2771987915039
2023-11-02,14919.5498046875,19133.25,1985.5999755859375,85.19400024414062
2023-11-03,15099.490234375,19230.599609375,1991.5,83.24729919433594
2023-11-06,15154.9296875,19411.75,1981.5999755859375,83.15850067138672
2023-11-07,15296.01953125,19406.69921875,1966.800048828125,83.2228012084961
2023-11-08,15313.240234375,19443.5,1951.5,83.23269653320312
2023-11-09,15187.900390625,19395.30078125,1964.199951171875,83.21769714355469
2023-11-10,15529.1201171875,19425.349609375,1932.5999755859375,83.31939697265625
2023-11-13,15482.7900390625,19443.55078125,1945.5,83.29889678955078
2023-11-14,15812.4697265625,,1961.800048828125,83.19760131835938
2023-11-15,15817.1796875,19675.44921875,1960.0999755859375,82.98159790039062
2023-11-16,15833.169921875,19765.19921875,1983.9000244140625,83.18620300292969
2023-11-17,15837.990234375,19731.80078125,1981.5999755859375,83.12030029296875
2023-11-20,16027.0595703125,19694.0,1977.699951171875,83.29149627685547
2023-11-21,15933.6201171875,19783.400390625,1999.300048828125,83.32219696044922
2023-11-22,16001.3896484375,19811.849609375,1991.4000244140625,83.345703125
2023-11-23,,19802.0,,83.54830169677734
2023-11-24,15982.009765625,19794.69921875,2002.199951171875,83.34400177001953
2023-11-27,15961.98046875,,2011.800048828125,83.31449890136719
2023-11-28,16010.4296875,19889.69921875,2039.699951171875,83.364501953125
2023-11-29,15987.599609375,20096.599609375,2047.0999755859375,83.41809844970703
2023-11-30,15947.8701171875,20133.150390625,2038.0999755859375,83.3302993774414
2023-12-01,15997.580078125,20267.900390625,2071.0,83.35269927978516
2023-12-04,15839.669921875,20686.80078125,2024.0999755859375,83.21859741210938
2023-12-05,15877.7099609375,20855.099609375,2018.5,83.41709899902344
2023-12-06,15788.0498046875,20937.69921875,2030.5,83.31590270996094
2023-12-07,16022.490234375,20901.150390625,2029.9000244140625,83.28959655761719
2023-12-08,16084.6904296875,20969.400390625,1998.300048828125,83.35489654541016
2023-12-11,16221.73046875,20997.099609375,1978.0,83.43009948730469
2023-12-12,16354.25,20906.400390625,1977.800048828125,83.34349822998047
2023-12-13,16562.369140625,20926.349609375,1982.300048828125,83.39600372314453
2023-12-14,16537.830078125,21182.69921875,2030.199951171875,83.2853012084961
2023-12-15,16623.44921875,21456.650390625,2021.0999755859375,83.29660034179688
2023-12-18,16729.80078125,21418.650390625,2026.300048828125,83.04170227050781
2023-12-19,16811.849609375,21453.099609375,2038.4000244140625,83.11119842529297
2023-12-20,16554.16015625,21150.150390625,2034.5,83.09159851074219
2023-12-21,16757.41015625,21255.05078125,2039.0999755859375,83.26719665527344
2023-12-22,16777.400390625,21349.400390625,2057.10009765625,83.13159942626953
2023-12-25,,,,83.16500091552734
2023-12-26,16878.4609375,21441.349609375,2058.199951171875,83.17230224609375
2023-12-27,16906.80078125,21654.75,2081.89990234375,83.18280029296875
2023-12-28,16898.470703125,21778.69921875,2073.89990234375,83.26719665527344
2023-12-29,16825.9296875,21731.400390625,2062.39990234375,82.302001953125
2024-01-01,,21741.900390625,,83.24859619140625
2024-01-02,16543.939453125,21665.80078125,2064.39990234375,83.20259857177734
2024-01-03,16368.490234375,21517.349609375,2034.199951171875,83.25700378417969
2024-01-04,16282.009765625,21658.599609375,2042.300048828125,83.31809997558594
2024-01-05,16305.98046875,21710.80078125,2042.4000244140625,83.2406005859375
2024-01-08,16649.869140625,21513.0,2026.5999755859375,83.19110107421875
2024-01-09,16678.69921875,21544.849609375,2026.4000244140625,83.05069732666016
2024-01-10,16793.05078125,21618.69921875,2021.699951171875,83.131103515625
2024-01-11,16820.900390625,21647.19921875,2014.300048828125,83.02559661865234
2024-01-12,16832.919921875,21894.55078125,2046.699951171875,83.07610321044922
2024-01-15,,22097.44921875,,82.87210083007812
2024-01-16,16830.7109375,22032.30078125,2026.0,82.8593978881836
2024-01-17,16736.279296875,21571.94921875,2002.5999755859375,83.08899688720703
2024-01-18,16982.2890625,21462.25,2018.5999755859375,83.17759704589844
2024-01-19,17314.0,21622.400390625,2026.5,83.16059875488281
2024-01-22,17330.380859375,,2019.800048828125,83.12470245361328
2024-01-23,17404.2109375,21238.80078125,2023.699951171875,83.09510040283203
2024-01-24,17499.30078125,21453.94921875,2013.9000244140625,83.22139739990234
2024-01-25,17516.990234375,21352.599609375,2016.9000244140625,83.09760284423828
2024-01-26,17421.009765625,,2016.800048828125,83.14610290527344
2024-01-29,17596.26953125,21737.599609375,2025.199951171875,83.12129974365234
2024-01-30,17476.7109375,21522.099609375,2031.5,83.1530990600586
2024-01-31,17137.240234375,21725.69921875,2048.39990234375,83.10970306396484
2024-02-01,17344.7109375,21697.44921875,2053.0,83.05359649658203
2024-02-02,17642.73046875,21853.80078125,2036.0999755859375,82.92759704589844
2024-02-05,17613.0390625,21771.69921875,2025.699951171875,82.99929809570312
2024-02-06,17572.73046875,21929.400390625,2034.5,83.10369873046875
2024-02-07,17755.0703125,21930.5,2035.199951171875,83.07060241699219
2024-02-08,17783.169921875,21717.94921875,2032.199951171875,83.01260375976562
2024-02-09,17962.41015625,21782.5,2023.300048828125,82.98529815673828
2024-02-12,17882.66015625,21616.05078125,2018.199951171875,83.0145034790039
2024-02-13,17600.419921875,21743.25,1992.9000244140625,82.99019622802734
2024-02-14,17807.630859375,21840.05078125,1990.300048828125,83.07460021972656
2024-02-15,17845.720703125,21910.75,2002.0999755859375,83.04309844970703
2024-02-16,17685.98046875,22040.69921875,2011.5,83.00959777832031
2024-02-19,,22122.25,,83.01599884033203
2024-02-20,17546.099609375,22196.94921875,2027.5,83.02100372314453
2024-02-21,17478.91015625,22055.05078125,2022.300048828125,82.8291015625
2024-02-22,18004.69921875,22217.44921875,2019.699951171875,82.93840026855469
2024-02-23,17937.609375,22212.69921875,2038.5999755859375,82.87229919433594
2024-02-26,17933.330078125,22122.05078125,2028.5,82.88179779052734
2024-02-27,17971.05078125,22198.349609375,2034.0,82.85199737548828
2024-02-28,17874.5,21951.150390625,2033.0,82.94819641113281
2024-02-29,18043.849609375,21982.80078125,2045.699951171875,82.91190338134766
2024-03-01,18302.91015625,22338.75,2086.89990234375,82.910400390625
2024-03-04,18226.48046875,22405.599609375,2117.699951171875,82.84609985351562
2024-03-05,17897.869140625,22356.30078125,2133.5,82.9104995727539
2024-03-06,18017.5703125,22474.05078125,2150.300048828125,82.88480377197266
2024-03-07,18297.990234375,22493.55078125,2158.0,82.81909942626953
2024-03-08,18018.44921875,,2178.60009765625,82.7522964477539
2024-03-11,17951.689453125,22332.650390625,2182.5,82.7520980834961
2024-03-12,18219.109375,22335.69921875,2160.39990234375,82.7782974243164
2024-03-13,18068.470703125,21997.69921875,2175.39990234375,82.83509826660156
2024-03-14,18014.810546875,22146.650390625,2163.0,82.83110046386719
2024-03-15,17808.25,22023.349609375,2157.300048828125,82.9655990600586
2024-03-18,17985.009765625,22055.69921875,2160.699951171875,82.88890075683594
2024-03-19,18032.19921875,21817.44921875,2156.300048828125,82.86360168457031
2024-03-20,18240.109375,21839.099609375,2157.89990234375,83.04239654541016
2024-03-21,18320.380859375,22011.94921875,2182.39990234375,83.05460357666016
2024-03-22,18339.439453125,22096.75,2158.10009765625,83.22660064697266
2024-03-25,18277.060546875,,2174.800048828125,83.59359741210938
2024-03-26,18210.5390625,22004.69921875,2175.60009765625,83.41739654541016
2024-03-27,18280.83984375,22123.650390625,2190.60009765625,83.34549713134766
2024-03-28,18254.689453125,22326.900390625,2217.39990234375,83.36499786376953
2024-03-29,,,,83.39299774169922
2024-03-31,,,,83.36479949951172
2024-04-01,18293.19921875,22462.0,2236.5,83.40969848632812
2024-04-02,18121.779296875,22453.30078125,2261.0,83.35030364990234
2024-04-03,18160.189453125,22434.650390625,2294.39990234375,83.37329864501953
2024-04-04,17878.779296875,22514.650390625,2288.800048828125,83.47779846191406
2024-04-05,18108.4609375,22513.69921875,2325.699951171875,
2024-04-07,,,,83.29679870605469
2024-04-08,18100.189453125,22666.30078125,2331.699951171875,83.26959991455078
2024-04-09,18169.900390625,22642.75,2343.5,83.22429656982422
2024-04-10,18011.66015625,22753.80078125,2329.60009765625,83.4126968383789
2024-04-11,18307.98046875,,2354.800048828125,83.34929656982422
2024-04-12,18003.490234375,22519.400390625,2356.199951171875,
2024-04-14,,,,83.61109924316406
2024-04-15,17706.830078125,22272.5,2365.800048828125,83.50599670410156
2024-04-16,17713.66015625,22147.900390625,2390.800048828125,83.6675033569336
2024-04-17,17493.619140625,,2371.699951171875,83.5958023071289
2024-04-18,17394.310546875,21995.849609375,2382.300048828125,83.54499816894531
2024-04-19,17037.650390625,22147.0,2398.39990234375,
2024-04-21,,,,83.38529968261719
2024-04-22,17210.890625,22336.400390625,2332.199951171875,83.38619995117188
2024-04-23,17471.470703125,22368.0,2327.699951171875,83.2833023071289
2024-04-24,17526.80078125,22402.400390625,2324.5,83.3405990600586
2024-04-25,17430.5,22570.349609375,2329.800048828125,83.30180358886719
2024-04-26,17718.30078125,22419.94921875,2334.800048828125,
2024-04-28,,,,83.40229797363281
2024-04-29,17782.720703125,22643.400390625,2345.39990234375,83.45110321044922
2024-04-30,17440.689453125,22604.849609375,2291.39990234375,83.49839782714844
2024-05-01,17318.55078125,,2299.89990234375,83.40640258789062
2024-05-02,17541.5390625,22648.19921875,2299.199951171875,83.40630340576172
2024-05-03,17890.80078125,22475.849609375,2299.0,
2024-05-05,,,,83.37999725341797
2024-05-06,18093.5703125,22442.69921875,2321.60009765625,83.4728012084961
2024-05-07,18091.44921875,22302.5,2315.199951171875,83.46990203857422
2024-05-08,18085.009765625,22302.5,2313.60009765625,83.46430206298828
2024-05-09,18113.4609375,21957.5,2332.10009765625,83.45939636230469
2024-05-10,18161.1796875,22055.19921875,2367.300048828125,
2024-05-12,,,,83.5248031616211
2024-05-13,18198.609375,22104.05078125,2336.10009765625,83.50550079345703
2024-05-14,18322.76953125,22217.849609375,2353.39990234375,83.52420043945312
2024-05-15,18596.650390625,22200.55078125,2388.699951171875,83.40509796142578
2024-05-16,18557.9609375,22403.849609375,2380.0,83.47010040283203
2024-05-17,18546.23046875,22466.099609375,2412.199951171875,
2024-05-19,,,,83.30039978027344
2024-05-20,18674.189453125,,2433.89990234375,83.31500244140625
2024-05-21,18713.80078125,22529.05078125,2421.699951171875,83.31680297851562
2024-05-22,18705.19921875,22597.80078125,2389.199951171875,83.26709747314453
2024-05-23,18623.390625,22967.650390625,2335.0,83.2863998413086
2024-05-24,18808.349609375,22957.099609375,2332.5,
2024-05-26,,,,83.05220031738281
2024-05-27,,22932.44921875,,83.14569854736328
2024-05-28,18869.439453125,22888.150390625,2355.199951171875,83.20649719238281
2024-05-29,18736.75,22704.69921875,2340.300048828125,83.3656005859375
2024-05-30,18538.66015625,22488.650390625,2342.89990234375,83.3208999633789
2024-05-31,18536.650390625,22530.69921875,2322.89990234375,
2024-06-02,,,,83.45079803466797
2024-06-03,18600.970703125,23263.900390625,2346.60009765625,83.09339904785156
2024-06-04,18654.83984375,21884.5,2325.5,83.62940216064453
2024-06-05,19035.05078125,22620.349609375,2354.10009765625,83.38079833984375
2024-06-06,19021.189453125,22821.400390625,2370.300048828125,83.47309875488281
2024-06-07,19000.94921875,23290.150390625,2305.199951171875,
2024-06-09,,,,83.52760314941406
2024-06-10,19074.669921875,23259.19921875,2307.699951171875,83.52980041503906
2024-06-11,19210.1796875,23264.849609375,2307.5,83.5968017578125
2024-06-12,19465.1796875,23322.94921875,2336.0,83.5343017578125
2024-06-13,19576.919921875,23398.900390625,2300.199951171875,83.52210235595703
2024-06-14,19659.80078125,23465.599609375,2331.39990234375,
2024-06-16,,,,83.55180358886719
2024-06-17,19902.75,,2312.39990234375,83.51010131835938
2024-06-18,19908.859375,23557.900390625,2330.39990234375,83.37409973144531
2024-06-19,,23516.0,,83.41950225830078
2024-06-20,19752.30078125,23567.0,2353.800048828125,83.60160064697266
2024-06-21,19700.4296875,23501.099609375,2316.39990234375,
2024-06-23,,,,83.5625
2024-06-24,19474.619140625,23537.849609375,2330.0,83.46040344238281
2024-06-25,19701.130859375,23721.30078125,2316.60009765625,83.41459655761719
2024-06-26,19751.05078125,23868.80078125,2299.199951171875,83.58039855957031
2024-06-27,19789.029296875,24044.5,2324.5,83.45089721679688
2024-06-28,19682.869140625,24010.599609375,2327.699951171875,
2024-06-30,,,,83.36750030517578
2024-07-01,19812.220703125,24141.94921875,2327.60009765625,83.44129943847656
2024-07-02,20011.890625,24123.849609375,2323.0,83.4791030883789
2024-07-03,20186.630859375,24286.5,2359.800048828125,83.49120330810547
2024-07-04,,24302.150390625,,83.49340057373047
2024-07-05,20391.970703125,24323.849609375,2388.5,
2024-07-07,,,,83.47209930419922
2024-07-08,20439.5390625,24320.55078125,2355.199951171875,83.45760345458984
2024-07-09,20453.01953125,24433.19921875,2360.10009765625,83.49299621582031
2024-07-10,20675.380859375,24324.44921875,2372.199951171875,83.49590301513672
2024-07-11,20211.359375,24315.94921875,2415.0,83.51850128173828
2024-07-12,20331.490234375,24502.150390625,2414.0,
2024-07-14,,,,83.52030181884766
2024-07-15,20386.880859375,24586.69921875,2422.89990234375,83.58760070800781
2024-07-16,20398.619140625,24613.0,2462.39990234375,83.52960205078125
2024-07-17,19799.140625,,2454.800048828125,83.57209777832031
2024-07-18,19705.08984375,24800.849609375,2451.800048828125,83.67430114746094
2024-07-19,19522.619140625,24530.900390625,2395.5,
2024-07-21,,,,83.73030090332031
2024-07-22,19822.869140625,24509.25,2392.0,83.67130279541016
2024-07-23,19754.33984375,24479.05078125,2404.60009765625,83.70680236816406
2024-07-24,19032.390625,24413.5,2413.300048828125,83.74299621582031
2024-07-25,18830.580078125,24406.099609375,2351.89990234375,83.73760223388672
2024-07-26,19023.66015625,24834.849609375,2380.0,
2024-07-28,,,,83.72779846191406
2024-07-29,19059.490234375,24836.099609375,2377.300048828125,83.75050354003906
2024-07-30,18796.26953125,24857.30078125,2405.0,83.73899841308594
2024-07-31,19362.4296875,24951.150390625,2426.5,83.7177963256836
2024-08-01,18890.390625,25010.900390625,2435.0,83.743896484375
2024-08-02,18440.849609375,24717.69921875,2425.699951171875,
2024-08-04,,,,83.73529815673828
2024-08-05,17895.16015625,24055.599609375,2401.699951171875,84.00260162353516
2024-08-06,18077.919921875,23992.55078125,2389.10009765625,83.93489837646484
2024-08-07,17867.369140625,24297.5,2390.5,83.94239807128906
2024-08-08,18413.8203125,24117.0,2422.199951171875,83.98899841308594
2024-08-09,18513.099609375,24367.5,2432.10009765625,
2024-08-11,,,,83.94979858398438
2024-08-12,18542.029296875,24347.0,2462.39990234375,83.88999938964844
2024-08-13,19006.4296875,24139.0,2466.699951171875,83.88200378417969
2024-08-14,19022.6796875,24143.75,2439.39990234375,83.97149658203125
2024-08-15,19490.150390625,,2453.10009765625,83.94830322265625
2024-08-16,19508.51953125,24541.150390625,2498.60009765625,
2024-08-18,,,,83.88980102539062
2024-08-19,19766.490234375,24572.650390625,2501.800048828125,83.87860107421875
2024-08-20,19719.8203125,24698.849609375,2511.300048828125,83.77940368652344
2024-08-21,19824.83984375,24770.19921875,2508.39990234375,83.88860321044922
2024-08-22,19491.83984375,24811.5,2478.89990234375,83.94059753417969
2024-08-23,19720.869140625,24823.150390625,2508.39990234375,
2024-08-25,,,,83.81379699707031
2024-08-26,19516.439453125,25010.599609375,2517.699951171875,83.88369750976562
2024-08-27,19581.51953125,25017.75,2516.0,83.92160034179688
2024-08-28,19350.779296875,25052.349609375,2501.0,83.94149780273438
2024-08-29,19325.44921875,25151.94921875,2525.699951171875,83.89510345458984
2024-08-30,19574.640625,25235.900390625,2493.800048828125,
2024-09-01,,,,83.86380004882812
2024-09-02,,25278.69921875,,83.92729949951172
2024-09-03,18958.740234375,25279.849609375,2489.89990234375,83.95030212402344
2024-09-04,18921.400390625,25198.69921875,2493.39990234375,83.98249816894531
2024-09-05,18930.330078125,25145.099609375,2511.39990234375,83.98359680175781
2024-09-06,18421.310546875,24852.150390625,2493.5,
2024-09-08,,,,83.98259735107422
2024-09-09,18660.779296875,24936.400390625,2501.800048828125,83.98090362548828
2024-09-10,18829.140625,25041.099609375,2512.300048828125,83.98200225830078
2024-09-11,19237.30078125,24918.44921875,2512.10009765625,83.99259948730469
2024-09-12,19423.0703125,25388.900390625,2551.199951171875,83.93479919433594
2024-09-13,19514.58984375,25356.5,2581.300048828125,
2024-09-15,,,,83.88480377197266
2024-09-16,19423.060546875,25383.75,2580.39990234375,83.88400268554688
2024-09-17,19432.400390625,25418.55078125,2564.300048828125,83.77059936523438
2024-09-18,19344.490234375,25377.55078125,2570.699951171875,83.69170379638672
2024-09-19,19839.830078125,25415.80078125,2588.0,83.61470031738281
2024-09-20,19791.490234375,25790.94921875,2619.89990234375,
2024-09-22,,,,83.48709869384766
2024-09-23,19852.19921875,25939.05078125,2626.5,83.55960083007812
2024-09-24,19944.83984375,25940.400390625,2651.199951171875,83.56759643554688
2024-09-25,19972.609375,26004.150390625,2659.199951171875,83.62409973144531
2024-09-26,20115.5390625,26216.05078125,2669.89990234375,83.61710357666016
2024-09-27,20008.619140625,26178.94921875,2644.300048828125,
2024-09-29,,,,83.71640014648438
2024-09-30,20060.689453125,25810.849609375,2636.10009765625,83.82730102539062
2024-10-01,19773.30078125,25796.900390625,2667.300048828125,83.87210083007812
2024-10-02,19802.58984375,,2647.10009765625,83.91960144042969
2024-10-03,19793.33984375,25250.099609375,2657.10009765625,84.0093994140625
2024-10-04,20035.01953125,25014.599609375,2645.800048828125,
2024-10-06,,,,84.02780151367188
2024-10-07,19800.740234375,24795.75,2644.800048828125,83.96410369873047
2024-10-08,20107.779296875,25013.150390625,2615.0,83.91459655761719
2024-10-09,20268.859375,24981.94921875,2606.0,83.94219970703125
2024-10-10,20241.759765625,24998.44921875,2620.60009765625,83.94599914550781
2024-10-11,20271.970703125,24964.25,2657.60009765625,
2024-10-13,,,,84.16829681396484
2024-10-14,20439.05078125,25127.94921875,2647.800048828125,84.04850006103516
2024-10-15,20159.830078125,25057.349609375,2661.39990234375,84.05619812011719
2024-10-16,20174.05078125,24971.30078125,2674.0,84.03929901123047
2024-10-17,20190.419921875,24749.849609375,2691.0,84.05380249023438
2024-10-18,20324.0390625,24854.05078125,2713.699951171875,
2024-10-20,,,,84.0687026977539
2024-10-21,20361.470703125,24781.099609375,2723.10009765625,84.07350158691406
2024-10-22,20390.4609375,24472.099609375,2744.199951171875,84.08399963378906
2024-10-23,20066.9609375,24435.5,2714.39990234375,84.06759643554688
2024-10-24,20232.869140625,24399.400390625,2734.89990234375,84.08180236816406
2024-10-25,20352.01953125,24180.80078125,2740.89990234375,
2024-10-28,20351.0703125,24339.150390625,2742.89990234375,84.10199737548828
2024-10-29,20550.650390625,24466.849609375,2768.39990234375,84.10279846191406
2024-10-30,20387.69921875,24340.849609375,2788.5,84.08930206298828
2024-10-31,19890.419921875,24205.349609375,2738.300048828125,84.08910369873047
2024-11-01,20033.140625,24304.349609375,2738.60009765625,84.09149932861328
2024-11-04,19963.599609375,23995.349609375,2736.10009765625,84.13359832763672
2024-11-05,20227.4609375,24213.30078125,2740.300048828125,84.15249633789062
2024-11-06,20781.330078125,24484.05078125,2667.60009765625,84.11630249023438
2024-11-07,21101.5703125,24199.349609375,2698.39990234375,84.2511978149414
2024-11-08,21117.1796875,24148.19921875,2687.5,84.306396484375
2024-11-11,21106.58984375,24141.30078125,2611.199951171875,84.38289642333984
2024-11-12,21070.7890625,23883.44921875,2600.0,84.39649963378906
2024-11-13,21036.16015625,23559.05078125,2580.800048828125,84.39530181884766
2024-11-14,20896.669921875,23532.69921875,2568.199951171875,84.4229965209961
2024-11-15,20394.130859375,,2565.699951171875,84.47380065917969
2024-11-18,20539.189453125,23453.80078125,2610.60009765625,84.47750091552734
2024-11-19,20684.58984375,23518.5,2627.10009765625,84.39849853515625
2024-11-20,20667.099609375,,2648.199951171875,84.39759826660156
2024-11-21,20740.779296875,23349.900390625,2672.10009765625,84.38310241699219
2024-11-22,20776.23046875,23907.25,2709.89990234375,84.48829650878906
2024-11-25,20804.890625,24221.900390625,2616.800048828125,84.43599700927734
2024-11-26,20922.900390625,24194.5,2620.300048828125,84.37750244140625
2024-11-27,20744.490234375,24274.900390625,2639.89990234375,84.33910369873047
2024-11-28,,23914.150390625,,84.42030334472656
2024-11-29,20930.369140625,24131.099609375,2657.0,84.47160339355469
2024-12-02,21164.599609375,24276.05078125,2634.89990234375,84.55699920654297
2024-12-03,21229.3203125,24457.150390625,2644.699951171875,84.73709869384766
2024-12-04,21492.359375,24467.44921875,2653.800048828125,84.68309783935547
2024-12-05,21425.220703125,24708.400390625,2626.60009765625,84.70700073242188
2024-12-06,21622.25,24677.80078125,2638.60009765625,84.68379974365234
2024-12-09,21440.8203125,24619.0,2664.89990234375,84.66600036621094
2024-12-10,21368.1796875,24610.05078125,2697.60009765625,84.84729766845703
2024-12-11,21763.98046875,24641.80078125,2733.800048828125,84.8740005493164
2024-12-12,21615.26953125,24548.69921875,2687.5,84.85710144042969
2024-12-13,21780.25,24768.30078125,2656.0,84.83920288085938
2024-12-16,22096.66015625,24668.25,2651.39990234375,84.802001953125
2024-12-17,22001.080078125,24336.0,2644.39990234375,84.91729736328125
2024-12-18,21209.3203125,24198.849609375,2636.5,84.91539764404297
2024-12-19,21110.509765625,23951.69921875,2592.199951171875,85.16549682617188
2024-12-20,21289.150390625,23587.5,2628.699951171875,85.27940368652344
2024-12-23,21503.169921875,23753.44921875,2612.300048828125,84.94499969482422
2024-12-24,21797.650390625,23727.650390625,2620.0,85.0988998413086
2024-12-25,,,,85.18150329589844
2024-12-26,21768.310546875,23750.19921875,2638.800048828125,85.41339874267578
2024-12-27,21473.01953125,23813.400390625,2617.199951171875,85.26090240478516
2024-12-30,21197.08984375,23644.900390625,2606.10009765625,85.38600158691406
2024-12-31,21012.169921875,23644.80078125,2629.199951171875,85.7865982055664
2025-01-01,,23742.900390625,,
2025-01-02,20975.619140625,24188.650390625,2658.89990234375,85.78569793701172
2025-01-03,21326.16015625,24004.75,2645.0,85.80400085449219
2025-01-06,21559.5,23616.05078125,2638.39990234375,85.75900268554688
2025-01-07,21173.0390625,23707.900390625,2656.699951171875,85.68070220947266
2025-01-08,21180.970703125,23688.94921875,2664.5,85.80650329589844
2025-01-09,,23526.5,2683.800048828125,85.90750122070312
2025-01-10,20847.580078125,23431.5,2708.5,85.91999816894531
2025-01-13,20784.720703125,23085.94921875,2673.5,86.18800354003906
2025-01-14,20757.41015625,23176.05078125,2677.5,86.65059661865234
2025-01-15,21237.849609375,23213.19921875,2712.5,86.535400390625
2025-01-16,21091.25,23311.80078125,2746.39990234375,86.43099975585938
2025-01-17,21441.16015625,23203.19921875,2744.300048828125,86.6061019897461
2025-01-20,,23344.75,,86.56900024414062
2025-01-21,21566.509765625,23024.650390625,2755.0,86.21109771728516
2025-01-22,21853.0,23155.349609375,2767.60009765625,86.45189666748047
2025-01-23,21900.9296875,23205.349609375,2763.10009765625,86.47270202636719
2025-01-24,21774.009765625,23092.19921875,2777.300048828125,86.44020080566406
2025-01-27,21127.279296875,22829.150390625,2737.5,86.2030029296875
2025-01-28,21463.0390625,22957.25,2766.800048828125,86.46839904785156
2025-01-29,21411.4609375,23163.099609375,2769.10009765625,86.58460235595703
2025-01-30,21508.119140625,23249.5,2823.0,86.6406021118164
2025-01-31,21478.05078125,23508.400390625,2812.5,86.64700317382812
2025-02-01,,23482.150390625,,
2025-02-03,21297.580078125,23361.05078125,2833.89990234375,86.55400085449219
2025-02-04,21566.919921875,23739.25,2853.300048828125,86.94339752197266
2025-02-05,21658.16015625,23696.30078125,2871.60009765625,87.13009643554688
2025-02-06,21774.0703125,23603.349609375,2856.0,87.33409881591797
2025-02-07,21491.310546875,23559.94921875,2867.300048828125,87.58830261230469
2025-02-10,21756.73046875,23381.599609375,2914.300048828125,87.51309967041016
2025-02-11,21693.51953125,23071.80078125,2912.5,87.49009704589844
2025-02-12,21719.259765625,23045.25,2909.0,86.81120300292969
2025-02-13,22030.7109375,23031.400390625,2925.89990234375,86.8740005493164
2025-02-14,22114.689453125,22929.25,2883.60009765625,86.75409698486328
2025-02-17,,22959.5,,86.43460083007812
2025-02-18,22164.609375,22945.30078125,2931.60009765625,86.85479736328125
2025-02-19,22175.599609375,22932.900390625,2919.39990234375,86.88719940185547
2025-02-20,22068.060546875,22913.150390625,2940.0,86.872802734375
2025-02-21,21614.080078125,22795.900390625,2937.60009765625,86.45120239257812
2025-02-24,21352.080078125,22553.349609375,2947.89990234375,86.52940368652344
2025-02-25,21087.25,22547.55078125,2904.5,86.69010162353516
2025-02-26,21132.919921875,,2916.800048828125,87.0811996459961
2025-02-27,20550.94921875,22545.05078125,2883.199951171875,87.16220092773438
2025-02-28,20884.41015625,22124.69921875,2836.800048828125,87.3270034790039
2025-03-03,20425.580078125,22119.30078125,2890.199951171875,87.46399688720703
2025-03-04,20352.529296875,22082.650390625,2909.60009765625,87.32959747314453
2025-03-05,20628.4609375,22337.30078125,2915.300048828125,87.21700286865234
2025-03-06,20052.630859375,22544.69921875,2916.60009765625,86.88929748535156
2025-03-07,20201.369140625,22552.5,2904.699951171875,87.12879943847656
2025-03-10,19430.94921875,22460.30078125,2891.0,87.07379913330078
2025-03-11,19376.9609375,22497.900390625,2912.89990234375,87.3551025390625
2025-03-12,19596.01953125,22470.5,2939.10009765625,87.20010375976562
2025-03-13,19225.48046875,22397.19921875,2984.300048828125,87.3405990600586
2025-03-14,19704.640625,,2994.5,86.9220962524414
2025-03-17,19812.240234375,22508.75,3000.0,86.93900299072266
2025-03-18,19483.359375,22834.30078125,3035.10009765625,86.91639709472656
2025-03-19,19736.66015625,22907.599609375,3035.89990234375,86.57610321044922
2025-03-20,19677.609375,23190.650390625,3040.0,86.33709716796875
2025-03-21,19753.970703125,23350.400390625,3018.199951171875,86.33609771728516
2025-03-24,20180.44921875,23658.349609375,3013.10009765625,85.98699951171875
2025-03-25,20287.830078125,23668.650390625,3023.699951171875,85.53209686279297
2025-03-26,19916.990234375,23486.849609375,3020.89990234375,85.59040069580078
2025-03-27,19798.619140625,23591.94921875,3060.199951171875,86.09539794921875
2025-03-28,19281.400390625,23519.349609375,3086.5,85.69490051269531
2025-03-30,,,,85.53880310058594
2025-03-31,19278.44921875,,3122.800048828125,85.46810150146484
2025-04-01,19436.419921875,23165.69921875,3118.89990234375,85.61009979248047
2025-04-02,19581.779296875,23332.349609375,3139.89990234375,85.65119934082031
2025-04-03,18521.470703125,23250.099609375,3097.0,85.28289794921875
2025-04-04,17397.69921875,22904.44921875,3012.0,
2025-04-06,,,,85.529296875
2025-04-07,17430.6796875,22161.599609375,2951.300048828125,86.0270004272461
2025-04-08,17090.400390625,22535.849609375,2968.39990234375,86.435302734375
2025-04-09,19145.060546875,22399.150390625,3056.5,86.20929718017578
2025-04-10,18343.5703125,,3155.199951171875,86.2603988647461
2025-04-11,18690.05078125,22828.55078125,3222.199951171875,
2025-04-13,,,,86.19300079345703
2025-04-14,18796.01953125,,3204.800048828125,86.0447998046875
2025-04-15,18830.23046875,23328.55078125,3218.699951171875,85.72669982910156
2025-04-16,18257.640625,23437.19921875,3326.60009765625,85.62049865722656
2025-04-17,18258.08984375,23851.650390625,3308.699951171875,
2025-04-21,17808.30078125,24125.55078125,3406.199951171875,85.15889739990234
2025-04-22,18276.41015625,24167.25,3400.800048828125,85.2323989868164
2025-04-23,18693.259765625,24328.94921875,3276.300048828125,85.4999008178711
2025-04-24,19214.400390625,24246.69921875,3332.0,85.2573013305664
2025-04-25,19432.560546875,24039.349609375,3282.39990234375,
2025-04-27,,,,85.38490295410156
2025-04-28,19427.2890625,24328.5,3332.5,85.1603012084961
2025-04-29,19544.94921875,24335.94921875,3318.800048828125,85.1707992553711
2025-04-30,19571.01953125,24334.19921875,3305.0,84.53119659423828
2025-05-01,19786.7109375,,3210.0,84.69670104980469
2025-05-02,20102.609375,24346.69921875,3231.89990234375,
2025-05-04,,,,84.52629852294922
2025-05-05,19967.939453125,24461.150390625,3311.300048828125,84.2208023071289
2025-05-06,19791.349609375,24379.599609375,3411.39990234375,84.79319763183594
2025-05-07,19867.970703125,24414.400390625,3381.39990234375,84.81719970703125
2025-05-08,20063.560546875,24273.80078125,3296.60009765625,86.08219909667969
2025-05-09,20061.44921875,24008.0,3335.39990234375,
2025-05-11,,,,85.4083023071289
2025-05-12,20868.150390625,24924.69921875,3220.0,84.9656982421875
2025-05-13,21197.69921875,24578.349609375,3240.300048828125,85.060302734375
2025-05-14,21319.2109375,24666.900390625,3181.39990234375,85.48760223388672
2025-05-15,21335.8203125,25062.099609375,3220.699951171875,85.44490051269531
2025-05-16,21427.939453125,25019.80078125,3182.0,
2025-05-18,,,,85.50029754638672
2025-05-19,21447.05078125,24945.44921875,3228.89990234375,85.37210083007812
2025-05-20,21367.369140625,24683.900390625,3280.300048828125,85.53610229492188
2025-05-21,21080.359375,24813.44921875,3309.300048828125,85.60030364990234
2025-05-22,21112.470703125,24609.69921875,3292.300048828125,85.97489929199219
2025-05-23,20915.66015625,24853.150390625,3363.60009765625,
2025-05-25,,,,85.19930267333984
2025-05-26,,25001.150390625,,85.158203125
2025-05-27,21414.990234375,24826.19921875,3299.10009765625,85.3604965209961
2025-05-28,21318.169921875,24752.44921875,3293.60009765625,85.38590240478516
2025-05-29,21363.94921875,24833.599609375,3317.10009765625,85.36129760742188
2025-05-30,21340.990234375,24750.69921875,3288.89990234375,
2025-06-01,,,,85.52429962158203
2025-06-02,21491.75,24716.599609375,3370.60009765625,85.36370086669922
2025-06-03,21662.580078125,24542.5,3350.199951171875,85.70880126953125
2025-06-04,21721.919921875,24620.19921875,3373.5,85.9041976928711
2025-06-05,21547.4296875,24750.900390625,3350.699951171875,85.87750244140625
2025-06-06,21761.7890625,25003.05078125,3322.699951171875,
2025-06-08,,,,85.7853012084961
2025-06-09,21797.869140625,25103.19921875,3332.10009765625,85.75599670410156
2025-06-10,21941.919921875,25104.25,3320.89990234375,85.65280151367188
2025-06-11,21860.80078125,25141.400390625,3321.300048828125,85.46980285644531
2025-06-12,21913.3203125,24888.19921875,3380.89990234375,85.68840026855469
2025-06-13,21631.0390625,24718.599609375,3431.199951171875,
2025-06-15,,,,86.24919891357422
2025-06-16,21937.5703125,24946.5,3396.39990234375,86.10420227050781
2025-06-17,21719.080078125,24853.400390625,3386.60009765625,86.36270141601562
2025-06-18,21719.689453125,24812.05078125,3389.800048828125,86.61360168457031
2025-06-19,,24793.25,,86.58380126953125
2025-06-20,21626.390625,25112.400390625,3368.10009765625,
2025-06-22,,,,86.5802993774414
2025-06-23,21856.330078125,24971.900390625,3377.699951171875,86.23300170898438
2025-06-24,22190.51953125,25044.349609375,3317.39990234375,85.90480041503906
2025-06-25,22237.740234375,25244.75,3327.10009765625,86.006103515625
2025-06-26,22447.2890625,25549.0,3333.5,85.66639709472656
2025-06-27,22534.19921875,25637.80078125,3273.699951171875,
2025-06-29,,,,85.4552993774414
2025-06-30,22679.009765625,25517.05078125,3294.39990234375,85.71399688720703
2025-07-01,22478.130859375,25541.80078125,3336.699951171875,85.6427993774414
2025-07-02,22641.890625,25453.400390625,3348.0,85.69409942626953
2025-07-03,22866.970703125,25405.30078125,3331.60009765625,85.31909942626953
2025-07-04,,25461.0,3332.5,
2025-07-06,,,,85.49629974365234
2025-07-07,22685.5703125,25461.30078125,3332.199951171875,85.89199829101562
2025-07-08,22702.25,25522.5,3307.0,85.7073974609375
2025-07-09,22864.91015625,25476.099609375,3311.60009765625,85.70850372314453
2025-07-10,22829.259765625,25355.25,3317.39990234375,85.73480224609375
2025-07-11,22780.599609375,25149.849609375,3356.0,
2025-07-13,,,,85.82129669189453
2025-07-14,22855.630859375,25082.30078125,3351.5,85.96839904785156
2025-07-15,22884.58984375,25195.80078125,3329.800048828125,85.99310302734375
2025-07-16,22907.970703125,25212.05078125,3352.5,85.88520050048828
2025-07-17,23081.05078125,25111.44921875,3340.10009765625,86.04650115966797
2025-07-18,23065.470703125,24968.400390625,3353.0,
2025-07-20,,,,86.14859771728516
2025-07-21,23180.060546875,25090.69921875,3401.89990234375,86.19529724121094
2025-07-22,23063.580078125,25060.900390625,3439.199951171875,86.3427963256836
2025-07-23,23162.41015625,25219.900390625,3394.10009765625,86.39869689941406
2025-07-24,23219.869140625,25062.099609375,3371.0,86.4302978515625
2025-07-25,23272.25,24837.0,3334.0,
2025-07-27,,,,86.506103515625
2025-07-28,23356.26953125,24680.900390625,3309.10009765625,86.77760314941406
2025-07-29,23308.30078125,24821.099609375,3323.39990234375,87.06320190429688
2025-07-30,23345.41015625,24855.05078125,3295.800048828125,87.714599609375
2025-07-31,23218.119140625,24768.349609375,3293.199951171875,87.4894027709961
2025-08-01,22763.310546875,24565.349609375,3347.699951171875,
2025-08-03,,,,87.24530029296875
2025-08-04,23188.609375,24722.75,3374.39990234375,87.89330291748047
2025-08-05,23018.560546875,24649.55078125,3381.89990234375,87.72309875488281
2025-08-06,23315.0390625,24574.19921875,3380.0,87.76249694824219
2025-08-07,23389.529296875,24596.150390625,3400.300048828125,87.43319702148438
2025-08-08,23611.26953125,24363.30078125,3439.10009765625,
2025-08-10,,,,87.48829650878906
2025-08-11,23526.630859375,24585.05078125,3353.10009765625,87.66449737548828
2025-08-12,23839.19921875,24487.400390625,3348.89990234375,87.59559631347656
2025-08-13,23849.0390625,24619.349609375,3358.699951171875,87.44999694824219
2025-08-14,23832.439453125,24631.30078125,3335.199951171875,87.69180297851562
2025-08-15,23712.0703125,,3336.0,
2025-08-17,,,,87.51280212402344
2025-08-18,23713.759765625,24876.94921875,3331.699951171875,87.29509735107422
2025-08-19,23384.76953125,24980.650390625,3313.39990234375,87.0791015625
2025-08-20,23249.5703125,25050.55078125,3343.39990234375,87.01820373535156
2025-08-21,23142.580078125,25083.75,3336.89990234375,87.29340362548828
2025-08-22,23498.119140625,24870.099609375,3374.39990234375,
2025-08-24,,,,87.3301010131836
2025-08-25,23425.609375,24967.75,3373.800048828125,87.60859680175781
2025-08-26,23525.2890625,24712.05078125,3388.60009765625,87.60070037841797
2025-08-27,23565.849609375,,3404.60009765625,87.65910339355469
2025-08-28,23703.44921875,24500.900390625,3431.800048828125,87.5916976928711
2025-08-29,23415.419921875,24426.849609375,3473.699951171875,
2025-08-31,,,,88.17430114746094
2025-09-01,,24625.05078125,,88.00140380859375
2025-09-02,23231.109375,24579.599609375,3549.39990234375,87.99829864501953
2025-09-03,23414.83984375,24715.05078125,3593.199951171875,88.072998046875
2025-09-04,23633.009765625,24734.30078125,3565.800048828125,88.19290161132812
2025-09-05,23652.439453125,24741.0,3613.199951171875,
2025-09-07,,,,88.1863021850586
2025-09-08,23762.30078125,24773.150390625,3638.10009765625,87.98049926757812
2025-09-09,23839.80078125,24868.599609375,3643.300048828125,88.21829986572266
2025-09-10,23849.26953125,24973.099609375,3643.60009765625,88.05339813232422
2025-09-11,23992.560546875,25005.5,3636.89990234375,88.2676010131836
2025-09-12,24092.189453125,25114.0,3649.39990234375,
2025-09-14,,,,88.27729797363281
2025-09-15,24293.779296875,25069.19921875,3682.199951171875,88.12349700927734
2025-09-16,24274.25,25239.099609375,3688.89990234375,87.88459777832031
2025-09-17,24223.689453125,25330.25,3681.800048828125,87.91069793701172
2025-09-18,24454.890625,25423.599609375,3643.699951171875,88.20690155029297
2025-09-19,24626.25,25327.05078125,3671.5,
2025-09-21,,,,88.09919738769531
2025-09-22,24761.0703125,25202.349609375,3740.699951171875,88.30439758300781
2025-09-23,24580.169921875,25169.5,3780.60009765625,88.80799865722656
2025-09-24,24503.5703125,25056.900390625,3732.10009765625,88.77860260009766
2025-09-25,24397.310546875,24890.849609375,3736.89990234375,88.77310180664062
2025-09-26,24503.849609375,24654.69921875,3775.300048828125,
2025-09-28,,,,88.67680358886719
2025-09-29,24611.349609375,24634.900390625,3820.89990234375,88.70449829101562
2025-09-30,24679.990234375,24611.099609375,3840.800048828125,88.8406982421875
2025-10-01,24800.859375,24836.30078125,3867.5,88.68299865722656
2025-10-02,24892.759765625,,3839.699951171875,88.72019958496094
2025-10-03,24785.51953125,24894.25,3880.800048828125,
2025-10-05,,,,88.73509979248047
2025-10-06,24978.560546875,25077.650390625,3948.5,88.72109985351562
2025-10-07,24840.23046875,25108.30078125,3976.60009765625,88.74259948730469
2025-10-08,25136.619140625,25046.150390625,4043.300048828125,88.7771987915039
2025-10-09,25098.1796875,25181.80078125,3946.300048828125,88.86540222167969
2025-10-10,24221.740234375,25285.349609375,3975.89990234375,
2025-10-12,,,,88.7573013305664
2025-10-13,24750.25,25227.349609375,4108.60009765625,88.66510009765625
2025-10-14,24579.3203125,25145.5,4138.7001953125,88.78250122070312
2025-10-15,24745.359375,25323.55078125,4176.89990234375,87.80950164794922
2025-10-16,24657.240234375,25585.30078125,4280.2001953125,87.9906997680664
2025-10-17,24817.94921875,25709.849609375,4189.89990234375,
2025-10-19,,,,88.0022964477539
2025-10-20,25141.01953125,25843.150390625,4336.39990234375,87.87999725341797
2025-10-21,25127.130859375,25868.599609375,4087.699951171875,88.00160217285156
2025-10-22,24879.009765625,,4044.39990234375,87.74030303955078
2025-10-23,25097.41015625,25891.400390625,4125.5,87.77899932861328
2025-10-24,25358.16015625,25795.150390625,4118.39990234375,
2025-10-27,25821.55078125,25966.05078125,4001.89990234375,87.8290023803711
2025-10-28,26012.150390625,25936.19921875,3966.199951171875,88.22209930419922
2025-10-29,26119.849609375,26053.900390625,3983.699951171875,88.22550201416016
2025-10-30,25734.810546875,25877.849609375,4001.300048828125,88.34559631347656
2025-10-31,25858.130859375,25722.099609375,3982.199951171875,88.6344985961914
2025-11-03,25972.939453125,25763.349609375,4000.300048828125,88.77539825439453
2025-11-04,25435.69921875,25597.650390625,3947.699951171875,88.72339630126953
2025-11-05,25620.029296875,,3980.300048828125,88.73200225830078
2025-11-06,25130.0390625,25509.69921875,3979.89990234375,88.55690002441406
2025-11-07,25059.810546875,25492.30078125,3999.39990234375,88.6729965209961
2025-11-10,25611.740234375,25574.349609375,4111.7998046875,88.65799713134766
2025-11-11,25533.490234375,25694.94921875,4106.7998046875,88.70709991455078
2025-11-12,25517.330078125,25875.80078125,4204.39990234375,88.46649932861328
2025-11-13,24993.4609375,25879.150390625,4186.89990234375,88.59400177001953
2025-11-14,25008.240234375,25910.05078125,4087.60009765625,88.81610107421875
2025-11-17,24799.919921875,26013.44921875,4068.300048828125,88.68199920654297
2025-11-18,24503.099609375,25910.05078125,4061.300048828125,88.63590240478516
2025-11-19,24640.51953125,26052.650390625,4077.699951171875,88.55680084228516
2025-11-20,24054.380859375,26192.150390625,4056.5,88.48719787597656
2025-11-21,24239.5703125,26068.150390625,4076.699951171875,88.69219970703125
2025-11-24,24873.849609375,25959.5,4091.89990234375,89.63400268554688
2025-11-25,25018.359375,25884.80078125,4139.2001953125,89.14779663085938
2025-11-26,25236.939453125,26205.30078125,4165.2001953125,89.15059661865234
2025-11-27,,26215.55078125,,89.16300201416016
2025-11-28,25434.890625,26202.94921875,4218.2998046875,89.36479949951172
2025-12-01,25342.849609375,26175.75,4239.2998046875,89.3499984741211
2025-12-02,25555.859375,26032.19921875,4186.60009765625,89.61270141601562
2025-12-03,25606.5390625,25986.0,4199.2998046875,89.91719818115234
2025-12-04,25581.69921875,26033.75,4211.7998046875,90.17050170898438
2025-12-05,25692.05078125,26186.44921875,4212.89990234375,89.8364028930664
2025-12-08,25627.94921875,25960.55078125,4187.2001953125,89.93800354003906
2025-12-09,25668.689453125,25839.650390625,4206.7001953125,90.12999725341797
2025-12-10,25776.439453125,25758.0,4196.39990234375,89.91690063476562
2025-12-11,25686.689453125,25898.55078125,4285.5,89.79299926757812
2025-12-12,25196.73046875,26046.94921875,4300.10009765625,90.25299835205078
2025-12-15,25067.26953125,26027.30078125,4306.7001953125,90.5770034790039
2025-12-16,25132.939453125,25860.099609375,4304.5,90.77690124511719
2025-12-17,24647.609375,25818.55078125,4347.5,90.94889831542969
2025-12-18,25019.369140625,25815.55078125,4339.5,90.4136962890625
2025-12-19,25346.1796875,25966.400390625,4361.39990234375,90.25579833984375
2025-12-22,25461.69921875,26172.400390625,4444.60009765625,89.56999969482422
2025-12-23,25587.830078125,26177.150390625,4482.7998046875,89.60389709472656
2025-12-24,25656.150390625,26142.099609375,4480.60009765625,89.50789642333984
2025-12-26,25644.390625,26042.30078125,4529.10009765625,90.10590362548828
2025-12-29,25525.560546875,25942.099609375,4325.10009765625,89.82929992675781
2025-12-30,25462.560546875,25938.849609375,4370.10009765625,89.9000015258789
2025-12-31,25249.849609375,26129.599609375,4325.60009765625,89.76940155029297
2026-01-01,,26146.55078125,,
2026-01-02,25206.169921875,26328.55078125,4314.39990234375,89.96189880371094
2026-01-05,25401.3203125,26250.30078125,4436.89990234375,90.00700378417969
2026-01-06,25639.7109375,26178.69921875,4482.2001953125,90.23300170898438
2026-01-07,25653.900390625,26140.75,4449.2998046875,90.16609954833984
2026-01-08,25507.099609375,25876.849609375,4449.7001953125,89.8644027709961
2026-01-09,25766.259765625,25683.30078125,4490.2998046875,89.90540313720703
2026-01-12,25787.66015625,25790.25,4604.2998046875,90.23600006103516
2026-01-13,25741.94921875,25732.30078125,4589.2001953125,90.13269805908203
2026-01-14,25465.939453125,25665.599609375,4626.2998046875,90.27300262451172
2026-01-15,25547.0703125,,4616.2998046875,90.18319702148438
2026-01-16,25529.259765625,25694.349609375,4588.39990234375,90.36160278320312
2026-01-19,,25585.5,,90.7020034790039
2026-01-20,24987.5703125,25232.5,4759.60009765625,90.90450286865234
2026-01-21,25326.580078125,25157.5,4831.7998046875,91.11840057373047
2026-01-22,25518.349609375,25289.900390625,4908.7998046875,91.53690338134766
2026-01-23,25605.470703125,25048.650390625,4976.2001953125,91.55829620361328
2026-01-26,25713.2109375,,5079.7001953125,91.5009994506836
2026-01-27,25939.740234375,25175.400390625,5079.89990234375,91.71309661865234
2026-01-28,26022.7890625,25342.75,5301.60009765625,91.5343017578125
2026-01-29,25884.30078125,25418.900390625,5318.39990234375,92.04080200195312
2026-01-30,25552.390625,25320.650390625,4713.89990234375,91.78189849853516
2026-02-02,25738.609375,25088.400390625,4622.5,91.68699645996094
2026-02-03,25338.619140625,25727.55078125,4903.7001953125,90.24559783935547
2026-02-04,24891.240234375,25776.0,4920.39990234375,90.42289733886719
2026-02-05,24548.689453125,25642.80078125,4861.39990234375,90.125
2026-02-06,25075.76953125,25693.69921875,4951.2001953125,90.3147964477539
2026-02-09,25268.140625,25867.30078125,5050.89990234375,90.58799743652344
2026-02-10,25127.640625,25935.150390625,5003.7998046875,90.82279968261719
2026-02-11,25201.259765625,25953.849609375,5071.60009765625,90.58789825439453
2026-02-12,24687.609375,25807.19921875,4923.7001953125,90.73570251464844
2026-02-13,24732.73046875,25471.099609375,5022.0,90.56410217285156
2026-02-16,,25682.75,,90.57119750976562
2026-02-17,24701.599609375,25725.400390625,4882.89990234375,90.78299713134766
2026-02-18,24898.869140625,25819.349609375,4986.5,90.6261978149414
2026-02-19,24797.33984375,25454.349609375,4975.89990234375,90.79350280761719
2026-02-20,25012.619140625,25571.25,5059.2998046875,91.04109954833984
2026-02-23,24708.939453125,25713.0,5204.7001953125,90.72660064697266
2026-02-24,24977.0390625,25424.650390625,5155.7998046875,91.02010345458984
2026-02-25,25329.0390625,25482.5,5206.39990234375,90.91799926757812
2026-02-26,25034.369140625,25496.55078125,5176.5,90.95099639892578
2026-02-27,24960.0390625,25178.650390625,5230.5,91.00740051269531
2026-03-02,24992.599609375,24865.69921875,5294.39990234375,91.07959747314453
2026-03-03,24720.080078125,,5107.39990234375,91.56340026855469
2026-03-04,25093.6796875,24480.5,5120.2001953125,92.00859832763672
2026-03-05,25020.41015625,24765.900390625,5065.2998046875,92.12300109863281
2026-03-06,24643.01953125,24450.44921875,5146.10009765625,91.78690338134766
2026-03-09,24967.25,24028.05078125,5091.5,91.93620300292969
2026-03-10,24956.470703125,24261.599609375,5229.7001953125,91.220703125
2026-03-11,24965.009765625,23866.849609375,5167.39990234375,92.16510009765625
2026-03-12,24533.580078125,23639.150390625,5115.7998046875,92.22879791259766
2026-03-13,24380.73046875,23151.099609375,5052.5,92.38990020751953
2026-03-16,24655.33984375,23408.80078125,4994.0,92.5635986328125
2026-03-17,24780.419921875,23581.150390625,5001.0,92.28269958496094
2026-03-18,24425.08984375,23777.80078125,4889.89990234375,92.39129638671875
2026-03-19,24355.279296875,23002.150390625,4600.7001953125,93.24659729003906
2026-03-20,23898.150390625,23114.5,4570.39990234375,93.0822982788086
2026-03-23,24188.58984375,22512.650390625,4404.10009765625,93.89530181884766
2026-03-24,24002.44921875,22912.400390625,4399.2998046875,93.24369812011719
2026-03-25,24162.98046875,23306.44921875,4549.7998046875,94.29969787597656
2026-03-26,23586.990234375,,4375.5,94.6937026977539
2026-03-27,23132.76953125,22819.599609375,4492.0,94.30950164794922
2026-03-29,,,,94.78179931640625
2026-03-30,22953.380859375,22331.400390625,4526.0,94.35590362548828
2026-03-31,23740.189453125,,4647.60009765625,93.48429870605469
2026-04-01,24019.990234375,22679.400390625,4783.2001953125,92.6426010131836
2026-04-02,24045.529296875,22713.099609375,4651.5,92.97360229492188
2026-04-05,,,,92.97100067138672
2026-04-06,24192.169921875,22968.25,4656.7998046875,92.81659698486328
2026-04-07,24202.369140625,23123.650390625,4657.10009765625,92.86019897460938
2026-04-08,24903.169921875,23997.349609375,4749.5,92.2748031616211
2026-04-09,25082.08984375,23775.099609375,4792.2001953125,92.46980285644531
2026-04-10,25116.33984375,24050.599609375,4761.89990234375,
2026-04-12,,,,94.50879669189453
2026-04-13,25383.720703125,23842.650390625,4742.39990234375,94.9468002319336
2026-04-14,25842.0,,4825.0,93.16539764404297
2026-04-15,26204.580078125,24231.30078125,4800.0,93.38680267333984
2026-04-16,26333.0,24196.75,4785.39990234375,93.04789733886719
2026-04-17,26672.4296875,24353.55078125,4857.60009765625,
2026-04-19,,,,92.60330200195312
2026-04-20,26590.33984375,24364.849609375,4806.60009765625,93.12359619140625
2026-04-21,26479.470703125,24576.599609375,4698.39990234375,93.622802734375
2026-04-22,26937.279296875,24378.099609375,4732.5,93.80049896240234
2026-04-23,26782.630859375,24173.05078125,4705.10009765625,94.11289978027344
2026-04-24,27303.669921875,23897.94921875,4722.2998046875,
2026-04-26,,,,94.25029754638672
2026-04-27,27305.6796875,24092.69921875,4675.39990234375,94.25849914550781
2026-04-28,27029.009765625,23995.69921875,4591.5,94.64550018310547
2026-04-29,27186.98046875,24177.650390625,4545.2001953125,94.9166030883789
2026-04-30,27452.119140625,23997.55078125,4614.7001953125,94.75910186767578
2026-05-01,27710.359375,,4629.89990234375,
2026-05-03,,,,94.90299987792969
2026-05-04,27651.8203125,24119.30078125,4519.5,95.2593994140625
2026-05-05,28015.060546875,24032.80078125,4555.7998046875,95.18299865722656
2026-05-06,28599.169921875,24330.94921875,4681.89990234375,94.60800170898438
2026-05-07,28563.94921875,24326.650390625,4699.7998046875,94.25299835205078
2026-05-08,29234.990234375,24176.150390625,4720.39990234375,
2026-05-10,,,,94.42530059814453
2026-05-11,29320.66015625,23815.849609375,4718.7001953125,95.39140319824219
2026-05-12,29064.80078125,23379.55078125,4677.60009765625,95.63300323486328
2026-05-13,29366.939453125,23412.599609375,4697.7001953125,95.69580078125
2026-05-14,29580.30078125,23689.599609375,4678.10009765625,95.70989990234375
2026-05-15,29125.19921875,23643.5,4555.7998046875,
2026-05-17,,,,95.97029876708984
2026-05-18,28994.369140625,23649.94921875,4552.5,96.27020263671875
2026-05-19,28818.83984375,23618.0,4506.2998046875,96.56580352783203
2026-05-20,29297.69921875,23659.0,4531.2998046875,96.5282974243164
2026-05-21,29357.26953125,23654.69921875,4539.7998046875,96.17389678955078
2026-05-22,29481.640625,23719.30078125,4521.0,
2026-05-24,,,,95.71949768066406
2026-05-25,,24031.69921875,,95.25279998779297
2026-05-26,30001.3203125,23913.69921875,4500.39990234375,95.90499877929688
2026-05-27,29973.5703125,23907.150390625,4447.5,96.04889678955078
2026-05-28,30223.890625,,4499.2998046875,96.04820251464844
2026-05-29,30333.1796875,23547.75,4560.5,
2026-05-31,,,,95.00299835205078
2026-06-01,30513.859375,23382.599609375,4475.2001953125,95.55139923095703
2026-06-02,30660.599609375,23483.55078125,4489.10009765625,95.26300048828125
2026-06-03,30571.240234375,23405.599609375,4436.7001953125,96.16449737548828
2026-06-04,30407.810546875,23416.55078125,4475.7998046875,95.79029846191406
2026-06-05,28957.599609375,23366.69921875,4337.10009765625,
2026-06-07,,,,94.95030212402344
2026-06-08,29414.259765625,23123.0,4335.89990234375,95.68830108642578
2026-06-09,29084.5,23242.099609375,4260.0,95.36029815673828
2026-06-10,28508.029296875,23214.94921875,4108.2001953125,95.64450073242188
2026-06-11,29446.1796875,23161.599609375,4090.300048828125,95.76010131835938
2026-06-12,29635.94921875,23622.900390625,4215.0,
2026-06-14,,,,95.11029815673828
2026-06-15,30543.919921875,23853.900390625,4328.0,94.74169921875
2026-06-16,29968.130859375,23989.150390625,4330.89990234375,94.88860321044922
2026-06-17,29670.94921875,24085.69921875,4358.89990234375,94.85890197753906
2026-06-18,30406.189453125,24168.0,4224.10009765625,94.33989715576172
2026-06-19,,24013.099609375,,
2026-06-21,,,,94.3302993774414
2026-06-22,30347.080078125,24102.900390625,4181.89990234375,94.70059967041016
2026-06-23,29347.26953125,23824.099609375,4129.89990234375,95.18370056152344
2026-06-24,29220.060546875,24021.650390625,3990.300048828125,94.4406967163086
2026-06-25,29440.3203125,24056.0,4030.5,94.40039825439453
2026-06-26,29118.240234375,,4078.699951171875,
2026-06-28,,,,94.36029815673828
2026-06-29,29774.75,23946.25,4022.300048828125,94.79049682617188
2026-06-30,30276.349609375,23865.75,4022.89990234375,94.91799926757812
2026-07-01,29809.130859375,24005.849609375,4068.300048828125,95.4175033569336
2026-07-02,29329.2109375,24175.69921875,4112.7001953125,95.527099609375
2026-07-03,,24270.849609375,,
2026-07-05,,,,95.21479797363281
2026-07-06,29697.869140625,24430.349609375,4155.10009765625,95.60350036621094
2026-07-07,29173.01953125,24398.69921875,4145.2998046875,95.59339904785156
2026-07-08,29252.560546875,23882.05078125,4070.89990234375,95.86180114746094
2026-07-09,29727.099609375,23962.80078125,4130.60009765625,95.39019775390625
2026-07-10,29825.109375,24206.900390625,4104.10009765625,
2026-07-12,,,,95.32499694824219
2026-07-13,29264.099609375,24211.0,3997.0,96.29889678955078
2026-07-14,29586.2890625,24052.05078125,4061.10009765625,96.42530059814453
2026-07-15,29502.599609375,24078.5,4044.0,96.49859619140625
2026-07-16,29025.76953125,24072.75,3985.60009765625,96.6521987915039
2026-07-17,28592.66015625,24334.30078125,4012.699951171875,
2026-07-19,,,,96.28479766845703
2026-07-20,28604.23046875,24238.5,4010.300048828125,96.4896011352539
2026-07-21,29155.1796875,24187.69921875,4071.10009765625,96.34089660644531
2026-07-22,28998.099609375,23996.25,4146.89990234375,96.55709838867188
2026-07-23,28454.810546875,23869.599609375,4046.60009765625,96.87689971923828
2026-07-24,28128.33984375,23767.44921875,4067.60009765625,
2026-07-26,,,,96.56729888916016
2026-07-27,28039.2109375,23995.94921875,4074.5,95.77410125732422
2026-07-28,27763.130859375,23985.349609375,4036.300048828125,95.59870147705078
2026-07-29,27192.310546875,24250.19921875,4034.699951171875,95.72859954833984
2026-07-30,28106.349609375,24317.150390625,4100.10009765625,95.68479919433594
2026-07-31,28274.19921875,24383.599609375,4049.10009765625,
2026-08-01,,,,95.38999938964844
