,nasdaq100,nifty50,gold
2007-09-17,79753.52471656865,4494.64990234375,28787.32743189088
2007-09-18,81481.96894007782,4546.2001953125,28655.62158849486
2007-09-19,80868.4792460571,4732.35009765625,28602.031211853027
2007-09-20,80836.90004788665,4747.5498046875,29127.54930621339
2007-09-21,81507.81976141967,4837.5498046875,29087.779305755626
2007-09-24,81590.53468608856,4932.2001953125,29035.08492002869
2007-09-25,82311.00528211147,4938.85009765625,28995.501408190932
2007-09-26,82810.52723823488,4940.5,28879.279327050783
2007-09-27,82964.63159819786,5000.5498046875,28996.60354209901
2007-09-28,82755.6840966111,5021.35009765625,29396.310083618155
2007-10-01,83774.85659152735,5068.9501953125,29568.947474035667
2007-10-03,82471.63970864471,5210.7998046875,28600.22803195496
2007-10-04,82969.59153862298,5208.64990234375,29073.007618347183
2007-10-05,84707.74064737558,5185.85009765625,29210.925114074722
2007-10-08,84702.4430416748,5085.10009765625,28692.782627502456
2007-10-09,85057.14856322482,5327.25,28887.645393829327
2007-10-10,85415.98664654419,5441.4501953125,29050.335403100587
2007-10-11,83699.26695913076,5524.85009765625,29372.073939880356
2007-10-12,85148.52132689208,5428.25,29270.42789117433
2007-10-15,84532.50690561533,5670.39990234375,29644.248619873077
2007-10-16,84907.64414419793,5668.0498046875,29879.547508239746
2007-10-17,86195.87911594845,5559.2998046875,29962.912731170654
2007-10-18,86297.66643945314,5351.0,30143.744619827252
2007-10-19,84071.11070791632,5215.2998046875,30139.800582885742
2007-10-22,85035.89180064388,5184.0,29789.85721081542
2007-10-23,86828.95980834961,5473.7001953125,29885.625
2007-10-24,86390.21560424007,5496.14990234375,30062.635510913096
2007-10-25,84807.23928559572,5568.9501953125,30105.015489379875
2007-10-26,86104.74343786016,5702.2998046875,30756.317936340347
2007-10-29,86407.11257254332,5905.89990234375,30944.55566300964
2007-10-30,86781.15635444503,5868.75,30830.83359721373
2007-10-31,87709.80127658509,5900.64990234375,31025.807830810547
2007-11-01,86248.183743353,5866.4501953125,31039.72008941346
2007-11-02,86772.2462347839,5932.39990234375,31579.41173257446
2007-11-05,86382.04325488769,5847.2998046875,31722.773060842883
2007-11-06,87212.98274047393,5786.5,32187.67164654541
2007-11-07,84887.62730407063,5782.35009765625,32516.200344085693
2007-11-08,82664.67154732905,5698.75,32780.76573790284
2007-11-12,77843.38759199949,5617.10009765625,31645.376604193123
2007-11-13,81306.45063854009,5695.39990234375,31372.212591284188
2007-11-14,80013.84149619285,5937.89990234375,31918.378635406494
2007-11-15,79370.31498952303,5912.10009765625,30818.28410899965
2007-11-16,80254.6915278472,5906.85009765625,30779.79737876891
2007-11-19,79137.73480634764,5907.64990234375,30415.60257379152
2007-11-20,79484.32475266978,5780.89990234375,30944.98492317507
2007-11-21,78760.44923471985,5561.0498046875,31309.78789355466
2007-11-23,80344.43787094112,5608.60009765625,32630.39874267578
2007-11-26,78778.65238439944,5731.7001953125,32709.598739624023
2007-11-27,80772.81174100097,5698.14990234375,32316.909361996455
2007-11-28,83042.39791984949,5617.5498046875,31708.76254753722
2007-11-29,83199.06748216599,5634.60009765625,31472.407897439552
2007-11-30,82425.44817828387,5762.75,30861.702913879417
2007-12-03,81651.86729899142,5865.0,31133.119308926398
2007-12-04,81028.13387644477,5858.35009765625,31532.75807332457
2007-12-05,82708.61518990807,5940.0,31419.904050827026
2007-12-06,83812.38131700456,5954.7001953125,31560.869511621073
2007-12-07,83836.80130004883,5974.2998046875,31267.585445800796
2007-12-10,83994.71788815409,5960.60009765625,31778.150709918234
2007-12-11,81875.6072826758,6097.25,31882.34056501463
2007-12-12,82570.84136764146,6159.2998046875,31965.66795730591
2007-12-13,82339.7694695387,6058.10009765625,31407.889488220215
2007-12-14,81309.60409320239,6047.7001953125,31129.092852523783
2007-12-17,79564.962542627,5777.0,31293.660792565905
2007-12-18,79907.11161516234,5742.2998046875,31616.51988220215
2007-12-19,80204.19340896606,5751.14990234375,31635.439380508382
2007-12-20,81729.58753615245,5766.5,31559.60801378172
2007-12-24,83552.59450127184,5985.10009765625,31904.024227880873
2007-12-26,84174.06298770756,6070.75,32536.13949584961
2007-12-27,82552.41021850146,6081.5,32478.632079846226
2007-12-28,82691.17691568751,6079.7001953125,32950.10014508059
2007-12-31,81823.0729402909,6138.60009765625,32765.650566360448
2008-01-02,80707.32971191406,6179.39990234375,33744.375
2008-01-03,80742.91297921631,6178.5498046875,34095.44071601564
2008-01-04,76763.81756044924,6274.2998046875,33742.894599121064
2008-01-07,76757.09487155266,6279.10009765625,33707.49491820065
2008-01-08,74877.29132515751,6287.85009765625,34414.08724975586
2008-01-09,76433.98012418207,6272.0,34487.83460044861
2008-01-10,76613.94603938842,6156.9501953125,34968.907324948115
2008-01-11,74781.31157569587,6200.10009765625,35033.02963940427
2008-01-14,76439.8146634628,6206.7998046875,35358.04538959963
2008-01-15,74233.17648376338,6074.25,35311.99320983887
2008-01-16,73339.47580559179,5935.75,34493.98290674435
2008-01-17,72193.74362860713,5913.2001953125,34468.48616409302
2008-01-18,72443.23094888823,5705.2998046875,34601.347069897456
2008-01-22,70585.43099006498,4899.2998046875,34970.17626196286
2008-01-23,70638.11808186583,5203.39990234375,34834.92212295532
2008-01-24,71924.01426227903,5033.4501953125,35648.62903022766
2008-01-25,70269.65620600898,5383.35009765625,35759.888889312744
2008-01-28,70930.61356796883,5274.10009765625,36430.39184307866
2008-01-29,70878.74076812435,5280.7998046875,36273.169195770286
2008-01-30,71159.44357501343,5167.60009765625,36222.84735175781
2008-01-31,72393.58609038265,5137.4501953125,36275.027519625844
2008-02-01,72862.01726893522,5317.25,35687.37449788512
2008-02-04,71820.63434555661,5463.5,35537.23317886656
2008-02-05,69965.95398359466,5483.89990234375,34949.64205240784
2008-02-06,68830.196047551,5322.5498046875,35610.07505041198
2008-02-07,69183.46598463133,5133.25,35753.798604821786
2008-02-08,70124.81024326477,5120.35009765625,36308.94482507324
2008-02-11,70873.67574007809,4857.0,36478.54726625979
2008-02-12,70464.87340434268,4838.25,35910.3566584778
2008-02-13,72252.77994155884,4929.4501953125,35928.21997642517
2008-02-14,70745.6608691751,5202.0,35911.263560052495
2008-02-15,70476.34086329956,5302.89990234375,35737.33669024659
2008-02-19,70036.48959889077,5280.7998046875,36772.12130361935
2008-02-20,71737.51432203222,5154.4501953125,37509.23436486209
2008-02-21,70501.8680660706,5191.7998046875,37763.58139169309
2008-02-22,70893.25895166025,5110.75,37764.38154647825
2008-02-25,71263.06020611152,5200.7001953125,37422.426137377974
2008-02-26,71321.00752292015,5270.0498046875,37668.969228683505
2008-02-27,71439.61380257271,5268.39990234375,38030.9571686096
2008-02-28,71448.22119996697,5285.10009765625,38402.533824920654
2008-02-29,69653.72621318512,5223.5,38796.50987730408
2008-03-03,69771.05416965671,4953.0,39509.302587509155
2008-03-04,70112.43069810793,4864.25,38757.45572867431
2008-03-05,70447.91864761384,4921.39990234375,39619.59907973022
2008-03-07,68708.08979034424,4771.60009765625,39120.35474840086
2008-03-10,67446.53122253995,4800.39990234375,39100.54878505552
2008-03-11,69942.66296009067,4865.89990234375,39138.484747161856
2008-03-12,69370.76352617005,4872.0,39131.44480158691
2008-03-13,70233.0515411133,4623.60009765625,39815.04525529174
2008-03-14,68681.73679644009,4745.7998046875,40002.86625076295
2008-03-17,68118.60762113705,4503.10009765625,40430.52513577882
2008-03-18,70713.20247829892,4533.0,40282.49261662597
2008-03-19,68851.77110350924,4573.9501953125,37913.64504213561
2008-03-24,72911.66747277835,4609.85009765625,36901.88627055357
2008-03-25,73076.47424801812,4877.5,37432.596482342575
2008-03-26,72794.7846916113,4828.85009765625,38014.09224700928
2008-03-27,71017.81609256286,4830.25,37899.81522283936
2008-03-28,70022.28638904868,4942.0,36865.719594818074
2008-03-31,71079.4078037152,4734.5,36546.30223100586
2008-04-01,74070.75742282718,4739.5498046875,35245.36735797115
2008-04-02,73737.53905988764,4754.2001953125,35704.15627604979
2008-04-03,73845.83618383482,4771.60009765625,36023.52527618408
2008-04-04,74270.95572505798,4647.0,36182.745277404785
2008-04-07,74114.99365066504,4761.2001953125,36750.21746274107
2008-04-08,73507.75944220461,4709.64990234375,36392.73922729492
2008-04-09,72846.71564807743,4747.0498046875,37241.30245629884
2008-04-10,73701.88341212459,4733.0,36923.1334309387
2008-04-11,71544.08957934566,4777.7998046875,36736.190438232385
2008-04-15,71482.29781786166,4879.64990234375,36989.191454135114
2008-04-16,73639.20170764346,4887.2998046875,37683.02778403927
2008-04-17,72998.25447768066,4958.39990234375,37266.82808497315
2008-04-21,76195.74147239747,5037.0,36430.6712766632
2008-04-22,75002.57112161256,5049.2998046875,36762.87807635497
2008-04-23,76333.13417745056,5022.7998046875,36279.71735043335
2008-04-24,77108.29329632269,4999.85009765625,35529.64029309084
2008-04-25,76867.90330456244,5111.7001953125,35545.6672706909
2008-04-28,77507.37692622375,5089.64990234375,35983.87030265806
2008-04-29,78090.37168247066,5195.5,35305.44308027346
2008-04-30,77448.23327125236,5165.89990234375,34845.04167619627
2008-05-02,80236.00796195678,5228.2001953125,34659.20803411864
2008-05-05,80362.52533868467,5192.25,35479.05769632873
2008-05-06,82244.04592119809,5144.64990234375,36192.8176574707
2008-05-07,81374.21732133487,5135.5,36262.31964538572
2008-05-08,81451.60325240297,5081.7001953125,36467.40508713992
2008-05-09,81179.52864490077,4982.60009765625,36628.91289329529
2008-05-12,83822.91634958982,5012.64990234375,37092.42344938964
2008-05-13,84755.84538737638,4957.7998046875,36794.00395774841
2008-05-14,84623.6047326019,5011.75,36666.133185430896
2008-05-15,86059.75128563168,5115.25,37239.71499252319
2008-05-16,86056.78794107027,5157.7001953125,38087.0350151062
2008-05-20,85268.55513600307,5104.9501953125,39189.08901786804
2008-05-21,84295.03077163082,5117.64990234375,39976.38317871094
2008-05-22,83725.24427180178,5025.4501953125,39111.72060052492
2008-05-23,83471.28513120115,4946.5498046875,39439.81552465819
2008-05-27,85348.95589501224,4859.7998046875,38824.144340402214
2008-05-28,85354.98240322853,4918.35009765625,38429.7368183136
2008-05-29,85870.93687697873,4835.2998046875,37308.19216651609
2008-05-30,86447.22878793161,4870.10009765625,37737.754210284445
2008-06-02,84772.93499981565,4739.60009765625,37717.88334903261
2008-06-03,84887.54021248966,4715.89990234375,37478.57907685544
2008-06-04,86503.90627994388,4585.60009765625,37653.56110029295
2008-06-05,87786.08253331203,4676.9501953125,37239.80793269654
2008-06-06,85021.49907607818,4627.7998046875,38247.90708764037
2008-06-09,84790.98125191033,4500.9501953125,38320.0031610718
2008-06-10,84016.39493412897,4449.7998046875,36966.46444204403
2008-06-11,82263.18234844785,4523.60009765625,37606.29630507203
2008-06-12,82417.9829446692,4539.35009765625,37228.706836926285
2008-06-13,84206.17724818178,4517.10009765625,37275.819892657455
2008-06-16,84773.07311074343,4572.5,37740.32374818111
2008-06-17,84519.55027253972,4653.0,37885.179240438854
2008-06-18,83612.4385323883,4582.39990234375,38178.62972780457
2008-06-19,84859.12797951512,4504.25,38592.75983451842
2008-06-20,82535.0911557083,4347.5498046875,38575.63878990174
2008-06-23,81981.50857317075,4266.39990234375,37911.90949892579
2008-06-24,81268.75487448182,4191.10009765625,37959.058588427724
2008-06-25,82482.99692144897,4252.64990234375,37533.76037597656
2008-06-26,79252.98475881806,4315.85009765625,39003.06559648132
2008-06-27,79267.07883174438,4136.64990234375,39695.049120376585
2008-06-30,78722.98140180996,4040.550048828125,39689.52402544557
2008-07-01,80308.87429989874,3896.75,40634.943504333496
2008-07-02,78452.23005508725,4093.35009765625,40812.52374637453
2008-07-03,78257.43703520205,3925.75,40150.91169869993
2008-07-07,79091.45555073302,4030.0,40144.670901739504
2008-07-08,80601.6481854273,3988.550048828125,39709.00146777043
2008-07-09,78392.10515348567,4157.10009765625,39959.210196707165
2008-07-10,78792.4612867944,4162.2001953125,40300.630534838885
2008-07-11,77563.61369546875,4049.0,41097.30470275879
2008-07-14,77514.87270276062,4039.699951171875,41934.07028562622
2008-07-15,77494.49544662936,3861.10009765625,42131.04800107726
2008-07-16,78790.4069044278,3816.699951171875,41098.67430977174
2008-07-17,79172.8225332303,3947.199951171875,41434.51961517334
2008-07-18,77881.0911223758,4092.25,40892.02589877625
2008-07-21,77618.22347439453,4159.5,41079.10314110108
2008-07-22,76502.57793687377,4240.10009765625,39813.15756225586
2008-07-23,77506.13723563589,4476.7998046875,38737.109933373984
2008-07-24,76818.2793924585,4433.5498046875,38980.31588745117
2008-07-25,78068.44273894653,4311.85009765625,39174.79365471192
2008-07-28,76655.92033393495,4332.10009765625,39437.83948630374
2008-07-29,78271.6218254501,4189.85009765625,38865.44079219969
2008-07-30,78621.7137663085,4313.5498046875,38313.65792761836
2008-07-31,78466.82863722835,4332.9501953125,38780.431906805374
2008-08-01,77508.24607035145,4413.5498046875,38572.50428009033
2008-08-04,76586.57569469977,4395.35009765625,38194.84066094365
2008-08-05,79341.3927166406,4502.85009765625,37282.50970162358
2008-08-06,80421.33589651436,4517.5498046875,37155.20770729985
2008-08-07,79779.73405232001,4523.85009765625,36947.282670550514
2008-08-08,81737.63934661075,4529.5,36399.88305897219
2008-08-11,82374.1493182294,4620.39990234375,34859.52944564819
2008-08-12,82367.35842815135,4552.25,34295.15778880613
2008-08-13,82407.6738343127,4529.0498046875,35008.04843902588
2008-08-14,83356.49741041381,4430.7001953125,34295.15778880613
2008-08-18,82012.1860711854,4393.0498046875,33934.46880488889
2008-08-19,80992.92578777578,4368.25,34418.214829339646
2008-08-20,81177.08788918331,4415.75,34384.26814884646
2008-08-21,80910.6011378821,4283.85009765625,35347.52042388916
2008-08-22,81959.99308230169,4327.4501953125,35109.891070471145
2008-08-25,82533.51827871706,4335.35009765625,35804.763841400156
2008-08-26,82345.40966885258,4337.5,35892.318780871574
2008-08-27,82948.10003097542,4292.10009765625,36146.56519790646
2008-08-28,83547.1097869873,4214.0,36248.01356506348
2008-08-29,81689.55920410156,4360.0,36178.21196746826
2008-09-02,81208.19854251528,4504.0,35333.86625289917
2008-09-04,79107.27354973089,4447.75,35564.799273556564
2008-09-05,78815.31821112148,4352.2998046875,35551.425196581986
2008-09-08,78955.47527576145,4482.2998046875,35716.83444023132
2008-09-09,77571.32039281912,4468.7001953125,35465.93631066289
2008-09-10,78890.99380122684,4400.25,34401.08164556883
2008-09-11,80897.95137180481,4290.2998046875,33811.43378847046
2008-09-12,80600.56676056702,4228.4501953125,34678.042789630126
2008-09-15,79627.92323407903,4072.89990234375,36562.93678468326
2008-09-16,79457.67603896232,4074.89990234375,35786.556898117065
2008-09-17,75956.26268207096,4008.25,39391.449695642106
2008-09-18,77580.58621658944,4038.14990234375,40800.855692504905
2008-09-19,79757.97317332774,4245.25,39333.72345996089
2008-09-22,76253.40193039738,4223.0498046875,41373.31133819884
2008-09-23,75653.31987506105,4126.89990234375,40640.02290534973
2008-09-24,76703.60102905892,4161.25,41045.12837219238
2008-09-25,78467.70402440801,4110.5498046875,40811.29613187257
2008-09-26,77746.51957328618,3985.25,41053.086305188015
2008-09-29,69722.08989027562,3850.050048828125,41391.01031388552
2008-09-30,74257.13757860474,3921.199951171875,40708.87314229738
2008-10-01,72558.75574534293,3950.75,40863.59833441465
2008-10-03,69089.76508606691,3818.300048828125,38935.92049265746
2008-10-06,67343.4583276147,3602.35009765625,41166.31789244688
2008-10-07,63772.54107817076,3606.60009765625,42119.28184082033
2008-10-08,63321.06964779692,3513.64990234375,42976.72276816098
2008-10-10,61487.52819066774,3279.949951171875,41421.035669354256
2008-10-13,68615.06436546147,3490.699951171875,40265.524293469265
2008-10-14,66052.97562977299,3518.64990234375,40481.099888244644
2008-10-15,60535.52108786255,3338.39990234375,40649.581398010254
2008-10-16,64103.135323827155,3269.300048828125,39131.63599205017
2008-10-17,64042.10657150019,3074.35009765625,38330.93756955257
2008-10-20,66145.90533056762,3122.800048828125,38511.27550147707
2008-10-21,63155.026318010874,3234.89990234375,37698.24773890991
2008-10-22,61341.104822610505,3065.14990234375,36360.679223358165
2008-10-23,61654.40882417606,2943.14990234375,35490.241654525744
2008-10-24,59818.94610594027,2584.0,36276.37006404111
2008-10-27,58161.46448459476,2524.199951171875,36877.32551232912
2008-10-29,64430.19816705445,2697.050048828125,37249.295437854016
2008-10-31,65942.1376244165,2885.60009765625,35412.06970943604
2008-11-03,64565.86321640015,3043.85009765625,35089.776177929714
2008-11-04,65686.27383798826,3142.10009765625,36026.42349243164
2008-11-05,61396.754616575316,2994.949951171875,35010.85719134216
2008-11-06,58963.76848951075,2892.64990234375,34714.453051464865
2008-11-07,60471.88925586548,2973.0,34867.32680426026
2008-11-10,59162.29177093506,3148.25,35260.91390888672
2008-11-11,58692.27779836487,2938.64990234375,35054.747955322266
2008-11-12,57435.75336282654,2848.449951171875,35371.844992111204
2008-11-14,57545.89164418122,2810.35009765625,36216.501093334984
2008-11-17,56199.51784573123,2799.550048828125,36194.33407032164
2008-11-18,57304.39734649658,2683.14990234375,36323.7725260742
2008-11-19,54001.51445246581,2635.0,36538.90832661744
2008-11-20,52241.14201441407,2553.14990234375,37730.1881005615
2008-11-21,53787.82006314909,2693.449951171875,39227.15247060242
2008-11-24,57479.20277849492,2708.25,40801.20376541745
2008-11-25,56652.54217027221,2654.0,40578.72856037598
2008-11-26,58806.21307300776,2752.25,39850.15768432617
2008-11-28,59133.35123348236,2755.10009765625,40703.89373696898
2008-12-01,54763.1394957141,2682.89990234375,38875.623361956794
2008-12-02,56602.82955169678,2657.800048828125,39136.09737857361
2008-12-03,58132.73466776125,2656.449951171875,38323.141463037115
2008-12-04,55909.33424091339,2788.0,37866.1483579895
2008-12-05,58378.77024448151,2714.39990234375,37197.03129386902
2008-12-08,60543.69491289742,2784.0,37925.67770726932
2008-12-10,59863.615456868894,2928.25,39526.106759539805
2008-12-11,57122.45678927004,2920.14990234375,39916.911677917466
2008-12-12,58200.352689709514,2921.35009765625,39498.00627705082
2008-12-15,56123.459881044924,2981.199951171875,39670.64055144042
2008-12-16,59399.031788879074,3041.75,40206.32749312441
2008-12-17,58315.3843156714,2954.35009765625,41267.84175872803
2008-12-18,56195.170924728736,3060.75,40097.75951026613
2008-12-19,57254.17827227153,3077.5,39342.58284241939
2008-12-22,56999.52652348019,3039.300048828125,40560.90404886473
2008-12-23,57538.52811436914,2968.64990234375,40713.03748785402
2008-12-24,56931.67028473504,2916.85009765625,40721.78883720096
2008-12-26,57710.771075703204,2857.25,42373.68321979977
2008-12-29,56331.14271739498,2922.199951171875,41995.66553303227
2008-12-30,58204.9222605438,2979.5,42117.58507179259
2008-12-31,58237.95675951382,2959.14990234375,42470.23161309818
2009-01-02,60967.20279450994,3046.75,42397.70447241212
2009-01-05,60890.078137559816,3121.449951171875,41341.899467211915
2009-01-06,61819.138337620534,3112.800048828125,41976.22910855105
2009-01-07,60135.265789312776,2920.39990234375,40836.24381093448
2009-01-09,59276.84732447844,2873.0,41406.210530862445
2009-01-12,58245.19689323334,2773.10009765625,39777.98748369445
2009-01-13,58773.50540854642,2744.949951171875,40078.28493092349
2009-01-14,56600.38691317756,2835.300048828125,39318.93182708742
2009-01-15,57601.91718349606,2736.699951171875,39262.08811700437
2009-01-16,58281.12659732485,2828.449951171875,40826.07061249693
2009-01-20,55590.45822448516,2796.60009765625,41797.6305449768
2009-01-21,58259.9458722705,2706.14990234375,41743.39510783693
2009-01-22,57330.53382029291,2713.800048828125,42121.31589912111
2009-01-23,57639.778568188194,2678.550048828125,43885.816195077496
2009-01-27,58276.46041506715,2771.35009765625,43872.86812489014
2009-01-28,60302.522161393426,2849.5,43332.1738461731
2009-01-29,58835.76117940061,2823.949951171875,44234.952101184055
2009-01-30,57517.12526702881,2874.800048828125,45190.111889855936
2009-02-02,58502.06783771515,2766.64990234375,44360.29740547179
2009-02-03,59246.40749997925,2783.89990234375,43472.51205444336
2009-02-04,59010.34294276452,2803.050048828125,43773.579231543
2009-02-05,60655.53312639007,2780.050048828125,44506.02295007324
2009-02-06,61434.4938253006,2843.10009765625,43949.45231352234
2009-02-09,62206.16468536528,2919.89990234375,43313.526958581526
2009-02-10,59733.6604151614,2934.5,44398.510128762806
2009-02-11,59644.45087044686,2925.699951171875,45876.23141958006
2009-02-12,60583.2639743574,2893.050048828125,46236.531063079834
2009-02-13,60308.802733558696,2948.35009765625,45907.53841972351
2009-02-17,58699.1308372803,2770.5,47818.15073776245
2009-02-18,59313.68066868745,2776.14990234375,48782.34255662537
2009-02-19,57927.34294450376,2789.35009765625,48414.55729965214
2009-02-20,57542.533293776214,2736.449951171875,49156.322595910635
2009-02-24,58307.74783188943,2733.89990234375,48235.98049906315
2009-02-25,57753.61069830693,2762.5,48045.5059463745
2009-02-26,56571.40348804928,2785.64990234375,47270.826251928695
2009-02-27,56575.54470976256,2763.64990234375,47686.97643661499
2009-03-02,55498.0356295011,2674.60009765625,48401.695346832275
2009-03-03,56074.887844319455,2622.39990234375,47369.46931110229
2009-03-04,57104.951230352744,2645.199951171875,46597.39128112793
2009-03-05,55545.16422221437,2576.699951171875,47919.41173553467
2009-03-06,54900.187404940836,2620.14990234375,48578.44236484682
2009-03-09,54058.89413102204,2573.14990234375,47524.92938392027
2009-03-12,60130.47987373173,2617.449951171875,47687.85951540526
2009-03-13,60165.92543130368,2719.25,47874.47009595949
2009-03-16,58748.9842235595,2777.25,47267.94249782711
2009-03-17,61152.36022124626,2757.449951171875,47006.737574340776
2009-03-18,61832.5582463257,2794.699951171875,45528.10121855163
2009-03-19,60588.61898237094,2807.14990234375,48215.90479620057
2009-03-20,60057.06604255317,2807.050048828125,48352.010978387436
2009-03-23,63373.48626399785,2939.89990234375,47894.43798543699
2009-03-24,62121.860707401764,2938.699951171875,46467.840968515025
2009-03-25,62323.95495001646,2984.35009765625,47141.3544309265
2009-03-26,64508.33311854862,3082.25,47305.101001684554
2009-03-27,63731.107303260826,3108.64990234375,47003.774295806885
2009-03-30,61997.61849995516,2978.14990234375,46492.752363204956
2009-03-31,62522.19601757079,3020.949951171875,46630.969890307635
2009-04-01,62927.35681490693,3060.35009765625,46528.189919119235
2009-04-02,64518.268280999735,3211.050048828125,45232.07602930907
2009-04-06,65455.40702199098,3256.60009765625,43442.53162765503
2009-04-08,64816.374881744385,3342.949951171875,44089.5850118408
2009-04-09,66515.41508523189,3342.050048828125,43781.820751989726
2009-04-13,66476.61357988045,3382.60009765625,44496.117236120626
2009-04-15,65502.95694207307,3484.14990234375,44421.26434625243
2009-04-16,67151.10234933533,3369.5,43641.41696730652
2009-04-17,67197.75957977539,3384.39990234375,43050.7979852478
2009-04-20,65818.0993068628,3377.10009765625,44586.82748413086
2009-04-21,66838.43156347051,3365.300048828125,44360.808579803444
2009-04-22,66585.63850140385,3330.300048828125,44456.2280307007
2009-04-23,66694.83894468937,3423.699951171875,44940.79536170047
2009-04-24,68127.05056593753,3480.75,45322.7822483154
2009-04-27,69094.29201356135,3470.0,45765.62837902224
2009-04-28,67920.31230878411,3362.35009765625,44524.826747180196
2009-04-29,67996.50730049377,3473.949951171875,44259.3615524231
2009-05-04,70414.13481039181,3654.0,44458.79713901365
2009-05-05,70205.2244572863,3661.89990234375,44559.638988439925
2009-05-06,70039.17834371189,3625.050048828125,44787.49374961853
2009-05-07,68310.1444608001,3683.89990234375,44972.2513961792
2009-05-08,68522.96780725103,3620.699951171875,44942.76259521488
2009-05-11,68774.76093347743,3554.60009765625,44986.247913360596
2009-05-12,68223.99817122798,3681.10009765625,45741.87686538696
2009-05-13,66663.24089459376,3635.25,46048.25348854065
2009-05-14,67184.01451017847,3593.449951171875,45854.33483886719
2009-05-15,66958.69290064974,3671.64990234375,45997.63084158627
2009-05-18,66057.18339866027,4323.14990234375,43697.25870217895
2009-05-19,66027.10860202182,4318.4501953125,43747.296417123405
2009-05-20,65826.78653269168,4270.2998046875,44255.44605636597
2009-05-21,64465.60286654206,4210.89990234375,44825.465859741205
2009-05-22,64266.65234581148,4238.5,45188.48293876648
2009-05-26,67111.68619901827,4116.7001953125,45280.825663919095
2009-05-27,66610.32757636718,4276.0498046875,45291.29799822997
2009-05-28,66710.54565606639,4337.10009765625,45160.69520187378
2009-05-29,67427.28734823782,4448.9501953125,45973.258359143045
2009-06-01,69322.71813021973,4529.89990234375,45926.67521530762
2009-06-02,69413.21724085137,4525.25,46103.23063221434
2009-06-03,69537.48601441644,4530.7001953125,45456.88603019714
2009-06-04,70109.5177091388,4572.64990234375,46084.02004506835
2009-06-05,70131.59082270786,4586.89990234375,45168.163563516224
2009-06-08,70335.615055589,4429.89990234375,44970.679108465556
2009-06-09,70798.08709342964,4550.9501953125,44981.10145568848
2009-06-10,70823.46698485874,4655.25,45186.211601257324
2009-06-11,70822.04371952452,4637.7001953125,45478.139303631615
2009-06-12,70488.98652483709,4583.39990234375,44475.1879662415
2009-06-15,69489.70489228517,4484.0,44208.49638156127
2009-06-16,69268.78220844269,4517.7998046875,44712.139833190944
2009-06-17,69821.57358909119,4356.14990234375,44859.91454212647
2009-06-18,69939.415233545,4251.39990234375,44932.873596191406
2009-06-19,70777.93441469967,4313.60009765625,45009.84522441402
2009-06-22,69321.831058566,4235.25,44733.79314274294
2009-06-23,68874.06604913995,4247.0,44671.49168757023
2009-06-24,70198.33279880136,4292.9501953125,45314.1253979858
2009-06-25,70892.48590405704,4241.85009765625,45110.605768087786
2009-06-26,71102.88381553348,4375.5,45187.46512609557
2009-06-29,70928.55378220556,4390.9501953125,44952.06033297116
2009-06-30,70689.3687582016,4291.10009765625,44363.58913515927
2009-07-01,70895.45114205685,4340.89990234375,45035.32009124756
2009-07-02,69233.42345764767,4348.85009765625,44552.608590255724
2009-07-06,69328.43266778626,4165.7001953125,44454.564056396484
2009-07-07,68605.24482013006,4202.14990234375,45359.80667618406
2009-07-08,68731.63283654116,4078.89990234375,44261.93772125244
2009-07-09,69151.48433685489,4080.949951171875,44760.94861173397
2009-07-10,69388.9966731104,4003.89990234375,44580.12532114866
2009-07-13,70572.47881021723,3974.050048828125,44955.40720822755
2009-07-14,70156.19123768061,4111.39990234375,44546.60385131836
2009-07-15,72754.0016410388,4233.5,45519.11554712523
2009-07-16,73871.76349283569,4231.39990234375,45479.52389652096
2009-07-17,74279.82025859132,4374.9501953125,45581.66128095705
2009-07-20,74658.57614135742,4502.25,45863.76908683777
2009-07-21,75235.56944915466,4469.10009765625,45858.035528381355
2009-07-22,75703.74671936035,4398.89990234375,46099.47004699707
2009-07-23,77081.160250647,4523.75,45940.08601951599
2009-07-24,76962.7623280976,4568.5498046875,45858.26443017577
2009-07-27,76979.59012295865,4572.2998046875,45885.187759683235
2009-07-28,77691.90007854253,4564.10009765625,45440.08639526367
2009-07-29,77221.17448365781,4513.5,44760.582004089374
2009-07-30,76671.66750312317,4571.4501953125,44525.54804918822
2009-07-31,76361.62178160157,4636.4501953125,45420.91625748901
2009-08-03,77286.85815566406,4711.39990234375,45409.80200878903
2009-08-04,77467.26833847351,4680.5,46023.97470474243
2009-08-05,76869.94080813974,4694.14990234375,45909.41785112303
2009-08-06,76604.28304965422,4585.5,45987.74838592834
2009-08-07,77523.36550233979,4481.39990234375,45824.99261901551
2009-08-10,77162.14795253426,4437.64990234375,45278.731384277344
2009-08-11,77002.79120537452,4471.35009765625,45669.842827154556
2009-08-12,77827.77760145627,4457.5,45684.93919896241
2009-08-13,78517.21618592832,4605.0,46026.08671444701
2009-08-14,77694.26820595097,4580.0498046875,45654.869132995605
2009-08-17,76192.92863378813,4387.89990234375,45490.13133581239
2009-08-18,77216.54377555847,4458.89990234375,45638.79863909609
2009-08-19,77620.79285066435,4394.10009765625,45859.47327167052
2009-08-20,78181.51367353275,4453.4501953125,45541.54804616701
2009-08-21,79322.59795976803,4528.7998046875,46166.33491129149
2009-08-24,79569.6489147516,4642.7998046875,45864.56762217102
2009-08-25,79984.48093816219,4659.35009765625,46067.041357040405
2009-08-26,80031.29290008545,4680.85009765625,46165.88204557495
2009-08-27,79632.99053796753,4688.2001953125,45883.22388458252
2009-08-28,79743.15004550293,4732.35009765625,46441.29588317871
2009-08-31,79322.26847789437,4662.10009765625,46450.572917883284
2009-09-01,78023.80488162115,4625.35009765625,46677.19136525877
2009-09-02,77853.47696257569,4608.35009765625,47690.30678660888
2009-09-03,78400.73196079955,4593.5498046875,48612.96459420165
2009-09-04,79967.29993767757,4680.39990234375,48569.03018125612
2009-09-08,80158.99696574546,4805.25,48338.27581221005
2009-09-09,81081.17926174589,4814.25,48345.702913143905
2009-09-10,81600.03039218998,4819.39990234375,48171.389783941675
2009-09-11,81566.15104700252,4829.5498046875,48631.132793508936
2009-09-14,82098.24257051758,4808.60009765625,48466.15475469362
2009-09-15,81825.57263493072,4892.10009765625,48386.7299079895
2009-09-16,82773.51445117034,4958.39990234375,48927.5796387787
2009-09-17,82677.71667918982,4965.5498046875,48628.86499091494
2009-09-18,82877.07554452028,4976.0498046875,48479.948369299294
2009-09-22,83151.34832149139,5020.2001953125,48631.90500199585
2009-09-23,82606.32972694002,4969.9501953125,48530.804958343506
2009-09-24,81962.47487854492,4986.5498046875,47818.15472602844
2009-09-25,81214.16340504913,4958.9501953125,47468.20791321411
2009-09-29,82121.80715988623,5006.85009765625,47480.111196578946
2009-09-30,82061.14237018861,5083.9501953125,48119.90295410156
2009-10-01,79367.77436175104,5083.39990234375,47604.184352874756
2009-10-05,78403.19781949464,5003.2001953125,47571.394501983654
2009-10-06,79461.2387714386,5027.39990234375,48396.68121861573
2009-10-07,79053.57328552101,4985.75,48219.240096627735
2009-10-08,79805.08994930238,5002.25,49031.77452747803
2009-10-09,80268.27485005371,4945.2001953125,48678.69486031495
2009-10-12,80052.4671522989,5054.25,48907.24483977351
2009-10-14,80608.24878712464,5118.2001953125,48886.206933517475
2009-10-15,81005.2326609497,5108.85009765625,48500.76305679325
2009-10-16,80356.5828455505,5142.14990234375,48542.33854576107
2009-10-20,81487.21596098319,5114.4501953125,49081.92387969978
2009-10-21,81628.21938967891,5063.60009765625,49515.23191551212
2009-10-22,81859.53180862125,4988.60009765625,49111.54215194099
2009-10-23,81417.53632846009,4997.0498046875,49009.39714836422
2009-10-26,81311.21116733551,4970.89990234375,48509.753068466205
2009-10-27,80848.82517339662,4846.7001953125,48566.74602391664
2009-10-28,79356.2318056263,4826.14990234375,48588.624797589146
2009-10-29,80734.29938374087,4750.5498046875,49367.06182075199
2009-10-30,78218.40434804931,4711.7001953125,48780.64154758304
2009-11-03,79342.1976928711,4563.89990234375,51233.177307128906
2009-11-04,78655.35677439114,4710.7998046875,50857.55688575748
2009-11-05,80784.52034296235,4765.5498046875,51101.3980090851
2009-11-06,80895.72576146852,4796.14990234375,51184.97469697567
2009-11-09,81997.17238599854,4898.39990234375,51041.89669765625
2009-11-10,82129.69150239322,4881.7001953125,51037.80620512087
2009-11-11,82743.14302073512,5003.9501953125,51698.51305389404
2009-11-12,82734.7128129364,4952.64990234375,51605.95983123779
2009-11-13,82737.51966529572,4998.9501953125,51628.5520235016
2009-11-16,83129.6901286561,5058.0498046875,52364.21478829952
2009-11-17,83778.46566457674,5062.25,52646.72573602293
2009-11-18,83060.21080056764,5054.7001953125,52586.266008453444
2009-11-19,82541.99041962437,4989.0,53132.1702656555
2009-11-20,82114.71289708558,5052.4501953125,53353.45818579104
2009-11-23,83120.69677791744,5103.5498046875,53976.95097430423
2009-11-24,82703.3736371994,5090.5498046875,53962.64911079407
2009-11-25,82526.75571130821,5108.14990234375,54609.26813111873
2009-11-27,82005.61653248593,4941.75,54541.58862777706
2009-11-30,82111.26575892884,5032.7001953125,54871.54288203735
2009-12-01,82642.2572199069,5122.0,55431.99443985289
2009-12-02,82735.88288484188,5123.25,55994.40092468262
2009-12-03,82013.86157226562,5131.7001953125,56000.401123046875
2009-12-04,82639.30701098358,5108.89990234375,53902.720687524416
2009-12-07,82882.64666727139,5066.7001953125,54060.87059476925
2009-12-08,82641.12628359161,5147.9501953125,53275.05271114502
2009-12-09,83271.15910965577,5112.0,52129.97219916992
2009-12-10,83703.09623339446,5134.64990234375,52365.31208064873
2009-12-11,83282.40633737668,5117.2998046875,52021.87685633544
2009-12-14,84426.60919988528,5105.7001953125,52422.16585598141
2009-12-15,84008.77026610449,5033.0498046875,52436.28266218258
2009-12-16,83896.60191093804,5042.0498046875,52900.67542076111
2009-12-17,83343.95932965912,5041.75,51873.50472225342
2009-12-18,84409.13179634279,4987.7001953125,51877.69369735103
2009-12-21,85620.29349989444,4952.60009765625,51284.43921217043
2009-12-22,86085.39005452301,4985.85009765625,50822.62836456299
2009-12-23,86580.53204345703,5144.60009765625,51111.777282714844
2009-12-24,87228.03725866694,5178.39990234375,51506.26554580685
2009-12-29,87161.25468020327,5187.9501953125,51076.321506500244
2009-12-30,87357.2261352539,5169.4501953125,50754.75
2009-12-31,86318.38955735788,5201.0498046875,50817.2794055175
2010-01-04,87331.56394277047,5232.2001953125,51736.09332738351
2010-01-05,87094.39206008753,5277.89990234375,51566.76967976382
2010-01-06,85881.3667021729,5281.7998046875,51933.35050280765
2010-01-07,85743.58150602784,5263.10009765625,51769.07137335511
2010-01-08,86146.91300982935,5244.75,51808.58714893181
2010-01-11,85556.07670060545,5249.39990234375,52193.45035178214
2010-01-12,84931.13805877045,5210.39990234375,51498.161348172
2010-01-13,85796.2797050653,5233.9501953125,51692.56313142087
2010-01-14,85955.51113175415,5259.89990234375,52060.282373797614
2010-01-15,85400.61307201907,5252.2001953125,51761.97076820675
2010-01-19,86903.96533469483,5225.64990234375,52252.96287439577
2010-01-20,86146.11590514984,5221.7001953125,51297.05368580017
2010-01-21,85326.08224609122,5094.14990234375,50843.2912331298
2010-01-22,82961.96161048952,5036.0,50346.088877661154
2010-01-25,83050.52549983794,5007.89990234375,50464.622380835004
2010-01-27,84247.81277402956,4853.10009765625,50227.24119123537
2010-01-28,82086.94091176149,4867.25,50222.691205493174
2010-01-29,80258.46297685057,4882.0498046875,49924.13353729248
2010-02-01,81500.2028336646,4899.7001953125,51115.83867182303
2010-02-02,81916.0113145141,4830.10009765625,51512.139420471154
2010-02-03,81917.73048202507,4931.85009765625,51013.26281646732
2010-02-04,80081.46586213075,4845.35009765625,49093.504155517556
2010-02-05,81404.11230730591,4718.64990234375,49053.560599762015
2010-02-08,81036.24343974609,4760.39990234375,49778.843743560836
2010-02-09,81360.63494394533,4792.64990234375,49948.110077697784
2010-02-10,81150.36684939452,4757.2001953125,49893.45289168693
2010-02-11,82394.3382564392,4826.85009765625,50770.879403991625
2010-02-16,82858.720669223,4855.75,51465.41573274229
2010-02-17,83314.04515605653,4914.0,51505.955350875854
2010-02-18,84131.21416296996,4887.75,51584.51931762695
2010-02-19,84200.915676062,4844.89990234375,51781.63659707643
2010-02-22,83792.74045161437,4856.39990234375,51290.857176818885
2010-02-23,82996.4640667974,4870.0498046875,51019.72305705864
2010-02-24,83897.46006853972,4858.60009765625,50754.79002571106
2010-02-25,83937.73319937894,4859.75,51291.141415557824
2010-02-26,83477.41724041756,4922.2998046875,51329.97394760139
2010-03-02,85207.49185605347,5017.0,52329.23418494873
2010-03-03,84339.00964083103,5088.10009765625,52049.98190406803
2010-03-04,84933.40765676275,5080.25,51725.83881115727
2010-03-05,85835.05610394292,5088.7001953125,51576.66308502201
2010-03-08,85846.40955030825,5124.0,51011.440606079064
2010-03-09,86607.85777177429,5101.5,51107.09914398193
2010-03-10,86875.13002687832,5116.25,50194.4217337342
2010-03-11,87437.16863083653,5133.39990234375,50358.600845336914
2010-03-12,87557.72069798224,5137.0,50116.04821014404
2010-03-15,87475.456084596,5128.89990234375,50346.14320384525
2010-03-16,87704.37197739258,5198.10009765625,50936.65509875491
2010-03-17,87672.03790988773,5231.89990234375,50894.71862792969
2010-03-18,88235.4327539429,5245.89990234375,51172.68642004393
2010-03-19,87442.45993041992,5262.7998046875,50109.85110473633
2010-03-22,88647.85812572017,5205.2001953125,49985.17456213385
2010-03-23,89129.28077880852,5225.2998046875,50098.90168380737
2010-03-25,88662.93428811338,5260.39990234375,49704.73424512334
2010-03-26,88083.14071205445,5282.0,49810.46047131345
2010-03-29,88137.22279007267,5302.85009765625,49896.882669570856
2010-03-30,88164.6047485657,5262.4501953125,49481.599157333374
2010-03-31,87341.95948739629,5249.10009765625,49653.180478973314
2010-04-01,87803.96447422355,5290.5,50413.478195300326
2010-04-05,87696.98055325774,5368.39990234375,50232.787255386356
2010-04-06,87998.58085624687,5366.0,50398.440648040734
2010-04-07,87673.4844667511,5374.64990234375,51092.984340866096
2010-04-08,87389.80462263338,5304.4501953125,50835.060615020804
2010-04-09,87994.25183944544,5361.75,51227.72968266299
2010-04-12,88962.08502216032,5339.7001953125,51781.8026836426
2010-04-13,88588.44085588679,5322.9501953125,50965.28910327144
2010-04-15,90348.4497867627,5273.60009765625,51395.58335620724
2010-04-16,89205.04320232663,5262.60009765625,50358.54646557011
2010-04-19,89380.59677152708,5203.64990234375,50391.52513964847
2010-04-20,89847.84200378414,5230.10009765625,50553.84065338131
2010-04-21,90414.51170795131,5244.89990234375,51026.00425326545
2010-04-22,90580.1397862183,5269.35009765625,50592.470208404586
2010-04-23,91030.57104186714,5304.10009765625,51070.79897439573
2010-04-26,91082.05597006995,5322.4501953125,51273.07588005066
2010-04-27,89278.125,5308.35009765625,51695.64782714844
2010-04-28,89237.37551238248,5215.4501953125,52064.288064041175
2010-04-29,90397.88314819336,5254.14990234375,51701.701080322266
2010-04-30,88527.87771606445,5278.0,52219.423919677734
2010-05-03,90507.77736236574,5222.75,52689.28192237858
2010-05-04,88308.30018162541,5148.5,52411.707121887244
2010-05-05,89022.49825110473,5124.89990234375,53397.31381475832
2010-05-06,86010.33611297607,5090.85009765625,54360.80443220213
2010-05-07,83997.8619042188,5018.0498046875,54955.77911376953
2010-05-10,87398.02650157316,5193.60009765625,54005.999113220256
2010-05-11,87224.57660253905,5136.14990234375,54834.50702812197
2010-05-12,88782.56051205145,5156.64990234375,55846.934099075384
2010-05-13,88034.78088378906,5178.89990234375,55603.202209472656
2010-05-14,86296.27389526367,5093.5,55539.85110473633
2010-05-17,87267.90240586083,5059.89990234375,55934.01146137994
2010-05-18,87319.92784535699,5066.2001953125,56189.30471418146
2010-05-19,87563.65599847725,4919.64990234375,55742.12486062618
2010-05-20,84458.02861246094,4947.60009765625,55729.20182094723
2010-05-21,85520.72244133055,4931.14990234375,55161.48944797367
2010-05-24,86189.49496004637,4943.9501953125,56681.62577188108
2010-05-25,85518.52775927726,4806.75,56416.38047210686
2010-05-26,83931.0792242065,4917.39990234375,56685.37976232916
2010-05-27,86243.46977027133,5003.10009765625,56110.97020576475
2010-05-28,85765.65626496123,5066.5498046875,56124.856814422645
2010-06-01,85879.87242810056,4970.2001953125,57320.64135070797
2010-06-02,87400.93341064453,5019.85009765625,56757.898864746094
2010-06-03,88830.63035867922,5110.5,56620.94102557376
2010-06-04,85849.39734865725,5135.5,56991.1304542236
2010-06-07,84207.83769316413,5034.0,58036.42355584726
2010-06-08,84056.71718037408,4987.10009765625,58231.64170837402
2010-06-09,83164.51205444336,5000.2998046875,57432.375
2010-06-10,85556.70590209961,5078.60009765625,57072.402282714844
2010-06-11,86354.26364135742,5119.35009765625,57451.07614135742
2010-06-14,85630.27390972897,5197.7001953125,56761.12413223274
2010-06-15,88062.04560402222,5222.35009765625,57232.80954571534
2010-06-16,87815.74089131318,5233.35009765625,56658.43943806458
2010-06-17,87909.00441632839,5274.85009765625,57397.47290611267
2010-06-18,88039.21068965457,5262.60009765625,57843.767643249594
2010-06-21,87246.55609489745,5353.2998046875,57050.99232041929
2010-06-22,86786.92567221075,5316.5498046875,57221.38801864628
2010-06-23,86710.66808675835,5323.14990234375,57089.462799209636
2010-06-24,85127.82973722834,5320.60009765625,57479.82690048218
2010-06-25,84847.7017067261,5269.0498046875,57955.174169616774
2010-06-28,85208.75971984863,5333.5,57464.8595449524
2010-06-29,81852.38941049203,5256.14990234375,57628.8018951416
2010-06-30,80713.48781446228,5312.5,57803.65480995178
2010-07-01,80754.13357325597,5251.39990234375,56165.33193003852
2010-07-02,80471.5111821075,5237.10009765625,56216.546794830356
2010-07-06,81443.22984518437,5289.0498046875,56095.863204040565
2010-07-07,83490.43936419673,5241.10009765625,55914.690690002404
2010-07-08,83657.38474898227,5296.85009765625,55628.618818878196
2010-07-09,84424.03344793245,5352.4501953125,56270.59141796874
2010-07-12,84514.00338180084,5383.0,55622.38481712341
2010-07-13,85978.39654994197,5400.64990234375,56539.78042404167
2010-07-14,86090.89750168612,5386.14990234375,56055.863188781776
2010-07-15,86686.40896014404,5378.75,56418.269781570416
2010-07-16,84222.51646383666,5393.89990234375,55479.60090637207
2010-07-19,85960.98138427734,5386.4501953125,55835.322692871094
2010-07-20,86640.33840677794,5368.0,56083.90463638306
2010-07-21,85485.79596066289,5399.35009765625,56052.86394250486
2010-07-22,87360.75671807863,5441.9501953125,56056.99427032471
2010-07-23,87936.56728431396,5449.10009765625,55691.2499855347
2010-07-26,88183.3780889404,5418.60009765625,55184.5825920105
2010-07-27,88188.5390418563,5430.60009765625,54067.018409729004
2010-07-28,87001.92325870972,5397.5498046875,53912.18407189939
2010-07-29,86243.51139910892,5408.89990234375,54167.02584497072
2010-07-30,86415.04113769531,5367.60009765625,54783.61045758054
2010-08-02,87596.60714009218,5431.64990234375,54587.87437598873
2010-08-03,87265.41126520559,5439.5498046875,54670.90139450692
2010-08-04,87823.19775390625,5467.85009765625,54910.19775390625
2010-08-05,87734.3744860962,5447.10009765625,55138.24065888673
2010-08-06,87639.0410403125,5439.25,55423.79123061523
2010-08-09,88247.20358996792,5486.14990234375,55325.851287466474
2010-08-10,87953.80655596312,5460.7001953125,55396.02138150018
2010-08-11,85976.25470907288,5420.60009765625,55791.525182724
2010-08-12,85580.66107528377,5416.4501953125,56743.30916857906
2010-08-13,84956.14861560054,5452.10009765625,56747.97902810667
2010-08-16,85033.54934001341,5418.2998046875,57163.331855773926
2010-08-17,86009.00788613036,5414.14990234375,57169.37375834957
2010-08-18,86132.52933992911,5479.14990234375,57227.77411351632
2010-08-19,84510.63711547852,5540.2001953125,57196.504772119224
2010-08-20,84638.12162017822,5530.64990234375,56890.53743369132
2010-08-23,84200.34076163359,5543.5,57128.145499813836
2010-08-24,83185.60560910404,5505.10009765625,57719.68879311532
2010-08-25,83943.9204363916,5462.35009765625,58099.08486175537
2010-08-26,82768.90548864193,5477.89990234375,57801.89411790157
2010-08-27,83827.24977945676,5408.7001953125,57829.96577453613
2010-08-30,83062.23653926142,5415.4501953125,57986.588514758274
2010-08-31,83118.70035016723,5402.39990234375,58705.054543908685
2010-09-01,84905.33755500801,5471.85009765625,58139.89917953499
2010-09-02,85771.02314364631,5486.14990234375,58319.89809036255
2010-09-03,87156.44587660208,5479.39990234375,58212.71581848152
2010-09-07,86624.28971672058,5604.0,58665.62008647155
2010-09-08,87453.84292602539,5607.85009765625,58408.00161851803
2010-09-09,87333.94374604616,5640.0498046875,57827.81958366092
2010-09-13,88838.80525192106,5760.0,57560.971301376354
2010-09-14,88985.13984583132,5795.5498046875,58583.95497210696
2010-09-15,89609.52035186766,5860.9501953125,58521.53871055599
2010-09-16,89807.8673521271,5828.7001953125,58634.58918472286
2010-09-17,90163.75798976142,5884.9501953125,58805.15692810062
2010-09-20,90757.79692535242,5980.4501953125,58347.978633880615
2010-09-21,90663.63677449338,6009.0498046875,57995.995442627
2010-09-22,90330.57786250487,5991.0,58778.92764304206
2010-09-23,90088.7201218796,5959.5498046875,58825.93820671085
2010-09-24,91983.52799060056,6018.2998046875,58903.20098876953
2010-09-27,90353.78087493591,6035.64990234375,58260.729201873764
2010-09-28,90659.97238431545,6029.5,58862.32790328981
2010-09-29,89785.78047703253,5991.2998046875,58476.863203048706
2010-09-30,89038.6577119641,6029.9501953125,58279.49321672972
2010-10-01,88974.48416365357,6143.39990234375,58649.36285055848
2010-10-04,87803.41805368802,6159.4501953125,58469.53208877565
2010-10-05,89893.57530613709,6145.7998046875,59447.16312698368
2010-10-06,88668.11690755002,6186.4501953125,59497.415229858365
2010-10-07,88914.04775057221,6120.2998046875,58958.38209678652
2010-10-08,89594.72884142306,6103.4501953125,59413.63886734005
2010-10-11,89916.83317076415,6135.85009765625,60032.390992004424
2010-10-12,90848.97717285156,6090.89990234375,59883.64782714844
2010-10-13,91218.46531391144,6233.89990234375,60723.630208969116
2010-10-14,90538.14874051698,6177.35009765625,60668.414540594444
2010-10-15,92442.76644375548,6062.64990234375,60421.63481203001
2010-10-18,92940.2973337099,6075.9501953125,60565.89933251962
2010-10-19,91751.13382396847,6027.2998046875,59184.98436236568
2010-10-20,92190.15159130096,5982.10009765625,59373.86318305973
2010-10-21,92382.42591102608,6101.5,58551.73885246273
2010-10-22,93006.0818788223,6066.0498046875,58538.48208953859
2010-10-25,93524.58966064453,6105.7998046875,59219.77716064453
2010-10-26,94085.82540138252,6082.0,59407.20204162598
2010-10-27,94431.58050192893,6012.64990234375,58732.11941003427
2010-10-28,94602.60183276981,5987.7001953125,59616.07845806889
2010-10-29,94368.06294107065,6017.7001953125,60282.37843060307
2010-11-01,94604.0126497075,6117.5498046875,60013.68994318228
2010-11-02,95407.26382930297,6119.0,60142.77728948975
2010-11-03,95399.51839474496,6160.5,59099.81994102476
2010-11-04,96810.15216064453,6281.7998046875,61184.47283935547
2010-11-08,96094.46676779166,6273.2001953125,61582.92428405769
2010-11-09,96435.7771477662,6301.5498046875,62454.14108749386
2010-11-10,96676.22716405336,6275.7001953125,61826.22599977115
2010-11-11,96181.84970699903,6194.25,62101.20256437687
2010-11-12,94582.90942832176,6071.64990234375,60405.29937185673
2010-11-15,95443.41030523926,6121.60009765625,61274.21612617187
2010-11-16,94443.64529152215,5988.7001953125,60370.716019470245
2010-11-18,96295.20968930423,5998.7998046875,61026.616613354534
2010-11-19,96407.44463999942,5890.2998046875,61051.82985870354
2010-11-22,97354.38209246099,6010.0,61453.57355283201
2010-11-23,95882.43625136558,5934.75,62400.7489490509
2010-11-24,98390.08366746828,5865.75,62521.86836874392
2010-11-26,98127.82488366589,5751.9501953125,62063.6637952514
2010-11-29,98027.83831491694,5830.0,62439.85874938965
2010-11-30,96973.71596273035,5862.7001953125,63432.99894332886
2010-12-01,98992.73366584629,5960.89990234375,63496.723869918846
2010-12-02,98841.12020814512,6011.7001953125,62801.85436439514
2010-12-03,98887.50091464072,5992.7998046875,63425.70460293582
2010-12-06,98350.93521878682,5992.25,63565.36854471732
2010-12-07,98104.78088259138,5976.5498046875,63105.927121994086
2010-12-08,97926.70434570312,5903.7001953125,61521.25
2010-12-09,99070.65307617188,5766.5,62644.49890136719
2010-12-10,99801.0692693023,5857.35009765625,62362.71614356991
2010-12-13,99224.87698932644,5907.64990234375,62808.638260879554
2010-12-14,99367.42050955351,5944.10009765625,63035.67468939209
2010-12-15,98912.02697106171,5892.2998046875,62222.80478858948
2010-12-16,100365.40588378906,5948.75,62010.60110473633
2010-12-20,100410.27085617185,5947.0498046875,62580.26298522949
2010-12-21,101136.63754329365,6000.64990234375,62829.92745999154
2010-12-22,101018.41051144712,5984.39990234375,62655.626629272476
2010-12-23,100250.63907949068,5980.0,62031.001052856445
2010-12-27,100365.99969231244,5998.10009765625,62221.82277856441
2010-12-28,100456.63507778943,5996.0,63374.5156536866
2010-12-29,100312.21487399284,6060.35009765625,63518.84498069761
2010-12-30,99979.33700856939,6101.85009765625,63139.54832958989
2010-12-31,99382.31445934158,6134.5,63679.49185758969
2011-01-03,101030.08105328307,6157.60009765625,63758.0868345825
2011-01-04,100437.63023160398,6146.35009765625,61494.88584136963
2011-01-05,101940.9590795897,6079.7998046875,61665.66319183353
2011-01-06,102966.22545638122,6048.25,62000.993848205544
2011-01-07,102861.304488739,5904.60009765625,61828.83041763306
2011-01-10,103614.9066285789,5762.85009765625,62308.28473288566
2011-01-11,103702.35855813138,5754.10009765625,62709.041900634766
2011-01-12,103945.4719703272,5863.25,62492.29580591433
2011-01-13,103541.35326392669,5751.89990234375,62285.6798848114
2011-01-14,104461.40759939887,5654.5498046875,61163.58385217283
2011-01-18,105820.21617689356,5724.0498046875,62166.461011825595
2011-01-19,104386.46479512937,5691.0498046875,62097.461368957534
2011-01-20,103559.42579492182,5711.60009765625,60996.44897270203
2011-01-21,103839.15581246093,5696.5,61388.29783630371
2011-01-24,104870.17730114702,5743.25,61293.067682266235
2011-01-25,104718.16658937838,5687.39990234375,60553.03823570255
2011-01-27,105901.68638463598,5604.2998046875,59921.282115478534
2011-01-28,103735.06070255768,5512.14990234375,61253.899000906385
2011-01-31,104598.18940644246,5505.89990234375,61138.72830706183
2011-02-01,106482.70598987583,5417.2001953125,61353.677859802265
2011-02-02,105400.70053694304,5432.0,60463.41479682922
2011-02-03,105583.5363792954,5526.75,61462.03825096134
2011-02-04,106528.39298641961,5395.75,61428.55207621772
2011-02-07,107142.31538779289,5396.0,61461.34198955074
2011-02-08,107095.17721320968,5312.5498046875,61775.656978546176
2011-02-09,106596.89389793389,5253.5498046875,61620.72428710945
2011-02-10,107223.273320999,5225.7998046875,61762.164029083215
2011-02-11,108560.61258515157,5310.0,62052.239566543605
2011-02-14,108802.45333085954,5456.0,62236.678018603474
2011-02-15,108020.06482250988,5481.0,62292.75679687504
2011-02-16,108890.45237336121,5481.7001953125,62425.12457295228
2011-02-17,108633.90308992472,5546.4501953125,62740.75668919366
2011-02-18,108163.5651851166,5458.9501953125,62760.518521545455
2011-02-22,104338.22860386223,5469.2001953125,62907.657974243164
2011-02-23,103887.44186544791,5437.35009765625,63815.013258972205
2011-02-24,104214.61637473293,5262.7001953125,63759.266119918786
2011-02-25,106521.57135359198,5303.5498046875,63954.979932708666
2011-02-28,106382.29705810547,5333.25,63770.827209472656
2011-03-01,104418.22290762328,5522.2998046875,64524.565614776686
2011-03-03,106278.56929471437,5536.2001953125,63450.96194458008
2011-03-04,105844.20064703375,5538.75,64054.765630798414
2011-03-07,104537.32999535277,5463.14990234375,64395.39102867432
2011-03-08,105119.62854925543,5520.7998046875,64167.69583972171
2011-03-09,104288.78191328421,5531.0,64175.57437332161
2011-03-10,102496.09161284938,5494.39990234375,63365.41030068975
2011-03-11,103719.62044388428,5445.4501953125,64123.865867614746
2011-03-14,103627.5876578223,5531.5,64446.052217395045
2011-03-15,101569.92599153146,5449.64990234375,62597.369965057354
2011-03-16,99486.12354080658,5511.14990234375,63043.359786987305
2011-03-17,100180.30537898559,5446.64990234375,63208.080642700195
2011-03-18,100059.20488504786,5373.7001953125,63786.295019607525
2011-03-21,101816.97488870844,5364.75,64176.146969702095
2011-03-22,101404.98150116578,5413.85009765625,64109.024782180786
2011-03-23,101831.92153549194,5480.25,64489.81390090939
2011-03-24,103466.03143310547,5522.39990234375,64207.302185058594
2011-03-25,103309.6572565306,5654.25,63604.05673507694
2011-03-28,102948.5761223603,5687.25,63465.06326583866
2011-03-29,103858.617789682,5736.35009765625,63238.55978393555
2011-03-30,104232.1594973877,5787.64990234375,63515.72104724124
2011-03-31,103968.10685042571,5833.75,63959.107182998676
2011-04-01,104142.7923148498,5826.0498046875,63479.045004348736
2011-04-04,103462.14730352908,5908.4501953125,63472.23857242428
2011-04-05,103124.6444153823,5910.0498046875,64314.7410554504
2011-04-06,102739.57909214776,5891.75,64211.68173698429
2011-04-07,102879.99927233905,5885.7001953125,64319.847774505615
2011-04-08,102364.03144351207,5842.0,64976.93882843014
2011-04-11,102439.7661151886,5785.7001953125,64947.12261758419
2011-04-13,102904.69515265524,5911.5,64626.65642047115
2011-04-15,102502.70284500718,5824.5498046875,65977.0254492797
2011-04-18,101688.20769796148,5729.10009765625,66198.43107684329
2011-04-19,102443.65621539764,5740.75,66370.7447719574
2011-04-20,104354.45407480467,5851.64990234375,66314.75764628593
2011-04-21,105219.29617091361,5884.7001953125,66531.62731579598
2011-04-25,105861.00353519898,5874.5,66996.9246855774
2011-04-26,106407.69323546905,5868.39990234375,66748.2297706604
2011-04-27,106994.45301560685,5833.89990234375,67235.31161260977
2011-04-28,106758.56383522041,5785.4501953125,67814.44099517819
2011-04-29,106500.74562676996,5749.5,68930.79881286621
2011-05-02,106315.49530302733,5701.2998046875,68837.27374108881
2011-05-03,106264.24980334472,5565.25,68395.83968077088
2011-05-04,105814.44290420227,5537.14990234375,67140.36861972045
2011-05-05,106171.88706604764,5459.85009765625,66196.23222114565
2011-05-06,106528.14476255793,5551.4501953125,66656.63895507809
2011-05-09,106661.17185239866,5551.10009765625,67044.3710064087
2011-05-10,107570.32932821661,5541.25,67655.52583654784
2011-05-11,106683.514264673,5565.0498046875,66919.03966021724
2011-05-12,107656.75489267893,5486.14990234375,67360.08352911379
2011-05-13,106375.81778511964,5544.75,66769.91372430418
2011-05-16,105109.73825025931,5499.0,67008.38373315427
2011-05-17,105481.38160604704,5438.9501953125,66605.79771395866
2011-05-18,106238.22764134221,5420.60009765625,67242.17353308108
2011-05-19,106279.6923802644,5428.10009765625,66925.16553314216
2011-05-20,105461.6288460847,5486.35009765625,67669.67988769524
2011-05-23,104602.62185787968,5386.5498046875,68415.79951675422
2011-05-24,104028.31985358428,5394.85009765625,68787.70956250001
2011-05-25,104524.26523363497,5348.9501953125,69048.11619692994
2011-05-26,105108.77041666117,5412.35009765625,68815.33211529534
2011-05-27,105567.90786364581,5476.10009765625,69425.39709675591
2011-06-01,103954.20002757572,5592.0,69037.82250390621
2011-06-02,104143.08590916451,5550.35009765625,68572.31742858887
2011-06-03,102603.79437508993,5516.75,69006.48722676095
2011-06-06,101601.01656284183,5532.0498046875,69082.15216827393
2011-06-07,101218.30524228513,5556.14990234375,68846.61612017825
2011-06-08,100614.06225877535,5526.85009765625,68691.54467497254
2011-06-09,100646.58220115677,5521.0498046875,68777.65655807499
2011-06-10,99060.61453080736,5485.7998046875,68175.55657867435
2011-06-13,99558.14361703489,5482.7998046875,67871.99884414673
2011-06-14,100677.96162104234,5500.5,68173.28796638176
2011-06-15,98764.83551421203,5447.5,68209.57351171877
2011-06-16,98556.85925908666,5396.75,68512.64102073666
2011-06-17,98244.60457690433,5366.39990234375,68929.27773239138
2011-06-20,98909.63566550892,5257.89990234375,69167.10335350037
2011-06-21,100791.46248016041,5275.85009765625,69198.95740509033
2011-06-22,100049.8125,5278.2998046875,69492.2760925293
2011-06-23,101138.9912490081,5320.0,68176.48158554081
2011-06-24,99435.14024496451,5471.25,67297.4227104187
2011-06-27,101238.1892793579,5526.60009765625,67245.20114135742
2011-06-28,102721.60186100006,5545.2998046875,67396.5137461396
2011-06-29,102698.67988910992,5600.4501953125,67583.12255845638
2011-06-30,103681.84608152974,5647.39990234375,66992.06383091118
2011-07-01,105301.4559486052,5627.2001953125,66100.20386081841
2011-07-05,105139.45002978668,5632.10009765625,67055.38439579774
2011-07-06,105442.45921859145,5625.4501953125,67767.27163458243
2011-07-07,106963.41335612163,5728.9501953125,67833.76663732901
2011-07-08,106653.10334330425,5660.64990234375,68321.39665747061
2011-07-11,104754.69639587402,5616.10009765625,68689.27980224602
2011-07-12,104439.2873593308,5526.14990234375,69598.2672328339
2011-07-13,104565.51225618739,5585.4501953125,70462.13903900143
2011-07-15,104636.14812724292,5581.10009765625,70587.12459381111
2011-07-18,104308.44543457031,5567.0498046875,71293.44891357422
2011-07-19,106406.79687207192,5613.5498046875,71031.93237330625
2011-07-20,105946.6856160583,5567.0498046875,70845.57512803655
2011-07-21,106507.82973309327,5541.60009765625,70295.24095245358
2011-07-22,107626.8481464386,5633.9501953125,70937.59094139095
2011-07-25,107414.08550191484,5680.2998046875,71427.72221374512
2011-07-26,107017.26849559788,5574.85009765625,71211.22769119265
2011-07-27,104226.04804057628,5546.7998046875,71108.44802856445
2011-07-28,104381.59457863308,5487.75,71005.73236642452
2011-07-29,103987.2667128127,5482.0,71661.48241587821
2011-08-01,103726.50665495452,5516.7998046875,71337.99655532837
2011-08-02,101488.4249921143,5456.5498046875,72675.42158234864
2011-08-03,102486.22080300841,5404.7998046875,73710.24482499389
2011-08-04,98359.4508178467,5331.7998046875,73805.23796918336
2011-08-05,97788.150115069,5211.25,73475.47612307128
2011-08-08,92719.22923267633,5118.5,76964.12558426522
2011-08-09,97674.1902234219,5072.85009765625,78653.21846008301
2011-08-10,93803.1825744398,5161.0,80600.26656636968
2011-08-11,98153.10301899165,5138.2998046875,79208.39933071285
2011-08-12,98831.59126339108,5072.9501953125,78818.87511386722
2011-08-16,99297.29757780209,5035.7998046875,80658.94536750484
2011-08-17,98833.93923152238,5056.60009765625,81146.73390244134
2011-08-18,94758.20074124448,4944.14990234375,83141.91845071409
2011-08-19,93167.03299479373,4845.64990234375,84513.21842324827
2011-08-22,93260.13565718383,4898.7998046875,86143.60592572019
2011-08-23,96966.95863885805,4948.89990234375,84626.98592495732
2011-08-24,98543.13644876704,4888.89990234375,80583.35046952823
2011-08-25,96998.73676417395,4839.60009765625,80968.39729281608
2011-08-26,99472.23472325597,4747.7998046875,82546.53686537175
2011-08-29,101968.56081549078,4919.60009765625,81998.13839050289
2011-08-30,102799.47283520363,5001.0,83918.5932482453
2011-09-02,99069.8362242356,5040.0,85628.0891980743
2011-09-06,99796.31048059091,5064.2998046875,86090.19883596804
2011-09-07,102381.45203590393,5124.64990234375,83525.76741290279
2011-09-08,102145.20186707005,5153.25,85543.47510693362
2011-09-09,99809.63405664358,5059.4501953125,85635.73510906985
2011-09-12,103367.17821047362,4946.7998046875,85354.88487519836
2011-09-13,105388.72847481072,4940.9501953125,86699.92864489742
2011-09-14,107140.79309368134,5012.5498046875,86725.66250419617
2011-09-15,108611.60278320312,5075.7001953125,84478.75
2011-09-16,109539.27917480469,5084.25,86074.74884033203
2011-09-19,110180.95295963623,5031.9501953125,84775.13760615233
2011-09-20,109996.08440309297,5140.2001953125,86554.20455465699
2011-09-21,108872.64328646846,5133.25,87043.15334701538
2011-09-22,108078.22448485531,4923.64990234375,86043.43844125979
2011-09-23,109179.98915161006,4867.75,81012.03680038452
2011-09-26,110373.43685650639,4835.39990234375,78669.50242996216
2011-09-27,109995.78097808082,4971.25,80565.78707510373
2011-09-28,108265.95428466797,4945.89990234375,78794.6273803711
2011-09-29,107378.64280131832,5015.4501953125,78933.33098602295
2011-09-30,104520.33276561275,4943.25,79172.74618188478
2011-10-03,102375.46273645014,4849.5,81309.59747314453
2011-10-04,104976.4416931048,4772.14990234375,79609.55395935662
2011-10-05,107283.14979060367,4751.2998046875,80620.74990280159
2011-10-07,108023.35289559327,4888.0498046875,80155.88149642944
2011-10-10,111227.73705725558,4979.60009765625,81498.18314970704
2011-10-11,112997.26473207772,4974.35009765625,81720.3044737
2011-10-12,112844.17010449525,5099.39990234375,82232.38513163757
2011-10-13,114482.49200964347,5077.85009765625,82031.16367439274
2011-10-14,116699.44692683406,5132.2998046875,82744.56368545536
2011-10-17,114151.17983151227,5118.25,81931.95255661011
2011-10-18,116446.20853966847,5037.5,81329.70836802665
2011-10-19,113546.85708299093,5139.14990234375,80670.45723724365
2011-10-20,114991.62275530398,5091.89990234375,80369.33620111085
2011-10-21,116469.46781734005,5049.9501953125,81526.08578070067
2011-10-24,118148.00530973822,5098.35009765625,81831.8237400055
2011-10-25,115415.34213380888,5191.60009765625,83977.2345343628
2011-10-28,119560.23324336857,5360.7001953125,86943.29716754146
2011-10-31,114765.97014977038,5326.60009765625,83844.39238419197
2011-11-01,111868.56948541477,5257.9501953125,83279.50357437134
2011-11-02,114195.80858300533,5258.4501953125,85152.30119246524
2011-11-03,116309.01901237667,5265.75,86662.79613962397
2011-11-04,115572.78750389162,5284.2001953125,86093.95738416445
2011-11-08,117384.48921142425,5289.35009765625,87959.74491967773
2011-11-09,114108.27899336256,5221.0498046875,88309.28266328434
2011-11-11,117694.76810689084,5168.85009765625,89303.49836349487
2011-11-14,117143.26919521857,5148.35009765625,88948.67152489629
2011-11-15,119182.77590033691,5068.5,89740.66319499817
2011-11-16,117666.59099601209,5030.4501953125,89795.08182058111
2011-11-17,115201.78171549644,4934.75,87199.02035369258
2011-11-18,114834.2463081954,4905.7998046875,87870.01632295828
2011-11-21,113272.27583404351,4778.35009765625,85975.9559769379
2011-11-22,115377.70823100209,4812.35009765625,88613.12277243659
2011-11-23,113706.52457270026,4706.4501953125,88995.42343527824
2011-11-25,111981.25874811038,4710.0498046875,87752.1860370636
2011-11-28,116166.56205531675,4851.2998046875,89351.66604659427
2011-11-29,114866.2269448284,4805.10009765625,88999.13882764895
2011-11-30,119127.76278549805,4832.0498046875,90596.68628692627
2011-12-01,119454.91241705325,4936.85009765625,89767.07073152158
2011-12-02,118094.65224758908,5050.14990234375,89621.09866714478
2011-12-05,118914.12484600674,5039.14990234375,88443.96071388852
2011-12-07,118811.65177043155,5062.60009765625,89134.08257820131
2011-12-08,117781.64505220018,4943.64990234375,88225.67991058342
2011-12-09,119875.75423483271,4866.7001953125,88551.7638311768
2011-12-12,118893.90388343018,4764.60009765625,86318.72311817016
2011-12-13,119429.69013117999,4800.60009765625,87393.73881820682
2011-12-14,118573.89114833064,4763.25,84126.33017532341
2011-12-15,119596.58996333927,4746.35009765625,84571.76324713137
2011-12-16,119093.55211348273,4651.60009765625,84901.87324011233
2011-12-19,116286.16920285858,4613.10009765625,83694.84053022461
2011-12-20,120258.23665309139,4544.2001953125,85142.11994598387
2011-12-21,118546.37078518979,4693.14990234375,84963.24881112669
2011-12-22,118762.88516129367,4733.85009765625,84295.10148321232
2011-12-23,120120.30044994038,4714.0,84262.79174259957
2011-12-27,120847.43192529306,4750.5,84014.33864303585
2011-12-28,119815.17866961658,4705.7998046875,82599.26390548702
2011-12-29,120788.80520817265,4646.25,81399.11623040773
2011-12-30,120724.994140625,4624.2998046875,82987.40258789062
2012-01-03,123755.82277751341,4765.2998046875,85260.80853456724
2012-01-04,123591.11165030673,4749.64990234375,85511.29506538389
2012-01-05,124143.58838351443,4749.9501953125,85585.28881927487
2012-01-06,124311.52112337202,4754.10009765625,85265.43199934391
2012-01-09,123815.7830952499,4742.7998046875,84671.84803962708
2012-01-10,124003.36079035327,4849.5498046875,85431.78174209595
2012-01-11,122408.09638023376,4860.9501953125,84582.71497924812
2012-01-12,123267.9819946289,4831.25,85247.77752685547
2012-01-13,122038.3718047943,4866.0,83884.08250000002
2012-01-17,122964.67325449828,4967.2998046875,85044.17525915522
2012-01-18,122874.8757232055,4955.7998046875,84053.67753219604
2012-01-19,122964.011031311,5018.39990234375,83300.47578009032
2012-01-20,122589.42146359012,5048.60009765625,83689.10097931512
2012-01-23,122404.49754733033,5046.25,84274.19328308105
2012-01-24,121308.56482451782,5127.35009765625,82943.72582034301
2012-01-25,123282.99560546875,5158.2998046875,84990.00244140625
2012-01-27,129225.69371038117,5204.7001953125,90907.38001598511
2012-01-30,121757.22873990238,5087.2998046875,85490.62884521484
2012-01-31,129550.09686218109,5199.25,91222.33801616821
2012-02-01,123164.90661621094,5235.7001953125,86481.4487915039
2012-02-02,122320.62793973833,5269.89990234375,86100.76744433586
2012-02-03,123929.326171875,5325.85009765625,85157.10119628906
2012-02-06,123009.38196700439,5361.64990234375,83819.39056533203
2012-02-07,124205.14560872689,5335.14990234375,85666.16284919437
2012-02-08,124849.74265865237,5368.14990234375,84810.06102810055
2012-02-09,126012.02522872109,5412.35009765625,85468.36993026733
2012-02-10,126061.77289987542,5381.60009765625,85282.67102831416
2012-02-13,126812.04113474395,5390.2001953125,85035.22010421753
2012-02-14,126670.90393233765,5416.0498046875,84401.68992959289
2012-02-15,126159.54643019289,5531.9501953125,85206.7207602784
2012-02-16,127755.83244754001,5521.9501953125,85101.8884400269
2012-02-17,127359.10188352782,5564.2998046875,84988.53513145447
2012-02-21,127305.11195717286,5607.14990234375,86357.94750882266
2012-02-22,127190.8984059412,5505.35009765625,87266.31248474121
2012-02-23,127717.25749513041,5483.2998046875,87849.20673254086
2012-02-24,127848.47571806982,5429.2998046875,87144.98044702457
2012-02-27,127752.0930471057,5281.2001953125,86920.58657512208
2012-02-28,129495.12754321471,5375.5,87872.15159988403
2012-02-29,128710.27767311409,5385.2001953125,83901.37575468142
2012-03-01,129541.38817775995,5339.75,84339.05926735234
2012-03-02,129960.46160108596,5359.35009765625,84069.54798330087
2012-03-05,129485.60876125842,5280.35009765625,84329.15665054321
2012-03-06,129015.14339079894,5222.39990234375,83290.87772266846
2012-03-07,131326.1196745485,5220.4501953125,84767.6267356202
2012-03-09,132535.72986724414,5333.5498046875,85669.90010744939
2012-03-12,131688.72854681686,5359.5498046875,84540.29237045906
2012-03-13,134785.17479058634,5429.5,84630.79662746284
2012-03-14,134960.07087965682,5463.89990234375,81845.77800750732
2012-03-15,135489.74383784458,5380.5,82802.36315112608
2012-03-16,136664.42784539424,5317.89990234375,83400.77627182007
2012-03-19,137026.52248474304,5257.0498046875,83566.69795742491
2012-03-20,137505.67550836876,5274.85009765625,82710.44620278012
2012-03-21,137905.90487152338,5364.9501953125,83140.20080566406
2012-03-22,138290.3774986267,5228.4501953125,83146.36416564323
2012-03-23,139483.47558168788,5278.2001953125,84976.77672056574
2012-03-26,141742.9121501837,5184.25,85999.26449394226
2012-03-27,140992.28720439225,5243.14990234375,85382.2992396485
2012-03-28,140690.45502454136,5194.75,84176.55596636655
2012-03-29,141798.12886267249,5178.85009765625,84820.6431605285
2012-03-30,141450.0557101462,5295.5498046875,85698.52799540106
2012-04-02,141637.87267091125,5317.89990234375,85331.07005119324
2012-04-03,139834.69647216797,5358.5,83917.5
2012-04-04,140291.4646911621,5322.89990234375,82401.4336509034
2012-04-09,139875.97591249086,5234.39990234375,83849.62374687195
2012-04-10,138725.91664051265,5243.60009765625,85419.44279098511
2012-04-11,139354.94800563902,5226.85009765625,85368.82230377197
2012-04-12,140378.04153642152,5276.85009765625,86037.42707633972
2012-04-13,138263.86094942596,5207.4501953125,84992.37461258238
2012-04-16,137958.7298900634,5226.2001953125,85185.02786960453
2012-04-17,140177.21538820118,5289.7001953125,84937.64044529106
2012-04-18,140663.44786632527,5300.0,84870.17397799063
2012-04-19,140085.42603604496,5332.39990234375,85537.60232817382
2012-04-20,139523.3768633008,5290.85009765625,85615.80932890624
2012-04-23,139303.44591522217,5200.60009765625,85671.48927454837
2012-04-24,138989.8251470346,5222.64990234375,86541.73955154419
2012-04-25,142358.0168380253,5202.0,86235.87152726436
2012-04-26,142810.22633383423,5189.0,86968.017318042
2012-04-27,143654.44429109618,5190.60009765625,87198.591796875
2012-04-30,143423.5404170556,5248.14990234375,87591.32005924685
2012-05-02,144827.95119508728,5239.14990234375,87560.75879566651
2012-05-03,144446.74997272622,5188.39990234375,87279.35253821407
2012-05-04,140886.02968309075,5086.85009765625,87840.13654814754
2012-05-07,139625.83106771484,5114.14990234375,86686.85430839844
2012-05-08,139693.4409650229,4999.9501953125,85201.2720489502
2012-05-09,141075.82163559273,4974.7998046875,85769.7452367004
2012-05-10,139322.62388852052,4965.7001953125,84943.85637123417
2012-05-11,139308.77758890018,4928.89990234375,84331.44689018559
2012-05-14,139766.33029509522,4907.7998046875,84206.8537684204
2012-05-15,138813.37635326385,4942.7998046875,83737.15822329093
2012-05-16,139574.28181478754,4858.25,83704.46134549566
2012-05-17,136662.9343076339,4870.2001953125,85759.86364555359
2012-05-18,135000.56992944423,4891.4501953125,86691.26509019779
2012-05-22,140641.20813535154,4860.5,87308.10787416995
2012-05-23,142618.65489218384,4835.64990234375,86682.76198022766
2012-05-24,140641.8149020616,4921.39990234375,86523.59285151679
2012-05-25,140402.90418326575,4920.39990234375,87162.53286730964
2012-05-29,142452.73845485598,4990.10009765625,86207.46230668947
2012-05-30,142672.92333512567,4950.75,87906.85757468874
2012-05-31,141589.6641971059,4924.25,87627.48004799196
2012-06-01,137886.27094500512,4841.60009765625,90874.39756584167
2012-06-04,137902.96876931563,4848.14990234375,89715.70096399542
2012-06-05,138399.5262145996,4863.2998046875,89866.49567197263
2012-06-06,140959.1906958595,4997.10009765625,90388.54789345711
2012-06-07,139290.3490550937,5049.64990234375,87164.62902296754
2012-06-08,140597.87613107637,5068.35009765625,87356.91202200623
2012-06-11,140101.2030166192,5054.10009765625,88802.34050941467
2012-06-12,142072.8657302307,5115.89990234375,89985.43241686095
2012-06-13,140722.8046056591,5121.4501953125,90092.57271217648
2012-06-14,141725.24527794402,5054.75,90303.485105542
2012-06-15,143469.49131334014,5139.0498046875,90783.3465461731
2012-06-18,144929.64633538574,5064.25,90881.50417191163
2012-06-19,146630.2060898021,5103.85009765625,90758.8458880065
2012-06-20,147294.73410431296,5120.5498046875,90667.79121968988
2012-06-21,143951.73273921385,5165.0,88078.22152519226
2012-06-22,145560.17045730073,5146.0498046875,88162.6685256958
2012-06-25,144432.04907784238,5114.64990234375,90500.19907951355
2012-06-26,145361.2822519848,5120.7998046875,89730.59108734131
2012-06-27,145850.3782508392,5141.89990234375,89680.87259292603
2012-06-28,144076.64200485684,5149.14990234375,88019.85834688414
2012-06-29,148567.66377407592,5278.89990234375,91075.5935382843
2012-07-02,145500.1681489069,5278.60009765625,88529.6011357177
2012-07-03,143822.58001925796,5287.9501953125,88130.63082497567
2012-07-05,145446.70452333894,5327.2998046875,88389.74909936218
2012-07-06,143513.98944852874,5316.9501953125,86714.14010773925
2012-07-09,145767.54069869407,5275.14990234375,88712.18606111454
2012-07-10,143206.78410425782,5345.35009765625,87474.27187563479
2012-07-11,142993.32135531586,5306.2998046875,87609.47093234863
2012-07-12,142353.54470397346,5235.25,87521.73076224979
2012-07-13,144572.20415028743,5227.25,89015.00566887204
2012-07-16,141861.4519529892,5197.25,87592.37544626463
2012-07-17,142794.72521206364,5192.85009765625,87556.22977589723
2012-07-18,145244.75307077542,5216.2998046875,86863.53611909179
2012-07-19,146382.9388906192,5242.7001953125,87091.95050256653
2012-07-20,144301.13095294312,5205.10009765625,87224.23504829407
2012-07-23,144940.25200497825,5117.9501953125,88259.24790701596
2012-07-24,144055.0478760302,5128.2001953125,88426.21069335938
2012-07-25,143157.97326956782,5109.60009765625,90302.06552124023
2012-07-26,143505.7117447313,5043.0,89661.57251358032
2012-07-27,146957.81728633214,5099.85009765625,89822.57607351383
2012-07-30,146434.224141825,5199.7998046875,89768.63093752135
2012-07-31,147051.50792521145,5229.0,89621.10208320618
2012-08-01,146165.38039937243,5240.5,88954.02649349067
2012-08-02,146603.79013569094,5227.75,88637.2445494202
2012-08-03,149422.4913482666,5215.7001953125,89675.83000946045
2012-08-06,149570.49769258406,5282.5498046875,89544.98606573185
2012-08-07,149614.97549418826,5336.7001953125,88634.90796925966
2012-08-08,150405.55945457518,5338.0,89383.69237165526
2012-08-09,150307.4156497838,5322.9501953125,89373.88396753231
2012-08-10,150492.55535909906,5320.39990234375,89517.5794222625
2012-08-13,150999.69347130973,5347.89990234375,89072.04546293942
2012-08-14,151796.05684717372,5380.35009765625,89003.41065501096
2012-08-16,153955.6345927762,5362.9501953125,89884.24849145813
2012-08-17,154634.72820057068,5366.2998046875,89895.37616504822
2012-08-21,153477.30302030034,5421.0,90789.78335007932
2012-08-22,154460.3218095526,5412.85009765625,90864.23960477905
2012-08-23,152623.70063774474,5415.35009765625,92258.75448283693
2012-08-24,153509.4879873367,5386.7001953125,92269.81012993772
2012-08-27,154954.64635489043,5350.25,93132.61210023193
2012-08-29,154854.43505859375,5287.7998046875,92323.05993947759
2012-08-30,153185.04363873415,5315.0498046875,91980.89527511597
2012-08-31,154214.1616082471,5258.5,93710.92466575932
2012-09-04,154257.92377108242,5274.0,94206.49854372861
2012-09-05,154680.80278259888,5225.7001953125,94520.79492324218
2012-09-06,157495.9996828921,5238.39990234375,94763.31105189817
2012-09-07,157239.9810315678,5342.10009765625,96705.77664375305
2012-09-10,154580.55194802396,5363.4501953125,95835.66741826478
2012-09-11,154110.24036000017,5390.0,95834.35326891486
2012-09-12,154123.0661771875,5431.0,95542.96376903076
2012-09-13,156907.75763817132,5435.35009765625,98039.98115129396
2012-09-14,158231.1329663843,5577.64990234375,98078.77780971676
2012-09-17,154270.6066992078,5610.0,95469.93793791812
2012-09-18,154349.95095698163,5600.0498046875,95525.43527113041
2012-09-20,155270.1142913727,5554.25,95911.86292571109
2012-09-21,155266.85563222785,5691.14990234375,96335.07797050476
2012-09-24,152061.91734292544,5669.60009765625,94215.95885965275
2012-09-25,149644.11809612066,5673.89990234375,94112.84601967782
2012-09-26,148839.4501566477,5663.4501953125,93671.10247859498
2012-09-27,149567.37634050287,5649.5,94227.0184751465
2012-09-28,148379.45879099704,5703.2998046875,93882.46647891542
2012-10-01,146414.68164938595,5718.7998046875,93294.63688087463
2012-10-03,147010.96675966308,5731.25,92691.52922957763
2012-10-04,146346.10891759023,5787.60009765625,92823.1426753113
2012-10-05,145484.14577081427,5746.9501953125,92021.20369139407
2012-10-08,146697.892208457,5676.0,93353.4938659668
2012-10-09,144548.53034124523,5704.60009765625,92941.83136367798
2012-10-10,144729.94729354978,5652.14990234375,93525.41371860355
2012-10-11,143215.3482310474,5708.0498046875,93159.15967617184
2012-10-12,143264.32587001473,5676.0498046875,92590.34271240234
2012-10-15,145248.73586028814,5687.25,92030.56884765625
2012-10-16,146887.38772932068,5648.0,92238.7970717987
2012-10-17,146741.48444017395,5660.25,92598.30205345154
2012-10-18,146560.62978360802,5718.7001953125,93106.17065705266
2012-10-19,143043.7207447486,5684.25,92011.30663765874
2012-10-22,144072.73318354972,5717.14990234375,92237.64291498112
2012-10-23,143213.25942251645,5691.39990234375,91766.45946842339
2012-10-25,142312.3738657916,5705.2998046875,91674.17657470703
2012-10-31,142876.46362937987,5619.7001953125,92672.86531448364
2012-11-01,144798.19918340817,5645.0498046875,92352.27565986942
2012-11-02,142517.3920876123,5697.7001953125,89820.4857857544
2012-11-05,143823.93296166882,5704.2001953125,90515.81271384284
2012-11-06,146353.16342001501,5724.39990234375,93569.29161200253
2012-11-07,142177.35931785405,5760.10009765625,93228.91368808597
2012-11-08,139428.1573539665,5738.75,93513.23373515019
2012-11-09,140466.51752458513,5686.25,94055.65301125497
2012-11-12,140988.2530577872,5683.7001953125,94453.62123041693
2012-11-15,138342.51051075943,5631.0,93893.98498107307
2012-11-16,138613.4835900804,5574.0498046875,93768.7872620942
2012-11-19,143180.7979049906,5571.39990234375,95643.9736404419
2012-11-20,142856.78195687756,5571.5498046875,94875.94059775397
2012-11-21,143281.24485282227,5614.7998046875,95203.83480692748
2012-11-23,145726.490055589,5626.60009765625,96685.77341637574
2012-11-26,147016.53758250177,5635.89990234375,96997.52988815308
2012-11-27,146958.04296514392,5727.4501953125,96929.03924812004
2012-11-29,149285.71035007108,5825.0,96210.21735153813
2012-11-30,146849.58036429062,5879.85009765625,93822.33767953189
2012-12-03,144968.69793954585,5870.9501953125,93302.05447825929
2012-12-04,146114.9977890132,5889.25,92798.90317426762
2012-12-05,144221.35498244595,5900.5,92528.58710291749
2012-12-06,144869.28728022147,5930.89990234375,92730.96100153495
2012-12-07,142940.35240349546,5907.39990234375,92242.63101196289
2012-12-10,143863.6656872062,5908.89990234375,93080.99614334106
2012-12-11,146140.631101856,5898.7998046875,93076.39716702886
2012-12-12,145116.82121823635,5888.0,93139.2804799988
2012-12-13,144160.51781629212,5851.5,92101.60081926268
2012-12-14,143120.53048756532,5879.60009765625,92349.8793695923
2012-12-17,145036.98567986023,5857.89990234375,92381.28553390503
2012-12-18,148385.22367225774,5896.7998046875,91568.73528671265
2012-12-19,147595.41783466004,5929.60009765625,91404.19128799438
2012-12-20,146927.76896768343,5916.39990234375,89726.0070839203
2012-12-21,146151.81473653018,5847.7001953125,90998.31475209352
2012-12-24,146346.9160192199,5855.75,91319.19522868656
2012-12-26,145065.99215056095,5905.60009765625,91302.28012352902
2012-12-27,144385.1638012249,5870.10009765625,91173.65954146115
2012-12-28,143198.64052172378,5908.35009765625,90923.51936351322
2012-12-31,145693.89216204174,5905.10009765625,91700.3243135009
2013-01-02,150171.48891362362,5993.25,92290.99990440067
2013-01-03,148492.86584339477,6009.5,90962.2442312073
2013-01-04,148479.25848100707,6016.14990234375,89818.15428013913
2013-01-07,149505.19490196835,5988.39990234375,90305.04175758362
2013-01-08,150122.27527681645,6001.7001953125,91744.70451545715
2013-01-09,149988.00999987498,5971.5,90994.14336794429
2013-01-10,150238.36591230705,5968.64990234375,91828.82491597906
2013-01-11,149939.56592250243,5951.2998046875,90566.2777709961
2013-01-14,150102.38500438537,6024.0498046875,91569.20659048157
2013-01-15,148383.34815878235,6056.60009765625,91733.5175817688
2013-01-16,149351.80558579043,6001.85009765625,91897.29068738408
2013-01-17,150236.13310484774,6039.2001953125,92444.59607087402
2013-01-18,149089.60581721924,6064.39990234375,91663.33475255128
2013-01-22,147657.14504369162,6048.5,91018.47566005867
2013-01-23,148626.8354472816,6054.2998046875,90736.43076302484
2013-01-24,146166.40761753172,6019.35009765625,89598.72477722168
2013-01-25,146902.19573344663,6074.64990234375,88912.24283576664
2013-01-28,147523.53130412847,6074.7998046875,88887.55330305174
2013-01-29,147900.9174471125,6049.89990234375,89525.0145388702
2013-01-30,147227.56849208102,6055.75,90308.06453838805
2013-01-31,145598.74898615666,6034.75,88514.96282982174
2013-02-01,147078.6048596911,5998.89990234375,88833.78558793338
2013-02-04,144373.68731612805,5987.25,89063.9734794097
2013-02-05,146794.1342560025,5956.89990234375,89110.49208302004
2013-02-06,145921.8181463424,5959.2001953125,89141.23053282779
2013-02-07,145984.7141647339,5938.7998046875,88786.77229377441
2013-02-08,147709.751047777,5903.5,88661.18550872803
2013-02-11,148687.40603516344,5897.85009765625,88323.74104566034
2013-02-12,149065.45678905398,5922.5,88960.55226721801
2013-02-13,149361.96682663634,5932.9501953125,88536.87826822512
2013-02-14,149152.81826004572,5896.9501953125,87976.28326923214
2013-02-15,149065.47082275152,5887.39990234375,86743.2798543945
2013-02-19,150769.79880650528,5939.7001953125,86879.84172844235
2013-02-20,148406.0729076108,5943.0498046875,85447.54463713383
2013-02-21,146605.9253594745,5852.25,85330.11621219479
2013-02-22,149094.1645425195,5850.2998046875,85645.48217847897
2013-02-25,146589.74000531528,5854.75,86087.82806207892
2013-02-26,146131.3944969885,5761.35009765625,86999.51329404302
2013-02-27,148269.2748381244,5796.89990234375,86281.17695493158
2013-02-28,147494.4505278468,5693.0498046875,84971.76666647941
2013-03-01,149375.93039894104,5719.7001953125,85453.1993962219
2013-03-04,151492.6762639871,5698.5,86305.14258862613
2013-03-05,153561.2612838745,5784.25,86379.40815166011
2013-03-06,153361.8112525195,5818.60009765625,86473.88030595705
2013-03-07,153168.4993384732,5863.2998046875,86162.03704195563
2013-03-08,152986.6354754381,5945.7001953125,86016.13935100101
2013-03-11,152804.9096128801,5942.35009765625,85742.38569408562
2013-03-12,152386.47631766088,5914.10009765625,86590.3335056305
2013-03-13,151526.12407598644,5851.2001953125,85993.73852927238
2013-03-14,152613.2496415954,5908.9501953125,86469.78482237551
2013-03-15,152156.32874693628,5872.60009765625,86557.1535205841
2013-03-18,150848.42221448664,5835.25,86685.3025713074
2013-03-19,150716.05695481785,5745.9501953125,87127.83053983469
2013-03-20,152551.71018719207,5694.39990234375,87396.560049057
2013-03-21,150813.09857353196,5658.75,87710.03019134514
2013-03-22,152022.3680184558,5651.35009765625,87181.3207536377
2013-03-25,151587.07452529762,5633.85009765625,87198.77407380985
2013-03-26,152022.489944458,5641.60009765625,86441.29587612301
2013-03-28,153302.90990951657,5682.5498046875,86737.98583437502
2013-04-01,151741.0512084961,5704.39990234375,86800.0
2013-04-02,153506.60958455876,5748.10009765625,85721.66650006408
2013-04-03,152128.44316979498,5672.89990234375,84515.80323745124
2013-04-04,153393.58845167607,5574.75,85167.44118004758
2013-04-05,152121.95364284515,5553.25,86462.67862644652
2013-04-08,152005.67040534317,5542.9501953125,85765.17388916016
2013-04-09,153073.27251393348,5495.10009765625,86571.61953125615
2013-04-10,155864.11399668455,5558.7001953125,84947.61132265627
2013-04-11,155241.78753154818,5594.0,84938.36457639467
2013-04-12,155101.15093839355,5528.5498046875,81501.29850387573
2013-04-15,152582.40256313235,5568.39990234375,74211.2034718506
2013-04-16,153694.21654266398,5688.9501953125,75092.44739339594
2013-04-17,150805.57129064575,5688.7001953125,74926.29520621337
2013-04-18,148128.358948729,5783.10009765625,75200.01434326172
2013-04-22,152131.57473294437,5834.39990234375,76930.09869384766
2013-04-23,154181.7515598759,5836.89990234375,76596.84715111088
2013-04-25,154448.63885497022,5916.2998046875,79255.87286144402
2013-04-26,154008.9382997146,5871.4501953125,78811.28130266117
2013-04-29,155468.9637894882,5904.10009765625,79574.16946433717
2013-04-30,155338.49493706785,5930.2001953125,79201.41346735228
2013-05-02,156642.61143084243,5999.35009765625,78973.99700186774
2013-05-03,158442.4994953014,5944.0,78791.05506112054
2013-05-06,160100.72409146,5971.0498046875,79531.3804702484
2013-05-07,159833.4774306789,6043.5498046875,78431.46961212158
2013-05-08,160753.94419920165,6069.2998046875,79823.47891659243
2013-05-09,160634.84737037122,6050.14990234375,79679.46666250005
2013-05-10,161714.37729457766,6094.75,77943.5306273438
2013-05-13,163502.03269968834,5980.4501953125,78650.76473045349
2013-05-14,164177.5515814377,5995.39990234375,78070.70840257872
2013-05-15,164477.5244127661,6146.75,76497.47682952881
2013-05-16,164297.85096834227,6169.89990234375,75982.56229332276
2013-05-17,165920.3683704883,6187.2998046875,74766.49337073974
2013-05-20,166479.6183082983,6156.89990234375,76286.00945656747
2013-05-21,167689.54175768886,6114.10009765625,76341.14640892949
2013-05-22,166910.57500205934,6094.5,76111.04127434082
2013-05-23,166647.69442763366,5967.0498046875,77545.53625488281
2013-05-24,166623.743795719,5983.5498046875,77255.85737404786
2013-05-28,168993.93137978017,6111.25,77378.54378703609
2013-05-29,168602.3812138373,6104.2998046875,78327.41061597597
2013-05-30,169800.95118118823,6124.0498046875,79577.54467391968
2013-05-31,168105.66091677733,5985.9501953125,78511.99912864994
2013-06-03,169482.0877430737,5939.2998046875,79998.21179904789
2013-06-04,167829.1120963376,5919.4501953125,78849.52803839417
2013-06-05,166603.38487182744,5923.85009765625,79321.44398737792
2013-06-06,167689.15786676947,5921.39990234375,80465.55559606012
2013-06-07,169995.07946294174,5881.0,78606.95573043823
2013-06-10,169973.4738067044,5878.0,78788.83455914911
2013-06-11,168231.39461894054,5788.7998046875,78265.92772293091
2013-06-12,169212.81511834543,5760.2001953125,80485.01199187618
2013-06-13,171842.27179127187,5699.10009765625,79898.04489750974
2013-06-14,170738.00174447522,5808.39990234375,80460.62975606695
2013-06-17,172639.12225160096,5850.0498046875,80344.83212325443
2013-06-18,176283.95234007854,5813.60009765625,80408.01107344357
2013-06-19,173761.12720298767,5822.25,80648.17708525388
2013-06-20,172171.18438710272,5655.89990234375,76598.49367460329
2013-06-21,171433.12871320918,5667.64990234375,76938.0283705322
2013-06-24,170345.13885520026,5590.25,76362.85560585931
2013-06-25,171009.65971183777,5609.10009765625,76052.0225190064
2013-06-26,175694.32459984906,5588.7001953125,74652.70485624997
2013-06-27,174956.89041157346,5682.35009765625,72911.74433671264
2013-06-28,175123.00987858884,5842.2001953125,73658.07700274047
2013-07-01,173820.1892745085,5898.85009765625,74572.82957999874
2013-07-02,174453.60124517605,5857.5498046875,74053.89176365966
2013-07-03,177128.76870366745,5770.89990234375,75400.21064605098
2013-07-05,178311.75947630312,5867.89990234375,72986.25804374693
2013-07-08,180008.4895134531,5811.5498046875,74943.6123424652
2013-07-09,179342.71815102547,5859.0,74872.36348803714
2013-07-10,179703.52228157222,5816.7001953125,74704.29327119142
2013-07-11,183038.31005596742,5935.10009765625,76584.54080965882
2013-07-12,184211.52394611295,6009.0,76446.94309229124
2013-07-15,184199.6705050841,6030.7998046875,76781.5115964599
2013-07-16,182472.42471889406,5955.25,76535.40634975582
2013-07-17,183028.07292145025,5973.2998046875,75808.86552721867
2013-07-18,183862.81205011345,6038.0498046875,76739.43200865481
2013-07-19,181898.0210969355,6029.2001953125,77259.15697496943
2013-07-22,182452.21940496005,6031.7998046875,79807.13465955807
2013-07-23,181150.39360654913,6077.7998046875,79782.90356692811
2013-07-24,179814.65878217295,5990.5,78029.89756307378
2013-07-25,180509.93581451476,5907.5,78355.18224334717
2013-07-26,181368.3677517511,5886.2001953125,77924.7859632019
2013-07-29,182332.45065908972,5831.64990234375,78922.90058836667
2013-07-30,187612.74724772573,5755.0498046875,80509.79022216797
2013-07-31,187358.2194481399,5742.0,79570.81488201907
2013-08-01,188931.68665291741,5727.85009765625,79227.66123962402
2013-08-02,189972.34111929685,5677.89990234375,79203.48656474613
2013-08-05,191347.97060977668,5685.39990234375,79298.37728266604
2013-08-06,189776.6825858215,5542.25,77996.74384604488
2013-08-07,190873.17772381566,5519.10009765625,78713.1756675751
2013-08-08,190074.0039471388,5565.64990234375,79590.94255498052
2013-08-12,191838.31656593177,5612.39990234375,81910.53457780462
2013-08-13,193018.14299702458,5699.2998046875,81187.73800750729
2013-08-14,191803.99037242122,5742.2998046875,81760.86122131348
2013-08-16,188307.7160563646,5507.85009765625,84030.33670643624
2013-08-19,196004.1719394531,5414.75,87231.86479766853
2013-08-20,195286.28813120723,5401.4501953125,86999.61529119872
2013-08-21,198693.39990349114,5302.5498046875,88664.11576684564
2013-08-22,199788.2419622317,5408.4501953125,88318.99387646466
2013-08-23,201234.24339942634,5471.75,89897.03896618634
2013-08-26,200765.81499999762,5476.5,89560.14797973633
2013-08-27,204563.52589085698,5287.4501953125,94981.3152347412
2013-08-28,206910.63955052197,5285.0,95569.64783477783
2013-08-29,208461.53575112298,5409.0498046875,95215.33178289793
2013-08-30,207144.05797252804,5471.7998046875,94083.17650262453
2013-09-03,212125.65615708008,5341.4501953125,96877.3208618164
2013-09-04,207063.25789979845,5448.10009765625,92108.66995211784
2013-09-05,206601.08577727154,5592.9501953125,90635.58763026726
2013-09-06,206828.14944074303,5680.39990234375,91533.29486273788
2013-09-10,202634.15434700157,5896.75,86784.03898976138
2013-09-11,200839.96389955748,5913.14990234375,86143.92533387756
2013-09-12,202029.76435714867,5850.7001953125,84640.04813220212
2013-09-13,202202.17206909787,5850.60009765625,83240.40815570066
2013-09-16,200546.38929262385,5840.5498046875,83409.89375173952
2013-09-17,201596.64530970156,5850.2001953125,82734.21039962769
2013-09-18,205446.69944209605,5899.4501953125,83149.9294991456
2013-09-19,201346.96813438553,6115.5498046875,85162.9856377258
2013-09-20,200545.95305685885,6012.10009765625,82868.17317008972
2013-09-23,201788.237691449,5889.75,83170.09393521119
2013-09-24,201874.3536165282,5892.4501953125,82539.52160644531
2013-09-25,200309.7805275116,5873.85009765625,83400.23893185426
2013-09-26,199637.29013090208,5882.25,81705.82588702394
2013-09-27,199406.42053544614,5833.2001953125,82619.43289440917
2013-09-30,201394.95883703604,5735.2998046875,83012.37242889404
2013-10-01,203673.4655426331,5780.0498046875,80516.46078491211
2013-10-03,199128.90869827569,5909.7001953125,81626.10430657957
2013-10-04,200909.6384668853,5907.2998046875,81149.00777554326
2013-10-07,197379.05203824304,5906.14990234375,81316.22841210943
2013-10-08,195634.55951920152,5928.39990234375,82140.12135473639
2013-10-09,194240.40413007513,6007.4501953125,80779.49230378726
2013-10-10,197819.85977468267,6020.9501953125,79883.52528723143
2013-10-11,199236.2730870545,6096.2001953125,78121.48077392578
2013-10-14,199854.5122766327,6112.7001953125,78345.43486187747
2013-10-15,200617.3283068724,6089.0498046875,78709.59233093262
2013-10-17,201708.2047526855,6045.85009765625,80816.96499832161
2013-10-18,204922.05572222918,6189.35009765625,80309.83948608395
2013-10-21,203754.7238659272,6204.9501953125,79757.7296347199
2013-10-22,206022.43789331522,6202.7998046875,82147.57315635681
2013-10-23,205849.0005356064,6178.35009765625,82061.5301125641
2013-10-24,206618.2463641204,6164.35009765625,82969.78802963253
2013-10-25,207936.36088243872,6144.89990234375,83104.98253204348
2013-10-28,207831.85035459604,6101.10009765625,83066.87814331055
2013-10-29,208626.53680706024,6220.89990234375,82743.24673870858
2013-10-30,208031.596381668,6251.7001953125,82896.05102920532
2013-10-31,207122.40137154236,6299.14990234375,81163.15009899903
2013-11-01,210288.6719333008,6307.2001953125,81701.08208386227
2013-11-05,210039.06628563534,6253.14990234375,81069.83940124512
2013-11-06,210435.21299905702,6215.14990234375,81908.2287637787
2013-11-07,207488.48126392812,6187.25,81735.75112231448
2013-11-08,211605.8943865355,6140.75,80730.82304000854
2013-11-11,213011.15247604065,6078.7998046875,81138.54019546509
2013-11-12,213624.79761967622,6018.0498046875,80689.42586833192
2013-11-13,217819.6182297729,5989.60009765625,81120.4699618835
2013-11-14,216417.41134491283,6056.14990234375,81506.48953195196
2013-11-18,212516.04194622487,6189.0,79779.65777325444
2013-11-19,210119.68128824607,6203.35009765625,79205.4824900818
2013-11-20,209134.92590281367,6122.89990234375,78128.17128411867
2013-11-21,213555.95607572328,5999.0498046875,78042.05791282654
2013-11-22,215553.04677402042,5995.4501953125,78359.5620880127
2013-11-25,213326.98274511565,6115.35009765625,77246.06456361385
2013-11-26,215370.33221194334,6059.10009765625,77591.22368018795
2013-11-27,216766.1764027588,6057.10009765625,77312.9899165649
2013-11-29,217685.3076465642,6176.10009765625,78053.69402449345
2013-12-02,217432.6197133027,6217.85009765625,76344.85993075557
2013-12-03,216825.51835787483,6201.85009765625,76133.89852649532
2013-12-04,217210.94962505065,6160.9501953125,77841.4922598023
2013-12-05,214575.94244821928,6241.10009765625,76088.43792816158
2013-12-06,215792.3378178589,6259.89990234375,75761.87925958261
2013-12-09,215013.79608790576,6363.89990234375,75538.59987075813
2013-12-10,213909.34727426153,6332.85009765625,76842.28813769529
2013-12-11,211539.0080165146,6307.89990234375,76743.32942390442
2013-12-12,213119.26403385773,6237.0498046875,75509.34018707275
2013-12-13,214849.81740228273,6168.39990234375,76811.1087762909
2013-12-16,216152.4299945645,6154.7001953125,77455.15365791321
2013-12-17,214334.58958823234,6139.0498046875,76063.53148046881
2013-12-18,216579.25685519725,6217.14990234375,76279.72836172488
2013-12-19,217020.00736007094,6166.64990234375,74125.84854125977
2013-12-20,220558.12050733343,6274.25,75270.54337179568
2013-12-23,221374.18357730098,6284.5,74324.77006274415
2013-12-24,220941.95556469727,6268.39990234375,74523.38267411804
2013-12-26,221491.20630912483,6278.89990234375,75019.2386029968
2013-12-27,221196.09682738036,6313.7998046875,75264.42674676515
2013-12-30,220166.8318809569,6291.10009765625,74195.17329144292
2013-12-31,221913.75561523438,6304.0,74253.38204113767
2014-01-02,220371.1735711014,6221.14990234375,75754.00018692017
2014-01-03,219613.5874475967,6211.14990234375,76855.10721582035
2014-01-06,219482.71675462648,6191.4501953125,77028.29647195432
2014-01-07,221689.6444709245,6162.25,76603.91720956424
2014-01-08,221472.8921573609,6174.60009765625,76066.6292748414
2014-01-09,220686.2706585601,6168.35009765625,76364.11772016902
2014-01-10,220250.6428746581,6171.4501953125,77021.12146154791
2014-01-13,215826.43017590325,6272.75,76855.29578215024
2014-01-14,220102.55386798084,6241.85009765625,76542.44251855463
2014-01-15,221896.8746091798,6320.89990234375,76106.00701062009
2014-01-16,222238.79231014103,6318.89990234375,76309.6011352539
2014-01-17,220574.56842422485,6261.64990234375,76879.4087090455
2014-01-21,222915.43570171203,6313.7998046875,76548.0444466034
2014-01-22,224809.81101284176,6338.9501953125,76780.83151245117
2014-01-23,223583.3279442871,6345.64990234375,78117.05914089968
2014-01-24,220032.15496923216,6266.75,78563.38635063171
2014-01-27,220120.82421889342,6135.85009765625,79265.6258900757
2014-01-28,222192.53548767697,6126.25,79288.38133621216
2014-01-29,216322.61956828926,6120.25,78736.03430227656
2014-01-30,220662.57710741926,6073.7001953125,77597.74469226692
2014-01-31,219450.83516865224,6089.5,77270.63118177792
2014-02-03,215031.25,6001.7998046875,78775.0015258789
2014-02-04,218171.46722360235,6000.89990234375,78694.374593216
2014-02-05,214652.9346228484,6022.39990234375,78116.05337663274
2014-02-06,217655.65247607417,6036.2998046875,78260.44590502931
2014-02-07,221657.65220005345,6063.2001953125,78615.16146028135
2014-02-10,222413.21711641084,6053.4501953125,79152.33522625733
2014-02-11,226169.1754725622,6062.7001953125,80564.16567700496
2014-02-12,225005.1430354491,6084.0,80347.46044763178
2014-02-13,225721.6655308716,6001.10009765625,80208.67390270997
2014-02-14,227710.1403074339,6048.35009765625,81975.85201263428
2014-02-18,227351.97884469293,6127.10009765625,81853.21119570918
2014-02-19,227243.80123091117,6152.75,82154.52327215578
2014-02-20,228614.35138073284,6091.4501953125,82002.64226927189
2014-02-21,227557.34797946177,6155.4501953125,82253.90993092349
2014-02-24,228557.07554688863,6186.10009765625,82987.98378153984
2014-02-25,228356.85777177848,6200.0498046875,83357.3250656128
2014-02-26,227868.3232087586,6238.7998046875,82319.17742493283
2014-02-28,229232.12974858098,6276.9501953125,81953.23011904908
2014-03-03,226778.63952503353,6221.4501953125,83463.18007870484
2014-03-04,231268.03703870252,6297.9501953125,83171.02658605948
2014-03-05,229594.8947033845,6328.64990234375,82556.31494720466
2014-03-06,229759.98550688103,6401.14990234375,83464.77006998286
2014-03-07,225166.7112370301,6526.64990234375,81356.47749473574
2014-03-10,226939.20188491512,6537.25,82133.92288082885
2014-03-11,224480.12006950378,6511.89990234375,81880.66684913635
2014-03-12,226278.94937047735,6516.89990234375,83643.11623501591
2014-03-13,221901.04837806243,6493.10009765625,83388.59166085813
2014-03-14,222968.89408092946,6504.2001953125,84753.3387374878
2014-03-18,226252.09534663707,6516.64990234375,82953.36124420166
2014-03-19,225044.8816169873,6524.0498046875,81970.27498432621
2014-03-20,225147.4725326309,6483.10009765625,81093.97601509094
2014-03-21,224053.74717158265,6493.2001953125,81940.8882446289
2014-03-24,220733.13290102687,6583.5,80009.42162072752
2014-03-25,219925.3400704544,6589.75,79457.72767935181
2014-03-26,215761.63370469958,6601.39990234375,78490.75106127933
2014-03-27,214357.89320630953,6641.75,77889.14886494447
2014-03-28,215139.41032596864,6695.89990234375,77935.9259988647
2014-03-31,215708.44804949034,6704.2001953125,76991.16961874394
2014-04-01,218699.14169628918,6721.0498046875,76494.48497851565
2014-04-02,219585.4640718503,6752.5498046875,77298.36746406555
2014-04-03,219673.45869776607,6736.10009765625,77564.91669042967
2014-04-04,213743.14896278083,6694.35009765625,78700.2442558594
2014-04-07,210885.9262533188,6695.0498046875,78035.75861358643
2014-04-09,215882.37559041753,6796.2001953125,78277.77880477905
2014-04-10,210311.92592791747,6796.39990234375,79602.02752067568
2014-04-11,207845.05825893395,6776.2998046875,79517.60604957584
2014-04-15,210317.35822765343,6733.10009765625,78389.99900817871
2014-04-16,212868.67779541016,6675.2998046875,78511.77352905273
2014-04-17,213096.81870226748,6779.39990234375,77979.08865606692
2014-04-21,215305.77141725924,6817.64990234375,77898.23941040039
2014-04-22,218048.91945912503,6815.35009765625,77806.692574115
2014-04-23,217015.00681282952,6840.7998046875,78349.03686550912
2014-04-25,215943.07419499196,6782.75,79498.77962632757
2014-04-28,214981.26158412267,6761.25,78769.19620214542
2014-04-29,215933.32461231202,6715.25,78301.72705078125
2014-04-30,215351.0397482086,6696.39990234375,77891.46914837649
2014-05-02,215760.66094992682,6694.7998046875,78338.36173669435
2014-05-05,216701.96738347784,6699.35009765625,78683.9907989502
2014-05-06,213312.35964498017,6715.2998046875,78469.22116706241
2014-05-07,212398.08438081667,6652.5498046875,77174.25175134279
2014-05-08,212177.36699841917,6659.85009765625,77153.88385601807
2014-05-09,213093.09915884398,6858.7998046875,77147.89231912233
2014-05-12,214668.40882434696,7014.25,76984.548177002
2014-05-13,214176.1183087416,7108.75,76782.72632986447
2014-05-14,213439.05548286438,7108.75,77558.57909194939
2014-05-15,211521.53799286485,7123.14990234375,76743.35736846924
2014-05-16,212828.57967138663,7203.0,76731.49426507577
2014-05-19,211036.51511033997,7263.5498046875,75510.67878948059
2014-05-20,210916.96482183412,7275.5,75835.69373703003
2014-05-21,213366.68498582486,7252.89990234375,75590.14364624023
2014-05-22,212764.8248946704,7276.39990234375,75464.18346473388
2014-05-23,214307.44184407592,7367.10009765625,75271.86321953125
2014-05-27,219802.60399227496,7318.0,74706.68436295772
2014-05-28,218392.2631718628,7329.64990234375,74084.62417840585
2014-05-29,220033.91197467037,7235.64990234375,73996.0747929383
2014-05-30,220098.7077283021,7229.9501953125,73365.84046264645
2014-06-02,220841.910719458,7362.5,73577.28892155457
2014-06-03,221193.15220789332,7415.85009765625,73786.99194618221
2014-06-04,221845.14232490677,7402.25,73719.4379119873
2014-06-05,223455.6831606431,7474.10009765625,74131.236743927
2014-06-06,224498.14212208148,7583.39990234375,74077.98860113835
2014-06-09,224700.22300793882,7654.60009765625,74204.69533348083
2014-06-10,224706.84549102467,7656.39990234375,74479.37754110713
2014-06-11,225337.8405396454,7626.85009765625,74807.04952797852
2014-06-12,223148.17051806021,7649.89990234375,75509.19305937504
2014-06-13,223845.39795587026,7542.10009765625,75515.1204117341
2014-06-16,227135.9901690567,7533.5498046875,76608.74266157532
2014-06-17,228100.57752284314,7631.7001953125,76712.75852190237
2014-06-18,227553.73574973922,7558.2001953125,76102.2472075806
2014-06-19,228656.13035754394,7540.7001953125,79032.1888620453
2014-06-20,228766.8153572632,7511.4501953125,79182.58886166383
2014-06-23,228900.81549007446,7493.35009765625,79281.65383911133
2014-06-24,228693.70724551845,7580.2001953125,79504.97065550229
2014-06-25,229448.44110361487,7569.25,79265.88808151241
2014-06-26,229920.75452681258,7493.2001953125,79071.28894305415
2014-06-27,230973.95871906728,7508.7998046875,79245.52241516113
2014-06-30,230853.31912778318,7611.35009765625,79268.3505417481
2014-07-01,233768.8454543054,7634.7001953125,79621.14050361328
2014-07-02,231772.60460610501,7725.14990234375,79096.80327021796
2014-07-03,233850.6290765442,7714.7998046875,78709.04626123048
2014-07-07,234439.24801835045,7787.14990234375,78921.54445075989
2014-07-08,230870.4626895301,7623.2001953125,78628.36944580078
2014-07-09,232632.50827059057,7585.0,79107.64255028684
2014-07-10,233531.84880540892,7567.75,80573.67229344789
2014-07-11,235008.86466976255,7459.60009765625,80471.35563278198
2014-07-14,236003.3706501983,7454.14990234375,78456.38272654731
2014-07-15,235533.0486820191,7526.64990234375,78034.47209429927
2014-07-16,236254.39829406142,7624.39990234375,78079.96891284175
2014-07-17,235007.4006744232,7640.4501953125,79792.01503189094
2014-07-18,238757.3214784395,7663.89990234375,79337.51504333504
2014-07-21,237031.92852783203,7684.2001953125,79150.42205810547
2014-07-22,238085.44411014766,7767.85009765625,78493.99577473756
2014-07-23,238613.33232555538,7795.75,78087.37079620361
2014-07-24,239230.39335093834,7830.60009765625,77513.43630606076
2014-07-25,238148.11095314473,7790.4501953125,78264.1863232269
2014-07-28,238232.7583868103,7748.7001953125,78263.16693778988
2014-07-30,239558.22161865234,7791.39990234375,78017.72647094727
2014-07-31,236547.2267818451,7721.2998046875,77864.60455381777
2014-08-01,235767.5429283157,7602.60009765625,78612.0711085205
2014-08-04,238044.10015376285,7683.64990234375,78420.92899124138
2014-08-05,235762.96506054513,7746.5498046875,78122.41007995605
2014-08-06,237066.57717461698,7672.0498046875,79956.96821772773
2014-08-07,236252.5221288465,7649.25,80270.77203005366
2014-08-08,238098.85676797293,7568.5498046875,80154.41833695676
2014-08-11,239007.30863567814,7625.9501953125,79975.51860237122
2014-08-12,239078.18417142332,7727.0498046875,80124.74058691412
2014-08-13,240980.18282830808,7739.5498046875,80107.05958044436
2014-08-14,240686.83449150994,7791.7001953125,79674.89667852782
2014-08-18,244526.80877304077,7874.25,78926.11063424684
2014-08-19,245397.4958632551,7897.5,78664.37469087215
2014-08-20,244899.3562180102,7875.2998046875,78390.39089008793
2014-08-21,244602.48941295315,7891.10009765625,76982.42329966743
2014-08-22,244948.20443439484,7913.2001953125,77278.5807685242
2014-08-25,246123.20679103397,7906.2998046875,77289.42381068412
2014-08-26,246042.87575490773,7904.75,77577.47115279548
2014-08-27,246215.5880903313,7936.0498046875,77488.29506213078
2014-08-28,246456.62836564332,7954.35009765625,78108.10482708737
2014-09-02,248525.56848508492,8083.0498046875,76678.78741119988
2014-09-03,245845.26955629885,8114.60009765625,76628.87169989012
2014-09-04,245472.25668229535,8095.9501953125,76374.08417485049
2014-09-05,246908.46131508797,8086.85009765625,76416.34759573359
2014-09-08,247284.48120548856,8173.89990234375,75638.02438978571
2014-09-09,246921.68179493397,8152.9501953125,75792.97610974126
2014-09-10,248974.17109453585,8094.10009765625,75604.79905128479
2014-09-11,248874.04618192278,8085.7001953125,75246.29718392948
2014-09-12,247449.88070054166,8105.5,74790.2221736298
2014-09-15,245702.39166978747,8042.0,75212.59201733395
2014-09-16,248319.04221211,7932.89990234375,75412.66435288079
2014-09-17,248113.0095774131,7975.5,75184.8378548096
2014-09-18,249015.92430668324,8114.75,74387.72835337836
2014-09-19,248834.44698657095,8121.4501953125,73756.55829441827
2014-09-22,247735.02880859375,8146.2998046875,74224.80297851562
2014-09-23,247064.7409138931,8017.5498046875,74456.57944107056
2014-09-24,248975.00028576516,8002.39990234375,74103.06618887326
2014-09-25,246440.86273041088,7911.85009765625,75091.58704730216
2014-09-26,249263.24780256953,7968.85009765625,74655.0095366058
2014-09-29,249116.07201374136,7958.89990234375,74940.77920913696
2014-09-30,250336.99474565126,7964.7998046875,74833.10963058472
2014-10-01,245910.26400312316,7945.5498046875,74956.6098130676
2014-10-07,242542.81649715733,7852.39990234375,74240.856562973
2014-10-08,246023.39705075696,7842.7001953125,73378.6682600556
2014-10-09,242207.9123882996,7960.5498046875,74725.09107083129
2014-10-10,236199.88552682195,7859.9501953125,74505.42055892944
2014-10-13,232299.41772460938,7884.25,74990.98885283805
2014-10-14,233934.95978286583,7864.0,75734.40522111813
2014-10-16,232404.37763958983,7748.2001953125,76567.38097000122
2014-10-17,235502.25137156434,7779.7001953125,76431.5933847595
2014-10-20,236957.2655036524,7879.39990234375,76167.63279724121
2014-10-21,242822.69838296156,7927.75,76489.894947052
2014-10-22,241319.94834352098,7995.89990234375,76057.2810839843
2014-10-27,247466.71516958065,7991.7001953125,75175.43959372258
2014-10-28,251728.199935209,8027.60009765625,75347.49901956785
2014-10-29,250263.94153868407,8090.4501953125,74903.90098845214
2014-10-30,251299.53337792493,8169.2001953125,73423.1619372894
2014-10-31,255451.30694673955,8322.2001953125,71944.18322764896
2014-11-03,255985.4352868069,8324.150390625,71798.8213071716
2014-11-05,254545.60547891445,8338.2998046875,70199.27463395381
2014-11-07,255841.62662696838,8337.0,71922.21133439941
2014-11-10,256875.226403296,8344.25,71330.4738644287
2014-11-11,257635.959302783,8362.650390625,71547.08558496088
2014-11-12,257975.14703695662,8383.2998046875,71260.76444639592
2014-11-13,258572.83956999145,8357.849609375,71254.38333719177
2014-11-14,260229.81718797237,8389.900390625,72987.70322799683
2014-11-17,260024.55650203675,8430.75,73000.56421661377
2014-11-18,262264.91664470173,8425.900390625,73983.58330904227
2014-11-19,260614.1332090348,8382.2998046875,73666.60150834965
2014-11-20,262746.5595770627,8401.900390625,73749.57324864808
2014-11-21,263254.4789022375,8477.349609375,74152.7929019928
2014-11-24,264599.5851526614,8530.150390625,73834.07799339294
2014-11-25,265239.89173012786,8463.099609375,74044.22555710142
2014-11-26,267024.516752623,8475.75,73997.74267282104
2014-11-28,268305.3300660886,8588.25,72689.64333298337
2014-12-01,266714.64527995326,8555.900390625,75763.2529220581
2014-12-02,266745.6156760119,8524.7001953125,74288.04080759268
2014-12-03,266487.32193558104,8537.650390625,74670.7958240509
2014-12-04,266718.748610666,8564.400390625,74691.1187839508
2014-12-05,266381.72252864577,8538.2998046875,73527.94791751401
2014-12-08,264876.29506342113,8438.25,73965.06783843692
2014-12-09,265487.9086381048,8340.7001953125,76128.86797714233
2014-12-10,261405.39340232313,8355.650390625,76035.73256068118
2014-12-11,263294.49123102054,8292.900390625,75959.87176735234
2014-12-12,262341.6042239405,8224.099609375,76342.00547790527
2014-12-15,259912.97461901605,8219.599609375,75471.72842624504
2014-12-16,258331.85597343743,8067.60009765625,75416.275867749
2014-12-17,265121.1160076782,8029.7998046875,76020.78086226806
2014-12-18,271080.2227429282,8159.2998046875,75884.95335796196
2014-12-19,269679.34352599084,8225.2001953125,75321.37328144535
2014-12-22,271531.6930661574,8324.0,74604.22689219657
2014-12-23,270550.1697234437,8267.0,74470.37274027709
2014-12-24,271689.88274339586,8174.10009765625,74438.62392425537
2014-12-26,274000.79035258293,8200.7001953125,75917.0925848633
2014-12-29,274240.786952002,8246.2998046875,75144.30007533263
2014-12-30,272627.2465565596,8248.25,76408.32733045053
2014-12-31,268486.93324245885,8282.7001953125,75033.21379630733
2015-01-02,266623.58097580075,8395.4501953125,74751.20785522461
2015-01-05,263297.22390027344,8378.400390625,76180.3855979126
2015-01-06,260371.76063183695,8127.35009765625,77228.02801828925
2015-01-07,264442.88330078125,8102.10009765625,76955.42020860594
2015-01-08,268312.3027449511,8234.599609375,76459.09330653073
2015-01-09,264037.8144902736,8284.5,76204.287109375
2015-01-12,259989.30117347464,8323.0,76856.37602899782
2015-01-13,258587.7170283571,8299.400390625,76610.53641002811
2015-01-14,256930.13086542487,8277.5498046875,76499.4721856201
2015-01-15,253918.18825377338,8494.150390625,78522.69215077814
2015-01-16,257052.92704253644,8513.7998046875,79241.86000050046
2015-01-20,257105.04160898924,8695.599609375,79771.8972222656
2015-01-21,258433.94969813526,8729.5,79754.01305010077
2015-01-22,262853.46665931866,8761.400390625,80061.98592041619
2015-01-23,263524.8743137829,8835.599609375,79621.57274388429
2015-01-27,256065.7797203064,8910.5,79404.67054651491
2015-01-28,254231.74543891847,8914.2998046875,78958.11904212646
2015-01-29,256530.01711477526,8952.349609375,76970.96528455196
2015-01-30,256356.3970927801,8808.900390625,79006.18783378601
2015-02-02,259747.02402567863,8797.400390625,79140.98819516599
2015-02-03,261056.96788220666,8756.5498046875,77758.75939324033
2015-02-04,260085.02213530242,8723.7001953125,77867.77420295402
2015-02-05,263287.30827159435,8711.7001953125,78067.32077026367
2015-02-06,261049.12051825225,8661.0498046875,76172.35231586918
2015-02-09,261241.58026354015,8526.349609375,76883.69497805182
2015-02-10,265988.4850805849,8565.5498046875,76519.307798645
2015-02-11,267901.0123007912,8627.400390625,75994.89684677124
2015-02-12,271235.0778096933,8711.5498046875,76112.27663976746
2015-02-13,272555.1237157658,8805.5,76251.50275421143
2015-02-18,272728.2094810009,8869.099609375,74515.76278139651
2015-02-19,273861.79494280927,8895.2998046875,74929.5254685455
2015-02-20,276202.195176132,8833.599609375,74871.52862036135
2015-02-23,276317.8007848188,8754.9501953125,74539.83542019967
2015-02-24,276724.97915717773,8762.099609375,74412.47313459171
2015-02-25,276351.2353349924,8767.25,74741.83505249023
2015-02-26,276111.8770961389,8683.849609375,74846.41636042483
2015-02-27,274229.1375379488,8844.599609375,74882.90085363155
2015-03-02,276384.5078867674,8956.75,74455.91086909175
2015-03-03,276002.93183523417,8996.25,74528.80517578125
2015-03-04,274781.02800804935,8922.650390625,74212.68596113892
2015-03-05,277385.6033093445,8937.75,74510.55138607789
2015-03-09,275604.4752018824,8756.75,72845.17969245603
2015-03-10,271316.43718957156,8712.0498046875,72706.94615933532
2015-03-11,270003.29397780076,8699.9501953125,72163.8474776214
2015-03-12,272120.1170559097,8776.0,72300.03519847104
2015-03-13,269832.26473466493,8647.75,72077.8392973938
2015-03-16,275671.78020511754,8633.150390625,72745.55412625428
2015-03-17,274741.43112152815,8723.2998046875,72100.61344794929
2015-03-18,276919.2649936676,8685.900390625,72096.06522881472
2015-03-19,277530.6187522374,8634.650390625,73294.38569703978
2015-03-20,278582.96488031745,8570.900390625,74029.8634757325
2015-03-23,277415.0345149487,8550.900390625,74134.76385498047
2015-03-24,275709.50346039236,8542.9501953125,74151.14555261843
2015-03-25,269619.5245242566,8530.7998046875,74565.45229476318
2015-03-26,269539.7632502541,8342.150390625,75272.95684487605
2015-03-27,272229.24613536336,8341.400390625,75382.23554691765
2015-03-30,273965.6794432271,8492.2998046875,74060.66491437983
2015-03-31,270014.88443122804,8491.0,73714.22679001465
2015-04-01,268026.70284323394,8586.25,75106.36583373416
2015-04-06,270021.82356305234,8659.900390625,75626.31615835568
2015-04-07,270675.2773685008,8660.2998046875,75431.27158822026
2015-04-08,272105.9388188794,8714.400390625,74811.16172727663
2015-04-09,274427.74884196,8778.2998046875,74377.98789516604
2015-04-10,275553.7518534381,8780.349609375,75063.44188610232
2015-04-13,275095.013559632,8834.0,74825.5279556457
2015-04-16,275408.0043931827,8706.7001953125,74666.54825592041
2015-04-17,271230.27555659786,8606.0,74971.94717859803
2015-04-20,278936.7188556213,8448.099609375,75363.55804634094
2015-04-21,278925.5419016443,8377.75,75635.94575278927
2015-04-22,280741.08716358803,8429.7001953125,74697.55466645816
2015-04-23,283340.3123635296,8398.2998046875,75589.99285063474
2015-04-24,287119.1765866708,8305.25,74374.87783937994
2015-04-27,285711.025304541,8213.7998046875,75976.36434857175
2015-04-28,284611.01941276155,8285.599609375,76522.06314849854
2015-04-29,284737.21213106066,8239.75,76752.13632224128
2015-04-30,280406.39749622345,8181.5,75109.59534357907
2015-05-04,285062.6023325231,8331.9501953125,75472.17373043206
2015-05-05,279308.41662501916,8324.7998046875,75582.05981901847
2015-05-06,278814.8843317032,8097.0,75774.50092677306
2015-05-07,282060.11780777574,8057.2998046875,75770.5592305176
2015-05-08,285719.2063076049,8191.5,76199.90550642088
2015-05-11,284161.7266525142,8325.25,75748.45690209977
2015-05-12,283854.34440383315,8126.9501953125,76578.03528537601
2015-05-13,283494.60671888664,8235.4501953125,78031.20960190427
2015-05-14,285021.5030493848,8224.2001953125,77700.16590733035
2015-05-15,284973.94704867527,8262.349609375,77706.50515937805
2015-05-18,287605.80341024324,8373.650390625,78246.46942417603
2015-05-19,287269.7932165954,8365.650390625,76982.11787309265
2015-05-20,286649.7000732422,8423.25,76916.26405334473
2015-05-21,288192.06940153614,8421.0,76631.15529177245
2015-05-22,288045.08961471915,8458.9501953125,76624.7942451965
2015-05-26,286162.0942416601,8339.349609375,75952.30614130851
2015-05-27,290375.04267984256,8334.599609375,75748.17881085817
2015-05-28,289488.51293309033,8319.0,75830.4818482208
2015-05-29,287739.0596895218,8433.650390625,75913.45746566774
2015-06-01,287634.88747183233,8433.400390625,75587.76683123782
2015-06-02,287044.9582421724,8236.4501953125,76018.79115166934
2015-06-03,289537.69442995265,8135.10009765625,75890.6919305604
2015-06-04,287174.3908149861,8130.64990234375,75194.77581713255
2015-06-05,286544.6309805475,8114.7001953125,74740.3702835571
2015-06-08,283510.2764742449,8044.14990234375,75056.64211695548
2015-06-09,283535.28934272006,8022.39990234375,75391.94289812632
2015-06-10,286167.85908965394,8124.4501953125,75671.99208902894
2015-06-11,287257.6077453755,7965.35009765625,75512.42231061403
2015-06-12,285038.1111565009,7982.89990234375,75442.02497248538
2015-06-15,283937.3954939842,8013.89990234375,75920.84104257822
2015-06-16,285988.56399666145,8047.2998046875,75766.85006332397
2015-06-17,286028.11832528934,8091.5498046875,75293.12882392574
2015-06-18,288429.6015398484,8174.60009765625,76469.46805000305
2015-06-19,287256.61299381405,8224.9501953125,76469.46805000305
2015-06-22,288578.3506220691,8353.099609375,75173.23276294861
2015-06-23,289299.8719654232,8381.5498046875,74806.31509979255
2015-06-24,287592.6326499451,8360.849609375,74532.79997025756
2015-06-25,286689.28138795495,8398.0,74403.13835906982
2015-06-26,284801.10055122524,8381.099609375,74492.05531185307
2015-06-29,279102.83907043934,8318.400390625,75098.7328491211
2015-06-30,279589.95416698605,8368.5,74495.68517875671
2015-07-01,281583.8725906033,8453.0498046875,74318.0075340271
2015-07-02,280943.92822849564,8444.900390625,73699.30875778198
2015-07-06,279988.4082173556,8522.150390625,74320.81201567082
2015-07-07,281325.0436951313,8510.7998046875,73198.14654432377
2015-07-08,276595.1341209784,8363.0498046875,73941.67802312318
2015-07-09,275762.00840034336,8328.5498046875,73438.8741607666
2015-07-10,280078.37139771134,8360.5498046875,73356.49786888435
2015-07-13,285461.78095126525,8459.650390625,73371.36962822266
2015-07-14,286444.2338207159,8454.099609375,73031.57380541693
2015-07-15,287659.5240779873,8523.7998046875,72874.72770268563
2015-07-16,291693.4284490999,8608.0498046875,72610.71291950066
2015-07-17,295927.69014411606,8609.849609375,71848.92893817741
2015-07-20,297744.65118408203,8603.4501953125,70413.78439331055
2015-07-21,297213.0218207538,8529.4501953125,70157.48395435791
2015-07-22,294333.97305357456,8633.5,69482.89275302738
2015-07-23,293881.4928615838,8589.7998046875,69849.71153259277
2015-07-24,290978.9652950689,8521.5498046875,69313.38677739259
2015-07-27,290202.4054597914,8361.0,70413.9436454773
2015-07-28,291120.52492398955,8337.0,69986.69958663639
2015-07-29,292686.3563820068,8375.0498046875,69804.95034712832
2015-07-30,294852.3661996722,8421.7998046875,69786.0286466796
2015-07-31,294231.7240331769,8532.849609375,70202.79562208243
2015-08-03,293717.41705127805,8543.0498046875,69856.68776395265
2015-08-04,291491.3827562183,8516.900390625,69607.38045012206
2015-08-05,293144.2900361717,8567.9501953125,69154.74316212162
2015-08-06,288615.52063173056,8588.650390625,69481.71535117179
2015-08-07,288078.27134388685,8564.599609375,69730.27561381832
2015-08-10,291938.1931741182,8525.599609375,70489.917864508
2015-08-11,290366.9195611924,8462.349609375,71247.4720409913
2015-08-12,293422.19631953165,8349.4501953125,72782.23768071271
2015-08-13,294971.4729184136,8355.849609375,72820.61698057875
2015-08-14,295716.8716368377,8518.5498046875,72637.86856888421
2015-08-17,298836.96320232004,8477.2998046875,73204.53908983152
2015-08-18,297260.29783465713,8466.5498046875,73109.72404764406
2015-08-19,293452.08610159904,8495.150390625,73387.4167757202
2015-08-20,287054.98083525896,8372.75,75476.53131103516
2015-08-21,274757.4866001904,8299.9501953125,75908.57230319828
2015-08-24,269806.75351966545,7809.0,77055.19451585691
2015-08-25,266213.7315696385,7880.7001953125,75443.30409842543
2015-08-26,278729.90302060544,7791.85009765625,74286.57571274415
2015-08-27,285675.9748085998,7948.9501953125,74140.1339552002
2015-08-28,285960.0306619629,8001.9501953125,74846.91923312377
2015-08-31,283618.3816611022,7971.2998046875,75081.65665344242
2015-09-01,275165.89029382914,7785.85009765625,75635.86289514787
2015-09-02,281873.07785401493,7717.0,75000.94264984131
2015-09-03,280164.4530468136,7823.0,74343.99288464338
2015-09-04,276861.10473896563,7655.0498046875,74138.8984885253
2015-09-08,285780.19129575416,7688.25,74401.28203811031
2015-09-09,283267.02317644656,7818.60009765625,73403.21028273925
2015-09-10,284926.30779597163,7788.10009765625,73580.93077087402
2015-09-11,286712.2901301831,7789.2998046875,73183.01676940918
2015-09-14,285735.4143768549,7872.25,73457.12496630847
2015-09-15,289653.3874585815,7829.10009765625,73259.00758020021
2015-09-16,290181.4104026258,7899.14990234375,74086.55901142582
2015-09-18,285902.2690053843,7981.89990234375,75253.44846122433
2015-09-21,285052.83548514545,7977.10009765625,74488.85749691166
2015-09-22,281556.34393310547,7812.0,74109.375
2015-09-23,282745.28860060126,7845.9501953125,74868.92048554681
2015-09-24,282174.31242774054,7868.5,76405.7938080933
2015-09-28,271895.945201505,7795.7001953125,75006.32241821289
2015-09-29,269175.750648126,7843.2998046875,74298.4283268433
2015-09-30,273972.32424581423,7948.89990234375,73095.36897659302
2015-10-01,275133.63084988296,7950.89990234375,73111.56817966327
2015-10-05,282075.73209605366,8119.2998046875,74116.48596043698
2015-10-06,280727.9373825863,8152.89990234375,74753.01221296377
2015-10-07,281410.5693634972,8177.39990234375,74614.91443634033
2015-10-08,282738.0048508756,8129.35009765625,74399.77647042833
2015-10-09,284028.7967193872,8189.7001953125,75153.72484945692
2015-10-12,283910.99555119127,8143.60009765625,75464.5506797973
2015-10-13,283311.09210119024,8131.7001953125,75876.0951106567
2015-10-14,281893.4057686329,8107.89990234375,76528.30216433108
2015-10-15,286229.9632970989,8179.5,76956.91112143546
2015-10-16,287551.55050081015,8238.150390625,76678.33677285165
2015-10-19,289815.8810845874,8275.0498046875,76207.00724629499
2015-10-20,288455.09697251767,8261.650390625,76562.93588256836
2015-10-21,287580.5358673632,8251.7001953125,76079.64281838387
2015-10-23,300797.0584475398,8295.4501953125,75672.67172637954
2015-10-26,300472.71847898886,8260.5498046875,75720.79749298096
2015-10-27,301090.6694929004,8232.900390625,75726.49110844731
2015-10-28,304421.17622563243,8171.2001953125,76590.36569202878
2015-10-29,303347.1597471535,8111.75,74506.0470485352
2015-10-30,304238.0367677808,8065.7998046875,74704.32627868652
2015-11-02,307706.92599602044,8050.7998046875,74298.3612339478
2015-11-03,309291.2449771911,8060.7001953125,73025.77940778807
2015-11-04,309145.74790082127,8040.2001953125,72510.04954147339
2015-11-05,308439.6857895814,7955.4501953125,72432.07459008787
2015-11-06,310018.16938673705,7954.2998046875,71629.33505590819
2015-11-09,307883.5205116309,7915.2001953125,71946.09583378304
2015-11-10,308526.51910752803,7783.35009765625,72330.47687839344
2015-11-13,297357.3360870369,7762.25,71384.67786489241
2015-11-16,301553.88458546624,7806.60009765625,71579.46818674915
2015-11-17,300873.84344767034,7837.5498046875,70424.12407424301
2015-11-18,307299.22533962876,7731.7998046875,70580.35156430677
2015-11-19,307602.2434956357,7842.75,71228.84671020508
2015-11-20,309698.0872744508,7856.5498046875,71133.89462792967
2015-11-23,308769.89634640515,7849.25,70462.14648071304
2015-11-24,309913.4317404032,7831.60009765625,71302.37090129405
2015-11-27,311522.73027475923,7942.7001953125,70298.55493186042
2015-11-30,312055.71043778956,7935.25,71302.02489288338
2015-12-01,313662.3949280083,7954.89990234375,70751.21708870865
2015-12-02,311450.8748341501,7931.35009765625,70063.18141059577
2015-12-03,306611.4560947418,7864.14990234375,70663.5628077332
2015-12-04,315050.9788090065,7781.89990234375,72447.85502243042
2015-12-07,312764.077577278,7765.39990234375,71726.9937350098
2015-12-08,313460.3940618597,7701.7001953125,71862.39922954701
2015-12-09,308911.49260366336,7612.5,72019.23936564941
2015-12-10,310573.5986016542,7683.2998046875,71779.65671197511
2015-12-11,303045.50019772723,7610.4501953125,71921.8483826844
2015-12-14,306845.1177509129,7650.0498046875,71485.01818693243
2015-12-15,308347.52174153924,7700.89990234375,71289.76662923582
2015-12-16,312073.06103069335,7750.89990234375,72121.4338684082
2015-12-17,305445.25945686176,7844.35009765625,69802.54711867683
2015-12-18,300051.0905087292,7761.9501953125,70858.58216447756
2015-12-21,302127.30847130716,7834.4501953125,71673.71400599368
2015-12-22,304125.64252331853,7786.10009765625,71225.92141816393
2015-12-23,306346.6875192523,7865.9501953125,70840.26177045889
2015-12-24,305814.7247684039,7861.0498046875,71261.08484660648
2015-12-28,304731.83672204614,7925.14990234375,70588.77261352539
2015-12-29,310239.9024848342,7928.9501953125,71259.38789367676
2015-12-30,308242.1770080775,7896.25,70242.22664694209
2015-12-31,305245.7675584778,7946.35009765625,70462.24168634042
2016-01-04,297726.8414990343,7791.2998046875,71164.0935370056
2016-01-05,298650.87458165735,7784.64990234375,71822.5177881103
2016-01-06,295632.0155737102,7741.0,72637.5594900269
2016-01-07,287294.8714104295,7568.2998046875,73910.17046025395
2016-01-08,285804.84383640066,7601.35009765625,73465.87445445545
2016-01-11,286312.4532584846,7563.85009765625,73290.05598449707
2016-01-12,289462.1711359471,7510.2998046875,72510.47837419435
2016-01-13,279934.3905826658,7562.39990234375,72775.49800872803
2016-01-14,286015.5215215124,7536.7998046875,71882.56882244255
2016-01-15,278711.2571166456,7437.7998046875,73462.31693267822
2016-01-19,280802.23879286647,7435.10009765625,73798.21895656735
2016-01-20,280303.26513184607,7309.2998046875,75024.84215351567
2016-01-21,281485.5236690305,7276.7998046875,74682.74149065558
2016-01-22,288846.47976446897,7422.4501953125,74398.93281577155
2016-01-25,283437.8197560534,7436.14990234375,74713.85130720213
2016-01-27,279812.81907426193,7437.75,75638.09159878548
2016-01-28,285472.54817890376,7424.64990234375,76079.45498178713
2016-01-29,291381.52741506696,7563.5498046875,76019.02945173346
2016-02-01,290928.84295014665,7555.9501953125,76550.57775485236
2016-02-02,284636.0366965458,7455.5498046875,76523.38618045673
2016-02-03,283635.56728100404,7361.7998046875,77592.42518928833
2016-02-04,283104.12225687504,7404.0,78632.29580256343
2016-02-05,271909.30113665946,7489.10009765625,78225.60596168227
2016-02-08,268541.3497786522,7387.25,81220.01979497075
2016-02-09,268750.42190770246,7298.2001953125,81602.69355936907
2016-02-10,269421.4753979761,7215.7001953125,81153.57996033318
2016-02-11,269006.9915230628,6976.35009765625,84723.67353941035
2016-02-12,275210.0081228614,6980.9501953125,84846.13051821291
2016-02-16,279656.7427918464,7048.25,82302.68521681521
2016-02-17,287663.5374502316,7108.4501953125,82967.61093582772
2016-02-18,283779.27811673284,7191.75,83811.29337357171
2016-02-19,285514.9921053946,7210.75,84363.610402002
2016-02-22,290002.7931210883,7234.5498046875,82896.71343612671
2016-02-23,285442.0102221593,7109.5498046875,83818.00048960559
2016-02-24,288177.8753670454,7018.7001953125,84978.5288188234
2016-02-25,289986.7202367224,6970.60009765625,84663.15918116458
2016-02-26,291397.9447931051,7029.75,83918.58038559556
2016-02-29,288742.9997571781,6987.0498046875,84805.95282009896
2016-03-01,295630.2077044174,7222.2998046875,83928.61158443615
2016-03-02,293637.6037259549,7368.85009765625,84079.56167307124
2016-03-03,291511.04657903314,7475.60009765625,84733.6734591797
2016-03-04,290662.0372238159,7485.35009765625,85264.89447141718
2016-03-08,285985.3575925976,7485.2998046875,84618.75195886847
2016-03-09,289179.1014898382,7531.7998046875,84640.8073933227
2016-03-10,287848.60068460926,7486.14990234375,85408.43572998047
2016-03-11,293590.41247554123,7510.2001953125,84721.83263185434
2016-03-14,292231.16631408036,7538.75,83266.54134003911
2016-03-15,293354.25289414823,7460.60009765625,82650.89567075204
2016-03-16,296662.5260634646,7498.75,82804.42341459356
2016-03-17,294069.368193835,7512.5498046875,84506.53731536865
2016-03-18,293814.2110103369,7604.35009765625,83518.12824033201
2016-03-21,293845.220751781,7704.25,82558.47135777585
2016-03-22,295190.47529851645,7714.89990234375,83030.25656182878
2016-03-23,293932.5194832422,7716.5,81699.10346535034
2016-03-28,294261.6475284025,7615.10009765625,81619.84810411371
2016-03-29,296513.6383120939,7597.0,82004.29450395517
2016-03-30,298050.69906820357,7735.2001953125,81426.89617750235
2016-03-31,297033.52295714617,7738.39990234375,81763.27972116694
2016-04-01,300241.2459947169,7713.0498046875,80968.30370798334
2016-04-04,298372.28361133486,7758.7998046875,80549.99794006348
2016-04-05,297161.82136917114,7603.2001953125,81649.29567182623
2016-04-06,302311.28741127625,7614.35009765625,81336.58899307251
2016-04-07,298855.3905139044,7546.4501953125,82552.19570933841
2016-04-08,298831.3592040874,7555.2001953125,82972.906665802
2016-04-11,295567.88739261776,7671.39990234375,83306.64091372676
2016-04-12,298154.90616708994,7708.9501953125,83517.11569372565
2016-04-13,303002.76924243197,7850.4501953125,82943.37515075691
2016-04-18,303443.29606339335,7914.7001953125,81922.13656228036
2016-04-20,300595.29668879136,7914.75,82966.85255046375
2016-04-21,302017.68132089823,7912.0498046875,83073.48929595947
2016-04-22,297587.3260252215,7899.2998046875,81723.29242723994
2016-04-25,298446.8420253843,7855.0498046875,82640.82839703374
2016-04-26,295931.0448293239,7962.64990234375,82552.88306484371
2016-04-27,293065.49070035666,7979.89990234375,82890.66695349105
2016-04-28,289934.79864010215,7847.25,84077.29347991943
2016-04-29,288427.291792199,7849.7998046875,85651.87091977522
2016-05-02,290791.2589637935,7805.89990234375,85930.53330402821
2016-05-03,289101.864438314,7747.0,85950.29485100694
2016-05-04,287266.10242922604,7706.5498046875,84827.25275015272
2016-05-05,287019.974348899,7735.5,84677.78108922113
2016-05-06,288397.96577213705,7733.4501953125,86109.72403279413
2016-05-09,289651.2084414996,7866.0498046875,84442.09682077635
2016-05-10,293466.40285621583,7887.7998046875,84259.1594904419
2016-05-11,290405.34932920337,7848.85009765625,84876.89133078605
2016-05-12,289886.9118356146,7900.39990234375,84793.79786152951
2016-05-13,288800.18731233105,7814.89990234375,84900.59783098754
2016-05-16,292944.59869384766,7860.75,85158.62663269043
2016-05-17,289040.9296407029,7890.75,85336.933505591
2016-05-18,291355.54137535393,7870.14990234375,85541.69338513166
2016-05-19,291202.38560535014,7783.39990234375,84629.64681356214
2016-05-20,294395.3852599673,7749.7001953125,84508.19316044915
2016-05-23,293742.7828806639,7731.0498046875,84384.18870976567
2016-05-24,300661.3304270506,7748.85009765625,83136.31675173342
2016-05-25,301281.66037585586,7934.89990234375,82346.44504547119
2016-05-26,300486.88190761954,8069.64990234375,81690.57666967157
2016-05-27,302132.6165169105,8156.64990234375,81268.77135853283
2016-05-31,304145.67048309,8160.10009765625,81672.22549345717
2016-06-01,304770.2392789833,8179.9501953125,81713.57407885138
2016-06-02,304923.6099417694,8218.9501953125,81409.86466422118
2016-06-03,303472.79048282653,8220.7998046875,83448.80733005982
2016-06-06,302183.01112187654,8201.0498046875,83140.52608365472
2016-06-07,301307.4194419384,8266.4501953125,83079.87943757325
2016-06-08,300667.10316296667,8273.0498046875,83789.30393878184
2016-06-09,301181.42726035416,8203.599609375,84774.4115299806
2016-06-10,297734.9130342901,8170.0498046875,84987.98760964349
2016-06-13,297006.0063313991,8110.60009765625,86252.59837717284
2016-06-14,297787.5883010328,8108.85009765625,86518.30268437508
2016-06-15,295759.03989744186,8206.599609375,86242.46416372061
2016-06-16,297781.64378497377,8140.75,87236.60002836306
2016-06-17,294426.38330157846,8170.2001953125,86994.29647445679
2016-06-20,295382.7392036617,8238.5,86597.69645690918
2016-06-21,298372.326188989,8219.900390625,85893.42656707764
2016-06-22,296975.6918386817,8203.7001953125,85491.09228515625
2016-06-23,300402.27439499274,8270.4501953125,84805.6030368898
2016-06-24,288179.0386695489,8088.60009765625,88759.43572998047
2016-06-27,285339.49378412217,8094.7001953125,89825.51935195923
2016-06-28,290486.2937520817,8127.85009765625,89052.39221429452
2016-06-29,294253.3292390406,8204.0,89252.0445307251
2016-06-30,298199.17845707387,8287.75,88993.31932375487
2016-07-01,299532.32319622487,8328.349609375,90228.58266978152
2016-07-05,297399.24053764343,8335.9501953125,91456.63144045416
2016-07-07,301008.28388236463,8337.900390625,91802.67029349972
2016-07-08,305650.71315440163,8323.2001953125,91566.4307877319
2016-07-11,305825.98503728956,8467.900390625,90981.47045135498
2016-07-12,306104.7841303982,8521.0498046875,89211.26903164666
2016-07-13,305933.97088039666,8519.5,89948.85161147453
2016-07-14,307220.20250216126,8565.0,88981.42925081775
2016-07-15,306775.0509957969,8541.400390625,88660.60359954834
2016-07-18,310160.70703981444,8508.7001953125,89187.44915805664
2016-07-19,309368.02714141086,8528.5498046875,89484.79070663452
2016-07-20,312796.20074003935,8565.849609375,88575.8884113282
2016-07-21,312065.97927165404,8510.099609375,89348.39610671997
2016-07-22,313345.2498428486,8541.2001953125,88851.4548721863
2016-07-25,314507.0178028196,8635.650390625,88927.41818078607
2016-07-26,314358.2240718901,8590.650390625,88861.97100053728
2016-07-27,315389.2502294332,8615.7998046875,88965.77885893546
2016-07-28,316367.54820650816,8666.2998046875,89273.43441348895
2016-07-29,316958.53820130974,8638.5,90392.4481048584
2016-08-01,317470.4260348901,8636.5498046875,90207.30228731688
2016-08-02,314658.05516501516,8622.900390625,90972.73944216315
2016-08-03,316063.88612924516,8544.849609375,90533.23726705927
2016-08-04,317081.0243406594,8551.099609375,90823.55870805681
2016-08-05,320249.28137522936,8683.150390625,89326.31859963387
2016-08-08,319591.933082059,8711.349609375,89063.11952164304
2016-08-09,320274.5584926605,8678.25,89422.43315887451
2016-08-10,319329.5742206834,8575.2998046875,89742.78700829484
2016-08-11,320572.9030495696,8592.150390625,89598.4471321106
2016-08-16,320729.06931467354,8642.5498046875,90291.31916809082
2016-08-17,321511.0591879338,8624.0498046875,89834.01469730213
2016-08-18,321316.0078782104,8673.25,90287.18032495119
2016-08-19,321146.2824688293,8666.900390625,89565.52922229003
2016-08-22,323074.652013544,8629.150390625,89876.58279343136
2016-08-23,323464.54785451666,8632.599609375,89994.47267901618
2016-08-24,321259.22165828943,8650.2998046875,88946.71048974618
2016-08-25,319980.5640697405,8592.2001953125,88454.09089189209
2016-08-26,320534.0146211013,8572.5498046875,88547.90036773682
2016-08-29,321434.20007169247,8607.4501953125,88753.35779333487
2016-08-30,320595.9964443147,8744.349609375,88049.96079246327
2016-08-31,319539.6337802708,8786.2001953125,87529.23827758059
2016-09-01,319533.6970024854,8774.650390625,87645.7703775391
2016-09-02,320522.25295990705,8809.650390625,88307.02270097658
2016-09-06,319980.1511051953,8943.0,89404.77287915535
2016-09-07,321181.4724852666,8917.9501953125,89357.77968763933
2016-09-08,319225.78533935547,8952.5,88830.35916503891
2016-09-09,311088.32130877674,8866.7001953125,88385.13931854255
2016-09-12,317911.733398404,8715.599609375,88141.08243560791
2016-09-14,316837.9634687975,8726.599609375,88220.83234405518
2016-09-15,322211.77203381434,8742.5498046875,87807.87384414673
2016-09-16,322088.09244371206,8779.849609375,87293.12977021746
2016-09-19,321121.81523126364,8808.400390625,87945.65545654297
2016-09-20,321829.616556976,8775.900390625,87985.05222518928
2016-09-21,324042.1742630005,8777.150390625,88585.43784512207
2016-09-22,325875.095685143,8867.4501953125,89300.93029779289
2016-09-23,323713.21193924546,8831.5498046875,89087.73310863785
2016-09-26,320854.8222270161,8723.0498046875,89232.72308058478
2016-09-27,323350.533794865,8706.400390625,88094.52054757811
2016-09-28,323390.32001893595,8745.150390625,87519.50033924077
2016-09-29,323277.28852312267,8591.25,88311.09970531985
2016-09-30,325776.24422223866,8611.150390625,87749.84931506589
2016-10-03,323048.3634320721,8738.099609375,86891.81587982178
2016-10-04,323533.82220059633,8769.150390625,84307.72836074233
2016-10-05,324678.6580886841,8743.9501953125,84215.75979916006
2016-10-06,325027.6011670232,8709.5498046875,83345.54492490739
2016-10-07,324400.74890868366,8697.599609375,83285.52490385994
2016-10-13,320770.22050502896,8573.349609375,83813.91571044922
2016-10-14,321129.5105803907,8583.400390625,83687.0244864747
2016-10-17,320305.4928919673,8520.400390625,83773.34928670898
2016-10-18,322993.24267655984,8677.900390625,84143.27235048823
2016-10-19,322294.2613459453,8659.099609375,84488.2910509985
2016-10-20,323024.620972462,8699.400390625,84594.34886862058
2016-10-21,324304.6253584586,8693.0498046875,84614.40452264529
2016-10-24,328152.9475407824,8708.9501953125,84344.5075378418
2016-10-25,326657.4195873365,8691.2998046875,84939.14143219125
2016-10-26,324998.4715991616,8615.25,84569.58845771477
2016-10-27,323573.0268266052,8615.25,84826.31517860107
2016-10-28,321508.3767297864,8638.0,85334.77634429932
2016-11-01,317790.4195343703,8626.25,85758.4967447631
2016-11-02,315183.2661591768,8514.0,87135.46354631335
2016-11-03,312458.5896358639,8484.9501953125,86950.97635125741
2016-11-04,310780.44994533807,8433.75,86909.9142538514
2016-11-07,318814.99463363364,8497.0498046875,85371.65379582159
2016-11-08,320656.3339190185,8543.5498046875,84980.35140649416
2016-11-09,319569.2695683874,8432.0,84283.65985004883
2016-11-10,315713.0819876008,8525.75,84165.24086380005
2016-11-15,322914.33883253485,8108.4501953125,82957.20886230469
2016-11-16,324666.7145481482,8111.60009765625,82882.90619807132
2016-11-17,328118.81127646565,8079.9501953125,82699.49319076538
2016-11-18,326825.5605754927,8074.10009765625,82147.54593276978
2016-11-21,331238.0211029053,7929.10009765625,82458.42812084965
2016-11-22,332471.421266377,8002.2998046875,82608.97035217285
2016-11-23,331933.6242002249,8033.2998046875,81317.19405797124
2016-11-25,334791.954713352,8114.2998046875,80995.94316123053
2016-11-28,332747.151857771,8126.89990234375,81566.21741007082
2016-11-29,334085.32703594863,8142.14990234375,81437.07562849112
2016-11-30,330060.0647215992,8224.5,80326.25175087899
2016-12-01,324702.44536229223,8192.900390625,80035.33588319086
2016-12-02,323303.23841717094,8086.7998046875,80161.20669561159
2016-12-05,324968.46595143154,8128.75,79845.49806213379
2016-12-06,325689.3984476626,8143.14990234375,79411.38977630623
2016-12-07,328583.0773041919,8102.0498046875,79573.35014343262
2016-12-08,327662.4825493321,8246.849609375,78881.37584809586
2016-12-09,330013.02015154436,8261.75,78150.51599349361
2016-12-12,328822.71476677805,8170.7998046875,78490.29480361938
2016-12-13,332764.4469708204,8221.7998046875,77982.39646091312
2016-12-14,331623.7936925031,8182.4501953125,78255.94283427112
2016-12-15,334583.8752913177,8153.60009765625,76487.39896734618
2016-12-16,333448.6734239012,8139.4501953125,77024.43319860846
2016-12-19,334755.5518565215,8104.35009765625,77365.81645584106
2016-12-20,336066.78105995804,8082.39990234375,76761.18893814087
2016-12-21,336016.1685858965,8061.2998046875,76798.29863227531
2016-12-22,334677.48062738776,7979.10009765625,76561.42826296389
2016-12-23,335121.0654213354,7985.75,76785.83095460199
2016-12-27,336542.89505164325,8032.85009765625,77077.10251877457
2016-12-28,334830.0928007215,8034.85009765625,77442.74350202642
2016-12-29,335451.2817522213,8103.60009765625,78872.26578259282
2016-12-30,330400.29889015853,8185.7998046875,78122.94845581055
2017-01-03,334628.089616403,8192.25,79062.58328879159
2017-01-04,337062.3280933276,8190.5,79452.39457036369
2017-01-05,337048.11678671837,8273.7998046875,80084.51873117685
2017-01-06,339144.56348866224,8243.7998046875,79376.30635639653
2017-01-09,342409.74917659536,8236.0498046875,80646.76829910278
2017-01-10,342879.96678456664,8288.599609375,80640.46421950683
2017-01-11,345020.2481184527,8380.650390625,81681.00008073729
2017-01-12,343523.0491006896,8407.2001953125,81693.04693182372
2017-01-13,344701.87737092376,8400.349609375,81435.1962816529
2017-01-17,343513.4014140256,8398.0,82530.65139770508
2017-01-18,343289.6835225187,8417.0,82246.66522565298
2017-01-19,344479.676466465,8435.099609375,81898.97751948237
2017-01-20,344754.82792291045,8349.349609375,82001.15343763679
2017-01-23,344858.6946737394,8391.5,82713.80023956299
2017-01-24,347134.27454845235,8475.7998046875,82362.61181204952
2017-01-25,351147.37793962285,8602.75,81613.35603601672
2017-01-27,352198.1356578395,8641.25,80967.82770174555
2017-01-30,349358.6747517884,8632.75,81268.84940258786
2017-01-31,347024.4551223889,8561.2998046875,81968.45791147463
2017-02-01,347814.8265448585,8716.400390625,81379.92993160151
2017-02-02,346931.3188958913,8734.25,81999.98110709712
2017-02-03,347198.138429258,8740.9501953125,81963.13617324829
2017-02-06,347066.252246663,8801.0498046875,82603.48251342773
2017-02-07,348466.7401828021,8768.2998046875,82932.43257408217
2017-02-08,349940.3001166284,8769.0498046875,83340.60100487061
2017-02-09,349028.6671037972,8778.400390625,82707.60784312617
2017-02-10,348856.9896773994,8793.5498046875,82390.40031116456
2017-02-13,351385.26938065514,8805.0498046875,81843.42374191154
2017-02-14,352715.73329711333,8792.2998046875,81897.75681022089
2017-02-15,354071.88304530457,8724.7001953125,82247.87497966178
2017-02-16,354429.96050285175,8778.0,82913.22174072266
2017-02-17,357633.78187073395,8821.7001953125,83123.15799768548
2017-02-21,358311.6135471314,8907.849609375,82869.18296813965
2017-02-22,358405.92967160046,8926.900390625,82501.00708007812
2017-02-23,356811.80846003443,8939.5,83656.25335654058
2017-02-27,356333.9926589504,8896.7001953125,83786.8533129273
2017-02-28,355495.43031016365,8879.599609375,83539.89963670168
2017-03-01,359606.5481450707,8945.7998046875,83308.0022839075
2017-03-02,358576.8305758834,8899.75,82362.37393757328
2017-03-03,359190.8088070415,8897.5498046875,81918.67054367065
2017-03-06,357923.99761067703,8963.4501953125,81763.5417137146
2017-03-07,356741.47952272,8946.900390625,81004.27943628654
2017-03-08,357050.19655610994,8924.2998046875,80505.68169784546
2017-03-09,358126.12012208253,8927.0,80278.23689611815
2017-03-10,359134.4780570194,8934.5498046875,80063.26855045184
2017-03-14,356138.7076904923,9087.0,79529.841621737
2017-03-15,356254.3892097473,9084.7998046875,78936.69675384276
2017-03-16,355143.3934994042,9153.7001953125,80483.54160308838
2017-03-17,353757.2436066717,9160.0498046875,80434.4608214479
2017-03-20,354399.1323749162,9126.849609375,80761.44841386471
2017-03-21,348402.4153060764,9121.5,81414.31153661385
2017-03-22,351547.68920042366,9030.4501953125,81822.91012930311
2017-03-23,350038.72359680757,9086.2998046875,81503.61743215937
2017-03-24,351043.7453613281,9108.0,81687.69310574234
2017-03-27,349569.38357982785,9045.2001953125,81657.4922893066
2017-03-28,352063.4438569397,9100.7998046875,81732.58694537356
2017-03-29,351772.8852364868,9143.7998046875,81195.25205151364
2017-03-30,352440.7747653872,9173.75,80663.55113983154
2017-03-31,352213.3454115875,9173.75,80812.57130551152
2017-04-03,352427.5814335942,9237.849609375,81148.78322155774
2017-04-05,352420.54703111574,9265.150390625,81000.8187280884
2017-04-06,350080.43275795877,9261.9501953125,80744.37944268808
2017-04-07,349918.35208930075,9198.2998046875,81002.6994500123
2017-04-10,350104.9808054194,9181.4501953125,80789.77710540779
2017-04-11,348898.5708613284,9237.0,82157.64935278334
2017-04-12,346818.4211425781,9203.4501953125,82256.85314941406
2017-04-13,345038.84909182787,9150.7998046875,82876.25264923088
2017-04-17,347753.31839639693,9139.2998046875,83048.06656728033
2017-04-18,348139.4946436584,9105.150390625,83405.06545297243
2017-04-19,349068.90521658957,9103.5,82838.28039298579
2017-04-20,351978.6558430046,9136.400390625,82887.66027307138
2017-04-21,351882.96030047536,9119.400390625,83243.29029321298
2017-04-24,354662.03450437635,9217.9501953125,82148.76436535642
2017-04-25,357026.0142636262,9306.599609375,81441.35649780277
2017-04-26,354740.55319580436,9351.849609375,80799.63620022591
2017-04-27,356896.1694353521,9342.150390625,80952.61578686535
2017-04-28,357680.90440544486,9304.0498046875,81106.36134497076
2017-05-02,361615.5519152619,9313.7998046875,80414.2550527649
2017-05-03,361191.52848282456,9311.9501953125,80031.34442651365
2017-05-04,361040.9328180179,9359.900390625,78704.50275421143
2017-05-05,362309.5749351382,9285.2998046875,78595.41689062491
2017-05-08,364510.854292009,9314.0498046875,78923.77748211287
2017-05-09,367045.9587217346,9316.849609375,78492.35441510007
2017-05-10,366752.47268579155,9407.2998046875,78576.7218667604
2017-05-11,365192.8164906129,9422.400390625,78692.9696036987
2017-05-12,366003.09884204715,9400.900390625,78918.22960583493
2017-05-15,365305.1978264004,9445.400390625,78677.45327665284
2017-05-16,365791.72099066153,9512.25,78916.50188446045
2017-05-17,358438.73268861324,9525.75,80769.229221344
2017-05-18,364984.93020294234,9429.4501953125,81199.15442905389
2017-05-19,366622.92551277205,9427.900390625,81264.02553043328
2017-05-22,367612.4242584035,9438.25,81315.39692839608
2017-05-23,370063.0146109052,9386.150390625,81417.95275623538
2017-05-24,371094.79593613744,9360.5498046875,81105.55247217044
2017-05-25,372967.2251630202,9509.75,81056.11964485608
2017-05-26,373612.01734578237,9595.099609375,81817.7506672265
2017-05-30,374440.864391543,9624.5498046875,81555.1321420325
2017-05-31,373378.1615478322,9621.25,82044.12615966797
2017-06-01,374422.1068995893,9616.099609375,81559.70307922363
2017-06-02,378603.1003049761,9653.5,82190.5547545068
2017-06-05,378221.7712246999,9675.099609375,82315.28460618295
2017-06-06,377296.06305234134,9637.150390625,83385.89898487553
2017-06-07,378624.32710543275,9663.900390625,83106.04314698372
2017-06-08,378094.59143185616,9647.25,81994.48821991682
2017-06-09,368884.5952152014,9668.25,81493.38269042969
2017-06-12,368001.2440054938,9616.400390625,81624.32714156248
2017-06-13,370172.73380526155,9606.900390625,81463.72432470694
2017-06-14,367482.0283921808,9618.150390625,81670.23592118174
2017-06-15,368049.4533083737,9578.0498046875,80842.02579052746
2017-06-16,366796.33366826177,9588.0498046875,80958.23693847656
2017-06-19,372236.6412212439,9657.5498046875,80235.47155059315
2017-06-20,369521.6645173207,9653.5,80082.3533782959
2017-06-21,373204.7291062586,9633.599609375,80251.03085581306
2017-06-22,373327.61049467325,9630.0,80583.73428732902
2017-06-23,374828.6890140474,9574.9501953125,81139.21533979475
2017-06-27,365958.8799127005,9511.400390625,80423.71623595711
2017-06-28,371138.89287158847,9491.25,80510.853515625
2017-06-29,366231.4833458699,9504.099609375,80605.62179546617
2017-06-30,365836.2878918499,9520.900390625,80378.87393551134
2017-07-03,362921.979671672,9615.0,78971.92243420891
2017-07-05,365994.92834752053,9637.599609375,79071.42259622552
2017-07-06,362258.59037376195,9674.5498046875,79092.59529292956
2017-07-07,366048.8687306717,9665.7998046875,78212.49595731683
2017-07-10,367908.71643615887,9771.0498046875,78315.84237474483
2017-07-11,368428.23897052556,9786.0498046875,78308.26248106454
2017-07-12,371962.1169761196,9816.099609375,78403.00232644659
2017-07-13,373241.82365394384,9891.7001953125,78361.09943943098
2017-07-14,376122.9591152966,9886.349609375,79024.68042478524
2017-07-17,375670.4999702275,9915.9501953125,79306.02939843759
2017-07-18,378127.4650468491,9827.150390625,79810.54401183967
2017-07-19,380191.96334192157,9899.599609375,79763.60238277353
2017-07-20,380882.47224969417,9873.2998046875,80071.75934204087
2017-07-21,380902.385359101,9915.25,80682.84681304917
2017-07-24,382416.8641783744,9966.400390625,80707.39675726555
2017-07-25,382212.58593085036,9964.5498046875,80668.30499602668
2017-07-26,382897.9572391324,10020.650390625,80366.53488922119
2017-07-27,379784.5423143804,10020.5498046875,80847.42135778815
2017-07-28,379264.01075947285,10014.5,81412.25247033685
2017-07-31,377455.4410894811,10077.099609375,81302.41774134524
2017-08-01,377619.8336853683,10114.650390625,81517.41128708981
2017-08-02,376385.1344237905,10081.5,80938.11602172721
2017-08-03,375251.77057070285,10013.650390625,80755.05793045647
2017-08-04,375806.56894031167,10066.400390625,80149.93644379266
2017-08-07,378814.4141392894,10057.400390625,80311.02997808345
2017-08-08,377525.68723809905,9978.5498046875,80036.32503089355
2017-08-09,378176.2160711866,9908.0498046875,81329.04098892212
2017-08-10,371246.4179585688,9820.25,82334.72180948593
2017-08-11,374026.1750000529,9710.7998046875,82591.27622232772
2017-08-14,379152.675796777,9794.150390625,82412.63440005854
2017-08-16,379664.6183692664,9897.2998046875,81926.54347086791
2017-08-17,372059.4156406224,9904.150390625,82572.60742648691
2017-08-18,371712.17498373985,9837.400390625,82527.67049248517
2017-08-21,371249.94961979985,9754.349609375,82814.50570837408
2017-08-22,376230.85761107504,9765.5498046875,82320.29521572869
2017-08-23,374543.1490765326,9852.5,82496.04252255242
2017-08-24,373608.3830143064,9857.0498046875,82381.03221130371
2017-08-28,372407.03575502336,9912.7998046875,83544.84180029668
2017-08-29,375099.59522677213,9796.0498046875,84021.0670245532
2017-08-30,379564.3913479205,9884.400390625,83687.2657938092
2017-08-31,382742.807986239,9917.900390625,84120.83908892702
2017-09-01,382698.05717374943,9974.400390625,84651.31097602844
2017-09-05,380287.98269541934,9952.2001953125,85842.71482666023
2017-09-06,380963.98220240325,9916.2001953125,85390.14862174448
2017-09-07,381418.22435044684,9929.900390625,86019.27787482971
2017-09-08,378160.6100063212,9934.7998046875,86076.83452606201
2017-09-11,382634.2929166276,10006.0498046875,85157.37939071655
2017-09-12,383646.6133343335,10093.0498046875,84975.5307006836
2017-09-13,384971.3988869637,10079.2998046875,84849.92099585198
2017-09-14,382929.6285365969,10086.599609375,84986.12375036627
2017-09-15,384160.1326904297,10085.400390625,84710.26195446774
2017-09-18,384075.82676099986,10153.099609375,83883.66416682489
2017-09-19,385218.65118514,10147.5498046875,83986.95674353279
2017-09-20,384005.73860752955,10141.150390625,84340.21313476562
2017-09-21,384595.8254480064,10121.900390625,83633.84615198243
2017-09-22,384427.96597591415,9964.400390625,83808.81710689329
2017-09-25,382933.1824786626,9872.599609375,85288.43400037102
2017-09-26,384345.5498148501,9871.5,84758.94802093506
2017-09-27,389073.7013699189,9735.75,84094.78855804447
2017-09-28,387785.44733219594,9768.9501953125,84020.28078460693
2017-09-29,390807.03888385,9788.599609375,83758.84078216553
2017-10-03,392335.31477419287,9859.5,83210.90161895752
2017-10-04,390041.57161438465,9914.900390625,82815.33490810543
2017-10-05,394986.10276995227,9888.7001953125,82810.17942941282
2017-10-06,395470.5926850252,9979.7001953125,82921.03324377444
2017-10-09,396316.28162830323,9988.75,83848.43306162581
2017-10-10,395577.3715390898,10016.9501953125,84197.32175472658
2017-10-11,396530.32999038696,9984.7998046875,83841.10465175286
2017-10-12,394828.57033632696,10096.400390625,84123.99189754017
2017-10-13,396289.50090200454,10167.4501953125,84657.36590194702
2017-10-16,395577.0767763518,10230.849609375,84096.51597536262
2017-10-17,397533.11928426847,10234.4501953125,83303.52634429932
2017-10-18,397677.94238367677,10210.849609375,83244.8257028833
2017-10-19,395439.0841526389,10146.5498046875,83525.7339637354
2017-10-23,394620.7032377422,10184.849609375,83095.08453046158
2017-10-24,395697.6810809225,10207.7001953125,82976.36032104492
2017-10-25,392608.7739585936,10295.349609375,82696.93291235343
2017-10-26,390046.40035725385,10343.7998046875,81802.98122207634
2017-10-27,401390.1663979031,10323.0498046875,81945.09806442261
2017-10-30,404004.9134379029,10363.650390625,82655.19458774664
2017-10-31,405171.62822623923,10335.2998046875,82155.32028961182
2017-11-01,404100.7974973507,10440.5,82396.16945614386
2017-11-02,402590.7857175246,10423.7998046875,82301.29791241698
2017-11-03,406068.08511570096,10452.5,81689.88773345947
2017-11-06,408448.87268390134,10451.7998046875,82768.73436904047
2017-11-07,408264.83357513696,10350.150390625,82269.42185377702
2017-11-08,413521.52290857956,10303.150390625,83514.81824549567
2017-11-09,409728.70197256655,10308.9501953125,83448.93666600343
2017-11-10,409887.6629726961,10321.75,82665.28773725592
2017-11-13,411564.20274103805,10224.9501953125,83229.2559152674
2017-11-14,411845.7424128428,10186.599609375,83859.30994415283
2017-11-15,409380.5892119743,10118.0498046875,83500.20349502563
2017-11-16,414664.70144888386,10214.75,83559.07715090085
2017-11-17,411769.1760352999,10283.599609375,84499.11999774165
2017-11-20,409460.31547532976,10298.75,82727.9098594971
2017-11-21,414770.4178628996,10326.900390625,83303.52786727902
2017-11-22,413573.4352103695,10342.2998046875,83645.69237948488
2017-11-24,413908.09943722934,10389.7001953125,83094.30968011357
2017-11-27,413473.33578740805,10399.5498046875,83508.32178259268
2017-11-28,413830.5856601894,10370.25,83422.56579302251
2017-11-29,406894.668749243,10361.2998046875,82656.98699108884
2017-11-30,410036.2943025641,10226.5498046875,82012.92346302234
2017-12-01,408788.8025837764,10121.7998046875,82481.83238827623
2017-12-04,404065.05272087455,10127.75,82203.82527204603
2017-12-05,403168.6051574163,10118.25,81185.72754879389
2017-12-06,405001.1963337958,10044.099609375,81269.90034701675
2017-12-07,407496.03940835595,10166.7001953125,80631.09730298817
2017-12-08,409493.7415047698,10265.650390625,80368.18902686052
2017-12-11,412233.2760529034,10322.25,80185.06642053835
2017-12-12,410787.8614751436,10240.150390625,79697.47311019897
2017-12-13,412775.96297201514,10192.9501953125,80390.57537658699
2017-12-14,410999.0192999542,10252.099609375,80644.41875799559
2017-12-15,415622.7165684812,10333.25,80620.13755233772
2017-12-18,417320.2152402885,10388.75,80872.05869245343
2017-12-19,416059.6814171672,10463.2001953125,80937.06767516583
2017-12-20,414546.8074539043,10444.2001953125,81090.66453359742
2017-12-21,414025.6130897049,10440.2998046875,81062.84781666566
2017-12-22,413833.5674970299,10493.0,81637.96906609368
2017-12-26,411789.7856168747,10531.5,82195.87897923589
2017-12-27,412031.05366545916,10490.75,82404.29113769531
2017-12-28,412991.6245306581,10477.900390625,82971.21717019659
2017-12-29,409767.43039157987,10530.7001953125,83684.18910367414
2018-01-02,415863.6452663541,10442.2001953125,83902.86232793704
2018-01-03,417300.2495851442,10443.2001953125,83526.04769635014
2018-01-04,417588.15372575074,10504.7998046875,83675.16435120488
2018-01-05,421616.31773874164,10558.849609375,83666.88384678215
2018-01-08,422396.98546104133,10623.599609375,83421.22665063478
2018-01-09,423728.6429203693,10637.0,83229.98486142885
2018-01-10,423985.7130930126,10632.2001953125,83834.20070675295
2018-01-11,427733.3260837719,10651.2001953125,84201.45222677616
2018-01-12,430330.4376749508,10681.25,84900.37978401734
2018-01-16,427951.2144155111,10700.4501953125,84826.20972418087
2018-01-17,435819.0933914222,10788.5498046875,85624.37452697754
2018-01-18,434736.32621717826,10817.0,84631.95101165771
2018-01-19,436492.25619372725,10894.7001953125,85065.25731640868
2018-01-22,440842.34128393605,10966.2001953125,84954.14333467651
2018-01-23,444826.52039324865,11083.7001953125,85324.64678510558
2018-01-24,441112.0265001785,11086.0,86439.30413399963
2018-01-25,439723.8168880902,11069.650390625,86618.5324207251
2018-01-30,441275.41429993697,11049.650390625,85024.11732820189
2018-01-31,443200.1911127195,11027.7001953125,85387.89780807495
2018-02-01,439384.00381851196,11016.900390625,85584.86383938603
2018-02-02,432489.54493363947,10760.599609375,85323.45234115608
2018-02-05,416599.582407251,10666.5498046875,85488.62209320068
2018-02-06,428720.4844225645,10498.25,85287.71847376227
2018-02-07,421117.6378365997,10476.7001953125,83916.16583758546
2018-02-08,404851.607024841,10576.849609375,84544.97754852287
2018-02-09,413236.30629966035,10454.9501953125,84616.81681282353
2018-02-12,418904.91998523474,10539.75,85028.60523870587
2018-02-14,428871.32573995367,10500.900390625,87091.00944137573
2018-02-15,435046.10623551905,10545.5,86568.47120833863
2018-02-16,432583.56866276264,10452.2998046875,86457.16229780763
2018-02-20,437323.8810494356,10360.400390625,85714.24349999987
2018-02-21,438439.37025792897,10397.4501953125,86270.44715881348
2018-02-22,438810.2393883206,10382.7001953125,86349.28094891366
2018-02-23,447943.83680250496,10491.0498046875,86268.44731377438
2018-02-26,452215.76409453154,10582.599609375,86100.28283920884
2018-02-27,447007.4611140378,10554.2998046875,85218.62032699585
2018-02-28,444920.4222305417,10492.849609375,85389.10981750488
2018-03-01,440405.2177277282,10458.349609375,85001.19480947871
2018-03-05,448567.91349504516,10358.849609375,85922.58624651004
2018-03-06,449371.88121574,10249.25,86688.93307486083
2018-03-07,449648.1217423156,10154.2001953125,86044.13919067383
2018-03-08,452059.9943486266,10242.650390625,85649.89277459588
2018-03-09,462218.6630546786,10226.849609375,86075.54746924806
2018-03-12,463272.4850184694,10421.400390625,85714.68689336907
2018-03-13,457639.12277789414,10426.849609375,86111.2443246888
2018-03-14,456453.3691410832,10410.900390625,85858.34001960699
2018-03-15,455865.6069651358,10360.150390625,85377.10090755858
2018-03-16,456397.82658400387,10195.150390625,85253.38152459823
2018-03-19,446663.42633515596,10094.25,85677.59839184582
2018-03-20,449031.5147614181,10124.349609375,85496.9582452979
2018-03-21,447066.9975768998,10155.25,86152.4261567127
2018-03-22,434785.22452899814,10114.75,86316.02010032721
2018-03-23,424067.15805208683,9998.0498046875,87920.39612292498
2018-03-26,436939.0348431915,10130.650390625,87622.90916613769
2018-03-27,423757.2227757275,10184.150390625,87044.33756432496
2018-03-28,420916.6095085591,10113.7001953125,86270.56804081053
2018-04-02,416299.3035212159,10211.7998046875,87424.39159051515
2018-04-03,419210.35833638906,10245.0,86505.38554223627
2018-04-04,426371.12152604386,10128.400390625,86820.3278424684
2018-04-05,427751.22827389836,10325.150390625,85896.0923859682
2018-04-06,417267.6710478142,10331.599609375,86389.03822980355
2018-04-09,419860.7034408748,10379.349609375,86685.78783773817
2018-04-10,429537.3560766801,10402.25,87129.75340270996
2018-04-11,429174.46585312486,10417.150390625,88430.23831176758
2018-04-12,434492.03841514885,10458.650390625,87365.00306459237
2018-04-13,432669.5458750427,10480.599609375,87782.7691601906
2018-04-16,436752.3556008227,10528.349609375,88165.97959518433
2018-04-17,447665.1282481998,10548.7001953125,88477.36090454087
2018-04-18,451060.2041187957,10526.2001953125,89192.71166332997
2018-04-19,447920.5030203797,10565.2998046875,89043.41519420408
2018-04-20,440836.95436286926,10564.0498046875,88375.64926273562
2018-04-23,442444.37082861364,10584.7001953125,88005.76007843018
2018-04-24,432292.68884467334,10614.349609375,88423.7352228174
2018-04-25,435832.7367140874,10570.5498046875,88398.44942467287
2018-04-26,444861.5886133574,10617.7998046875,88060.47527511604
2018-04-27,445309.83168998733,10692.2998046875,88328.07528121956
2018-04-30,438940.0946607366,10739.349609375,87461.48273864761
2018-05-02,445711.72925624996,10718.0498046875,87378.40874743648
2018-05-03,442854.3998271972,10679.650390625,87371.26354504377
2018-05-04,451229.571800977,10618.25,87504.58355236799
2018-05-07,457875.7176177576,10715.5,88073.2825427223
2018-05-08,457744.6637886353,10717.7998046875,88117.19799804688
2018-05-09,466118.87649136037,10741.7001953125,88670.11290335096
2018-05-10,469273.6170876771,10716.5498046875,89008.71448437497
2018-05-11,468533.0181051269,10806.5,88887.40919494629
2018-05-14,471334.65056765825,10806.599609375,89098.08884811401
2018-05-15,471589.444767572,10801.849609375,88238.0944913635
2018-05-16,471653.75590339303,10741.099609375,87811.00552685559
2018-05-17,470277.05600242317,10682.7001953125,87777.94388659671
2018-05-18,467866.2708091736,10596.400390625,87914.223885376
2018-05-21,472338.24784168974,10516.7001953125,88249.67862884514
2018-05-22,471730.42672290653,10536.7001953125,88391.02805288695
2018-05-23,477366.7020654753,10430.349609375,88510.45031936653
2018-05-24,474387.2394642532,10513.849609375,88990.69075573236
2018-05-25,475153.0991361737,10605.150390625,88963.39338123053
2018-05-29,471905.1538370177,10633.2998046875,88480.4241063539
2018-05-30,470416.6391309723,10614.349609375,87760.14539718628
2018-05-31,469868.85422185063,10736.150390625,87672.23867956549
2018-06-01,477704.8141090572,10696.2001953125,87314.83813159168
2018-06-04,479047.77497175336,10628.5,86715.2812058106
2018-06-05,480817.23125457764,10593.150390625,87049.27024841309
2018-06-06,481850.3799342364,10684.650390625,86685.32239260618
2018-06-07,482172.30176085234,10768.349609375,87545.36846447736
2018-06-08,482158.14829328656,10767.650390625,87504.92410803214
2018-06-11,483800.6985683106,10786.9501953125,87662.75987295527
2018-06-12,489575.452138111,10842.849609375,87950.24408483878
2018-06-13,488372.4981185794,10856.7001953125,87903.88207165524
2018-06-14,495958.43606069684,10808.0498046875,88841.51641845703
2018-06-15,494334.89290349185,10817.7001953125,86838.49283587653
2018-06-18,493168.4202172458,10799.849609375,86794.36140545644
2018-06-19,491868.1467164308,10710.4501953125,86804.58223144524
2018-06-20,497635.8472401425,10772.0498046875,86886.51472290047
2018-06-21,489562.3758132756,10741.099609375,85954.17500830069
2018-06-22,488207.10058137774,10821.849609375,85967.74597668462
2018-06-25,480988.50668638945,10762.4501953125,86491.09769677743
2018-06-26,483217.49125323445,10769.150390625,85907.45464654546
2018-06-27,482579.93050180376,10671.400390625,86743.87270458974
2018-06-28,483750.8790908642,10589.099609375,85844.52502516843
2018-06-29,484383.78857120126,10714.2998046875,86085.31347350217
2018-07-02,487583.3227048628,10657.2998046875,85167.81804387458
2018-07-03,482811.4759006649,10699.900390625,86147.62861132808
2018-07-05,490469.5078426972,10749.75,86841.71398886107
2018-07-06,497810.28629659116,10772.650390625,86634.5039897766
2018-07-09,499568.68783569336,10852.900390625,86380.8897704212
2018-07-10,501771.1578408815,10947.25,86386.82527740486
2018-07-11,497806.3131005615,10948.2998046875,85405.22087255865
2018-07-12,504882.7817440033,11023.2001953125,85332.30113983154
2018-07-13,505538.69750471786,11018.900390625,84962.18346154783
2018-07-16,505634.8902708739,10936.849609375,85082.23183361813
2018-07-17,506100.3349728361,11008.0498046875,83783.94930360094
2018-07-18,507077.46734844893,10980.4501953125,84143.19272185676
2018-07-19,506835.6384478994,10957.099609375,84266.26393884514
2018-07-20,506688.8147701733,11010.2001953125,84755.7014427185
2018-07-23,510127.13863592595,11084.75,84700.79626464844
2018-07-24,509624.04441833496,11134.2998046875,84216.55769189447
2018-07-25,516891.29734647274,11132.0,84769.57317114249
2018-07-26,508727.53919029236,11167.2998046875,84227.12273892201
2018-07-27,501580.6268440373,11278.349609375,84041.51971002202
2018-07-30,494058.06264624,11319.5498046875,83884.9908720702
2018-07-31,495367.5100737624,11356.5,83819.5348336827
2018-08-01,496790.0221388489,11346.2001953125,83191.21679521725
2018-08-02,505843.76197335497,11244.7001953125,83065.92432426754
2018-08-03,507445.27055861056,11360.7998046875,83312.93845413812
2018-08-06,511876.8998657465,11387.099609375,83163.76136938483
2018-08-07,511907.9377114959,11389.4501953125,82973.72073740233
2018-08-08,511328.045557037,11450.0,83008.53354907222
2018-08-09,515966.92190710455,11470.7001953125,83742.28983779904
2018-08-10,511913.50519973785,11429.5,83687.00646499638
2018-08-13,517705.15040802956,11355.75,83330.36228999496
2018-08-14,520929.51330819726,11435.099609375,83450.34635925293
2018-08-16,516237.1539304778,11385.0498046875,82339.87435125746
2018-08-17,516464.6701715514,11470.75,82360.87926864624
2018-08-20,514082.80960451066,11551.75,82767.43286999501
2018-08-21,516400.60687687993,11570.900390625,83255.40138403326
2018-08-23,521007.6063321531,11582.75,83416.42681121826
2018-08-24,526036.4895590208,11557.099609375,84772.73777206428
2018-08-27,528723.337346457,11691.9501953125,84563.50463104248
2018-08-28,534005.4419307709,11738.5,85169.9988275757
2018-08-29,543183.4043170661,11691.900390625,85411.09941101074
2018-08-30,545724.8364420533,11676.7998046875,85521.76355139166
2018-08-31,546573.1194597781,11680.5,85707.42352136225
2018-09-04,546901.4473876953,11520.2998046875,85576.22149658203
2018-09-05,540847.1399589479,11476.9501953125,85901.36202581786
2018-09-06,536172.8740788698,11536.900390625,86175.61462863535
2018-09-07,534524.7425521612,11589.099609375,85866.2738296166
2018-09-10,539547.188061621,11438.099609375,86426.8846359253
2018-09-11,547999.4238149747,11287.5,87252.24522833247
2018-09-12,538580.2279295772,11369.900390625,86648.2866339013
2018-09-14,543483.4736175537,11515.2001953125,86072.8581237793
2018-09-17,539276.6348529123,11377.75,87019.99322110973
2018-09-18,547990.5414433591,11278.900390625,87510.02285742201
2018-09-19,541887.1968265623,11234.349609375,86973.15693505853
2018-09-21,540128.3369861692,11143.099609375,85791.4619582519
2018-09-24,553323.3980369568,10967.400390625,87908.69723907486
2018-09-25,552793.525120154,11067.4501953125,87707.99560546875
2018-09-26,550366.0225408971,11053.7998046875,86887.37599182129
2018-09-27,556577.0953931585,10977.5498046875,86248.78495391831
2018-09-28,556437.0370982364,10930.4501953125,86919.92136383057
2018-10-01,563890.1581564173,11008.2998046875,87554.55543887336
2018-10-03,564024.2068276517,10858.25,88494.45677749626
2018-10-04,555907.8091430664,10599.25,88856.18183740228
2018-10-05,549154.5138366818,10316.4501953125,89153.0618422851
2018-10-08,543299.8523237184,10348.0498046875,87515.31708105467
2018-10-09,549554.3022327274,10301.0498046875,88505.75998291
2018-10-10,525519.689250946,10460.099609375,88721.78182785027
2018-10-11,516452.47437022626,10234.650390625,90734.76448059082
2018-10-12,530778.7169136107,10472.5,90334.29865026847
2018-10-15,523647.0807556212,10512.5,90851.71605419926
2018-10-16,534493.8003447317,10584.75,90151.93596508168
2018-10-17,538036.3076099306,10453.0498046875,90455.89814996347
2018-10-19,527072.201379016,10303.5498046875,90868.25610827655
2018-10-22,527446.1761883497,10245.25,90197.21421584487
2018-10-23,521238.2532635033,10146.7998046875,90311.15100943111
2018-10-24,497104.93094884977,10224.75,89900.12995308824
2018-10-25,513741.48617649823,10124.900390625,89994.94552227296
2018-10-26,501734.0884855762,10030.0,90243.89598846436
2018-10-29,490953.9303588867,10250.849609375,89541.5625
2018-10-30,501160.81909478456,10198.400390625,89971.86461418215
2018-10-31,513126.9328233339,10386.599609375,89285.90044601448
2018-11-01,523613.4139559418,10380.4501953125,91550.51962280273
2018-11-02,510625.39575856924,10553.0,90237.27778466791
2018-11-05,505748.5265904665,10524.0,89658.57105859369
2018-11-06,509207.62238088995,10530.0,89166.07230456546
2018-11-07,527485.2254987881,10598.400390625,89794.62654058821
2018-11-09,513154.0386217497,10585.2001953125,87946.5636206055
2018-11-12,494904.89241345227,10482.2001953125,87058.21600500494
2018-11-13,499886.00731900334,10582.5,87757.4527927246
2018-11-14,491154.09766195714,10576.2998046875,87633.15045745857
2018-11-15,498868.6046546176,10616.7001953125,87806.72538574226
2018-11-16,493681.7482515164,10682.2001953125,87765.39177937992
2018-11-19,476795.5875288695,10763.400390625,87788.00261398312
2018-11-20,467917.7755345702,10656.2001953125,87390.11297607422
2018-11-21,469600.7760787904,10600.0498046875,87540.51160931401
2018-11-26,471958.264529407,10628.599609375,86231.52831506357
2018-11-27,474500.6288060546,10685.599609375,85765.06558544934
2018-11-28,490016.81694947183,10728.849609375,86572.83037579339
2018-11-29,486603.4225885011,10858.7001953125,86421.45640853886
2018-11-30,485874.7500884831,10876.75,85316.37835168466
2018-12-03,492654.19571133703,10883.75,86076.86833901983
2018-12-04,478960.3782441467,10869.5,87478.93253668211
2018-12-06,484669.32520436123,10601.150390625,87744.14867031854
2018-12-07,467889.5447998047,10693.7001953125,88211.10345458984
2018-12-10,476913.7425502986,10488.4501953125,88756.64435855113
2018-12-11,487599.414751783,10549.150390625,90323.39294461068
2018-12-12,491198.79094105214,10737.599609375,90368.33319079597
2018-12-13,488309.06132807955,10791.5498046875,89660.80337326042
2018-12-14,471849.58100402355,10805.4501953125,88503.63537597656
2018-12-17,463703.7583461553,10888.349609375,89700.54032373056
2018-12-18,464727.89442558587,10908.7001953125,89430.21992968768
2018-12-19,447623.40612580255,10967.2998046875,88360.69489498902
2018-12-20,441303.0094622448,10951.7001953125,89318.19746251218
2018-12-21,425073.1905717775,10754.0,88142.14725891128
2018-12-24,413780.4122489318,10663.5,88902.4492263794
2018-12-26,439896.95279315487,10729.849609375,89148.6018590089
2018-12-27,441124.24089401215,10779.7998046875,89602.60037429817
2018-12-28,439906.03524020687,10859.900390625,89580.1999745788
2018-12-31,442607.3462109193,10862.5498046875,89381.935944397
2019-01-02,443416.2500455901,10792.5,89298.50882720947
2019-01-03,430053.200973697,10672.25,90374.33023333736
2019-01-04,451513.7151082456,10727.349609375,90173.81048187241
2019-01-07,451095.5911502838,10771.7998046875,89464.77535827644
2019-01-08,457384.63932165504,10802.150390625,89580.18545849621
2019-01-09,464226.5356653258,10855.150390625,90676.47479486093
2019-01-10,467110.6164663099,10821.599609375,90636.22257214971
2019-01-11,466851.0091520995,10794.9501953125,91023.71184460446
2019-01-14,460293.00551433116,10737.599609375,90713.96882260125
2019-01-15,474111.3630124144,10886.7998046875,91429.52235150151
2019-01-16,474084.59782524407,10890.2998046875,91823.06968768314
2019-01-17,479462.18383631855,10905.2001953125,92132.21224212646
2019-01-18,481912.1761309728,10906.9501953125,91010.99506830797
2019-01-22,475246.9191894531,10922.75,91698.75
2019-01-23,474304.80131842196,10831.5,91395.4700894421
2019-01-24,476935.3663625568,10849.7998046875,91017.30434644036
2019-01-25,481835.3901197538,10780.5498046875,92102.42496160883
2019-01-28,475325.9414412081,10661.5498046875,92437.83974548336
2019-01-29,471525.72804535925,10652.2001953125,93000.06946886703
2019-01-30,487582.5440891087,10651.7998046875,93815.04334628303
2019-01-31,491214.4686577022,10830.9501953125,93857.06415200792
2019-02-01,489537.00440820307,10893.650390625,93763.27771942131
2019-02-04,497300.9593314156,10912.25,93908.970568778
2019-02-05,503481.015452832,10934.349609375,94208.42029125988
2019-02-06,502219.1723200008,11062.4501953125,93982.81060409546
2019-02-07,493985.69837750494,11069.400390625,93675.12829078361
2019-02-08,494841.8496700376,10943.599609375,94034.64491033927
2019-02-11,491588.1800494082,10888.7998046875,92993.05199432373
2019-02-12,499654.96208293736,10831.400390625,93254.31691686995
2019-02-14,497644.4692607224,10746.0498046875,92819.10757092759
2019-02-15,500988.3593537174,10724.400390625,93598.28208212275
2019-02-19,506675.90563168377,10604.349609375,96085.16415985115
2019-02-20,505663.5220362246,10735.4501953125,96180.28144638054
2019-02-21,501606.94061022997,10789.849609375,94365.55403900146
2019-02-22,504746.4708968997,10791.650390625,94619.09527905285
2019-02-25,505416.1082214676,10880.099609375,94180.00228728633
2019-02-26,506389.69898723066,10835.2998046875,94201.35241174325
2019-02-27,504879.9973754883,10806.650390625,93477.63775317371
2019-02-28,505273.162733227,10792.5,93458.23868115246
2019-03-01,506445.58220328763,10863.5,91805.86658181157
2019-03-05,507416.4246899262,10987.4501953125,90893.80195617676
2019-03-06,503153.92634413764,11053.0,90897.04036923219
2019-03-07,494446.38794306666,11058.2001953125,90334.58769329824
2019-03-08,494518.46615505964,11035.400390625,91422.29145812988
2019-03-11,501387.5550661199,11168.0498046875,90199.12056210451
2019-03-12,502578.0370372832,11301.2001953125,90468.91016431153
2019-03-13,506863.775594458,11341.7001953125,91322.33909606934
2019-03-14,505028.29427847266,11343.25,90184.00213260017
2019-03-15,506646.99707986414,11426.849609375,90263.30464140885
2019-03-18,505168.9914895892,11462.2001953125,89659.5930763185
2019-03-19,504292.8524868563,11532.400390625,89546.48506164551
2019-03-20,511615.1178531647,11521.0498046875,90147.40517807007
2019-03-22,504985.3220746033,11456.900390625,90408.58671740722
2019-03-25,506044.6062522754,11354.25,91423.26607371215
2019-03-26,506666.2516401708,11483.25,90586.02914054692
2019-03-27,507389.3415450044,11445.0498046875,90943.08114675898
2019-03-28,507821.0389099829,11570.0,89473.43292974867
2019-04-01,517471.4893887341,11669.150390625,89151.22265491448
2019-04-02,516801.7169463411,11713.2001953125,88894.16061401367
2019-04-03,519471.1877792813,11643.9501953125,88809.61471267696
2019-04-04,520076.10154023767,11598.0,88902.84295654297
2019-04-05,522715.60001683235,11665.9501953125,88999.40319751948
2019-04-08,528580.9164165705,11604.5,90216.54328103643
2019-04-09,524207.2771483809,11671.9501953125,90282.75978469849
2019-04-10,526259.9400066137,11584.2998046875,90511.43119164556
2019-04-11,527313.2245101593,11596.7001953125,89467.49669818114
2019-04-12,529622.4500476532,11643.4501953125,89606.3566987915
2019-04-15,532588.8567550778,11690.349609375,89831.50826708972
2019-04-16,534950.821037326,11787.150390625,88935.65201239008
2019-04-18,533520.4528815374,11752.7998046875,88245.69140181877
2019-04-22,540426.4095458984,11594.4501953125,89224.59375
2019-04-23,544859.530721657,11575.9501953125,88543.83691216446
2019-04-24,545654.4753901064,11726.150390625,89407.19584274292
2019-04-25,548435.1303451657,11641.7998046875,89510.13609790057
2019-04-26,549119.9097949713,11754.650390625,90148.59041833505
2019-04-30,541247.2271431983,11748.150390625,89226.43988310546
2019-05-02,536238.2376776077,11724.75,88148.15770861693
2019-05-03,544685.0990419276,11712.25,88807.68951174803
2019-05-06,540912.166152358,11598.25,88950.35993223637
2019-05-07,534122.9076519161,11497.900390625,89729.48970031738
2019-05-08,533304.6780990139,11359.4501953125,89570.79844232183
2019-05-09,533901.4552688599,11301.7998046875,90371.23970031738
2019-05-10,534167.5899555534,11278.900390625,90526.13827038556
2019-05-13,517208.0562420115,11148.2001953125,91809.15577030648
2019-05-14,520403.9630478248,11222.0498046875,91026.46843975224
2019-05-15,526797.1648788452,11157.0,91012.18679305166
2019-05-16,532391.1471289918,11257.099609375,90251.97578430176
2019-05-17,527020.981725879,11407.150390625,89514.50827789307
2019-05-20,517309.5609562993,11828.25,89489.70415338129
2019-05-21,522521.4246106446,11709.099609375,89202.18310546875
2019-05-22,519242.16995847225,11737.900390625,89116.97895574942
2019-05-23,511153.17391481623,11657.0498046875,89865.33902319334
2019-05-24,510665.6422396973,11844.099609375,89739.43460845947
2019-05-28,508576.79431152344,11928.75,89195.4375
2019-05-29,503845.08897426724,11861.099609375,89405.09042199701
2019-05-30,507033.10948834196,11945.900390625,90071.26061221305
2019-05-31,498814.6619944945,11922.7998046875,91379.89180047624
2019-06-03,482613.14638393,12088.5498046875,91480.44622546248
2019-06-04,498519.11250305176,12021.650390625,92055.7024672851
2019-06-06,504658.52143306285,11843.75,92775.93512304686
2019-06-07,514463.24163652956,11870.650390625,93025.62943188474
2019-06-10,521560.4315867722,11922.7001953125,92097.77511481941
2019-06-11,521359.7409980558,11965.599609375,92034.251974768
2019-06-12,520818.59291903675,11906.2001953125,92833.42763702385
2019-06-13,524245.49919030815,11914.0498046875,93476.16067871079
2019-06-14,522041.8912814632,11823.2998046875,93538.98238555901
2019-06-17,527703.157838501,11672.150390625,93859.60441192612
2019-06-18,532683.6695267335,11691.5,93945.54647485353
2019-06-19,535745.0312358588,11691.4501953125,93947.20398724359
2019-06-20,539961.1059252322,11831.75,97196.56200329587
2019-06-21,539314.2439736575,11724.099609375,97426.8308884278
2019-06-24,537541.5079800598,11699.650390625,98438.82044338994
2019-06-25,528655.8463026732,11796.4501953125,98530.09613220207
2019-06-26,530861.7410135344,11847.5498046875,98250.88859307859
2019-06-27,530824.9543424994,11841.5498046875,97637.3273944091
2019-06-28,531797.6030057371,11788.849609375,97727.4448129274
2019-07-01,537302.8589836247,11865.599609375,95838.49096270744
2019-07-02,538831.0268231146,11910.2998046875,97033.27309826668
2019-07-03,542239.5362336151,11916.75,97831.92894784547
2019-07-05,539010.9318233952,11811.150390625,96009.1516598817
2019-07-08,536051.6323092803,11558.599609375,96183.44786834717
2019-07-09,538214.013721399,11555.900390625,96099.08664703369
2019-07-10,540336.4791114405,11498.900390625,96405.1503679175
2019-07-11,542271.853387244,11582.900390625,96433.28178167716
2019-07-12,545462.292350024,11552.5,96817.83209490962
2019-07-15,547706.5128090084,11588.349609375,97030.21973260492
2019-07-16,546136.1553717405,11662.599609375,97086.82590539567
2019-07-17,542636.2537943572,11687.5,97765.5495829042
2019-07-18,544199.3303708956,11596.900390625,98186.98114303593
2019-07-19,539432.8463212587,11419.25,98118.1311445618
2019-07-22,546718.136254102,11346.2001953125,98573.7565965578
2019-07-23,549023.7085412107,11331.0498046875,98015.29554776009
2019-07-24,554214.0238339603,11271.2998046875,98436.4179045409
2019-07-25,548354.463210538,11252.150390625,97771.89001374505
2019-07-26,554376.0939296931,11284.2998046875,98089.9806137085
2019-07-29,550847.0470059812,11189.2001953125,97881.41398437507
2019-07-30,549336.7564120665,11085.400390625,98760.0975044556
2019-07-31,544744.5514077395,11118.0,98978.4670646973
2019-08-01,540597.8689151444,10980.0,98464.3975254139
2019-08-02,533089.5101958588,10997.349609375,100176.03505744133
2019-08-05,530370.1197153963,10862.599609375,104748.18533734139
2019-08-06,535743.6363276727,10948.25,104879.05868176278
2019-08-07,537431.7124777734,10855.5,107267.15885205567
2019-08-08,544375.7394568026,11032.4501953125,105544.26571949944
2019-08-09,538839.5413066521,11109.650390625,105466.74944834225
2019-08-13,549316.9092092589,10925.849609375,106776.37527990714
2019-08-14,536556.9559299722,11029.400390625,108591.80218759645
2019-08-16,545366.7686768919,11047.7998046875,108476.50184631348
2019-08-19,555752.451946374,11053.900390625,108021.30387866218
2019-08-20,550385.5874158442,11017.0,108045.32057348639
2019-08-21,552444.220089633,10918.7001953125,107485.3084442066
2019-08-22,554321.4806898199,10741.349609375,107686.4222151991
2019-08-23,536885.1025152951,10829.349609375,109793.68474162836
2019-08-26,546613.4723499268,11057.849609375,110137.81711291522
2019-08-27,541235.968388781,11105.349609375,110235.44064331055
2019-08-28,546973.7575135194,11046.099609375,110852.3151118774
2019-08-29,552103.1152135767,10948.2998046875,109419.82326889038
2019-08-30,551292.4079666138,11023.25,108889.38804873172
2019-09-03,551385.0706504732,10797.900390625,112015.91435372923
2019-09-04,555444.0660591125,10844.650390625,111552.93101437762
2019-09-05,567832.651218921,10847.900390625,109442.19161303714
2019-09-06,567110.4512067139,10946.2001953125,108777.7623122558
2019-09-09,564657.2803986818,11003.0498046875,108297.34814611822
2019-09-11,564435.9934408218,11035.7001953125,106939.41031640861
2019-09-12,564387.5997558832,10982.7998046875,106834.83150769025
2019-09-13,562648.9835776985,11075.900390625,106278.8137001954
2019-09-16,563403.3594329953,11003.5,107846.07005464844
2019-09-17,565705.1264787689,10817.599609375,107930.7178713074
2019-09-18,564367.3344733156,10840.650390625,107850.32381057739
2019-09-19,566696.617480725,10704.7998046875,107461.50192181394
2019-09-20,561085.4235674441,11274.2001953125,108099.78941186517
2019-09-23,553476.2378630862,11600.2001953125,107862.10481831804
2019-09-24,549610.2324195802,11588.2001953125,109215.75237036124
2019-09-25,556470.4211339355,11440.2001953125,107293.02058569342
2019-09-26,553482.2560791373,11571.2001953125,107356.60697937012
2019-09-27,547043.6971328855,11512.400390625,106758.39927148446
2019-09-30,549610.3862069398,11474.4501953125,103951.10568157956
2019-10-01,546342.3519956358,11359.900390625,105370.19773864746
2019-10-03,542478.4418681972,11314.0,107034.23520687874
2019-10-04,550696.1629055478,11174.75,106970.31547601335
2019-10-07,551265.2731525451,11126.400390625,106875.8694297485
2019-10-09,549180.760121569,11313.2998046875,107550.60477209464
2019-10-10,549410.7690795772,11234.5498046875,106100.91248376481
2019-10-11,556758.6204134151,11305.0498046875,105242.04751150496
2019-10-14,560354.0851206481,11341.150390625,106585.689850647
2019-10-15,569978.9399755709,11428.2998046875,106032.57740454096
2019-10-16,567245.4591558501,11464.0,106570.56408691406
2019-10-17,567247.5087622926,11586.349609375,106583.80114825442
2019-10-18,561987.2485671937,11661.849609375,106290.96192089841
2019-10-22,559688.6007976681,11588.349609375,105311.81950775161
2019-10-23,557903.857350573,11604.099609375,105358.27477026358
2019-10-24,567150.8315447271,11582.599609375,106706.696397461
2019-10-25,571600.206697315,11583.900390625,106749.40866088867
2019-10-29,569240.6081832945,11786.849609375,105182.94590759277
2019-10-30,572967.9914566651,11844.099609375,105844.87794142589
2019-10-31,573871.0799771696,11877.4501953125,107294.28450445551
2019-11-01,579198.2393178344,11890.599609375,107022.76184082031
2019-11-04,578950.8918076158,11941.2998046875,106332.24713134766
2019-11-05,582922.7578125,11917.2001953125,105136.80346679688
2019-11-06,581057.5387218222,11966.0498046875,105647.7205358278
2019-11-07,583595.177734375,12012.0498046875,103958.19653320312
2019-11-08,589276.5321827754,11908.150390625,104302.48730552383
2019-11-11,588278.7249168456,11913.4501953125,103888.50010299683
2019-11-13,592889.1208742559,11840.4501953125,104920.82071081549
2019-11-14,595732.2682377547,11872.099609375,106177.86672596447
2019-11-15,598349.8845470846,11895.4501953125,105580.75313428603
2019-11-18,597200.3790942729,11884.5,105472.06726195198
2019-11-19,599848.0854555219,11940.099609375,105981.98154056258
2019-11-20,595195.7040596008,11999.099609375,105858.07875096425
2019-11-21,593208.708569333,11968.400390625,105004.05713303946
2019-11-22,593441.0006255582,11914.400390625,104963.52585243527
2019-11-25,600958.8833584189,12073.75,104558.53399426024
2019-11-26,601086.3399982452,12037.7001953125,104637.73287772201
2019-11-27,603192.1052018479,12100.7001953125,103814.0355893774
2019-11-29,601261.4440757632,12056.0498046875,104859.8697864404
2019-12-02,595965.0346198231,12048.2001953125,104880.54577733763
2019-12-03,591245.7692871094,11994.2001953125,105876.07150268555
2019-12-04,597018.3108808622,12043.2001953125,106069.0386505127
2019-12-05,593885.3118574619,12018.400390625,105568.9651850611
2019-12-06,599446.2837541476,11921.5,104157.85487417597
2019-12-09,596152.9618541747,11937.5,104028.8257151451
2019-12-10,592822.0707158372,11856.7998046875,103786.38305608649
2019-12-11,596669.3790143654,11910.150390625,104342.09887261968
2019-12-12,598857.1903105453,11971.7998046875,103738.6629870031
2019-12-13,598891.9522926584,12086.7001953125,104118.18432165775
2019-12-16,605828.0885240585,12053.9501953125,104266.27941131592
2019-12-17,608192.9603573978,12165.0,104579.3700886108
2019-12-18,611068.8302223384,12221.650390625,104871.20186853036
2019-12-19,613444.3043517172,12259.7001953125,104937.26476489753
2019-12-20,618105.5240016282,12271.7998046875,105032.1152006127
2019-12-23,617625.4156396687,12262.75,105293.08307647705
2019-12-24,619498.1886688024,12214.5498046875,106751.9601137219
2019-12-26,628000.2746969387,12126.5498046875,107975.32687496953
2019-12-27,625373.5439623296,12245.7998046875,107934.39852693118
2019-12-30,621117.0397507548,12255.849609375,108003.54386138916
2019-12-31,622763.9509364963,12168.4501953125,108357.05995559692
2020-01-02,630149.4196170345,12282.2001953125,108277.61482620239
2020-01-03,628016.4044475406,12226.650390625,110636.11593127437
2020-01-06,634713.1793393493,11993.0498046875,112345.09309479967
2020-01-07,635060.1428485662,12052.9501953125,112834.8141344972
2020-01-08,643116.6602943242,12025.349609375,112381.99146508798
2020-01-09,641966.5806254819,12215.900390625,110809.84698992781
2020-01-10,638373.6133112088,12256.7998046875,110885.11880874634
2020-01-13,643589.8837401867,12329.5498046875,109863.63146857917
2020-01-14,638833.5434905887,12362.2998046875,109076.83707809821
2020-01-15,640132.9428220838,12343.2998046875,109958.67860561889
2020-01-16,645301.7711639404,12355.5,109542.18559265137
2020-01-17,650835.8345165849,12352.349609375,110590.00851174816
2020-01-21,651114.8709809408,12169.849609375,110552.64737929683
2020-01-22,653951.2273353636,12106.900390625,110690.70162725821
2020-01-23,655125.47892043,12180.349609375,111208.79682884272
2020-01-24,651978.7545568496,12248.25,112052.420016272
2020-01-27,638514.1888910532,12119.0,112465.25867065415
2020-01-28,649456.0390696526,12055.7998046875,112103.64834277332
2020-01-29,648311.346763663,12129.5,111817.48553218506
2020-01-30,651403.2337405086,12035.7998046875,112903.5548324585
2020-01-31,644151.754121393,11962.099609375,113398.95678289793
2020-02-03,652493.5194413364,11707.900390625,112764.27332475595
2020-02-04,665650.0778847486,11979.650390625,110565.38574985601
2020-02-05,666027.8470344841,12089.150390625,110759.58109466545
2020-02-06,672360.5829217285,12137.9501953125,111403.81673983764
2020-02-07,671896.6005579829,12098.349609375,112107.84216992185
2020-02-10,680601.5877270699,12031.5,112615.45897141099
2020-02-11,678433.0742408931,12107.900390625,111595.96434863284
2020-02-12,685183.7189624608,12201.2001953125,111716.90550598875
2020-02-13,684136.9949370027,12174.650390625,112298.64857064933
2020-02-14,685858.1291327626,12113.4501953125,112796.65349869989
2020-02-18,687078.4870686382,11992.5,114158.7158203125
2020-02-19,695618.1036415696,12125.900390625,115056.80759429932
2020-02-20,691542.9590601623,12080.849609375,116116.3337597046
2020-02-24,652705.561732702,11829.400390625,120223.49054594245
2020-02-25,636523.2326659188,11797.900390625,118653.711204906
2020-02-26,637757.1387279779,11678.5,117866.80450439453
2020-02-27,604600.4406716675,11633.2998046875,117527.97393798828
2020-02-28,608659.4401018769,11201.75,112505.71172122192
2020-03-02,640546.3043670356,11132.75,114884.45095260628
2020-03-03,625893.7250900567,11303.2998046875,119585.92571075447
2020-03-04,656358.139486827,11251.0,120361.55911716912
2020-03-05,642071.4262293279,11269.0,123384.42940167245
2020-03-06,630009.1238532066,10989.4501953125,123397.1089284718
2020-03-09,588116.8506900966,10451.4501953125,123905.13034057617
2020-03-11,594094.1579555422,10458.400390625,121800.09181713872
2020-03-12,543030.482216049,9590.150390625,118816.07504550181
2020-03-13,602043.084751159,9955.2001953125,114132.21094879135
2020-03-16,518834.1501459852,9197.400390625,109813.95440668333
2020-03-17,561704.7178052366,8967.0498046875,114603.85947338864
2020-03-18,531052.2892134525,8468.7998046875,109338.51883376576
2020-03-19,546507.8245641626,8263.4501953125,110868.38670850825
2020-03-20,525688.7304618657,8745.4501953125,111536.99255371094
2020-03-23,529878.0048403144,7610.25,118499.83200073242
2020-03-24,577913.2990603745,7801.0498046875,127015.25199250504
2020-03-25,577102.8662107363,8317.849609375,126111.50525943004
2020-03-26,598961.7418727353,8641.4501953125,125152.65296474006
2020-03-27,567045.5191067904,8660.25,121346.9056070093
2020-03-30,594831.3483657986,8281.099609375,122298.80247497559
2020-03-31,588551.8636550903,8597.75,119269.60200683586
2020-04-01,580711.5160454437,8253.7998046875,122420.96973077394
2020-04-03,580718.390258722,8083.7998046875,126023.61323626712
2020-04-07,617060.1385692507,8792.2001953125,127623.57783984393
2020-04-08,625107.6288134009,8748.75,126502.11984458007
2020-04-09,631483.3580299839,9111.900390625,133079.7289065551
2020-04-13,640871.0819411874,8993.849609375,134192.5781450197
2020-04-15,663406.7215941772,8925.2998046875,133361.42886535637
2020-04-16,679344.8764874786,8992.7998046875,133451.4293687744
2020-04-17,685130.0531248748,9266.75,131031.23969689943
2020-04-20,673773.811014548,9261.849609375,131380.53255712893
2020-04-21,646773.8555831909,8981.4501953125,129170.04080197029
2020-04-22,661978.4823618159,9187.2998046875,132072.67890731804
2020-04-23,660405.039024353,9313.900390625,132463.12403948978
2020-04-24,671493.9140103757,9154.400390625,131714.17980194092
2020-04-27,673308.6472729146,9282.2998046875,130423.33257061895
2020-04-28,663532.6223525405,9380.900390625,130793.37623596191
2020-04-29,676029.018145591,9553.349609375,128195.32928182371
2020-04-30,681518.6104400754,9859.900390625,127527.62235864252
2020-05-04,670067.256686233,9293.5,129468.3642472839
2020-05-05,680245.317973718,9205.599609375,129824.14673876949
2020-05-06,684208.7828188464,9270.900390625,128254.01325402595
2020-05-07,692471.0381504148,9199.0498046875,130994.5508675538
2020-05-08,701484.2151642144,9251.5,130089.19698834233
2020-05-11,709600.55653584,9239.2001953125,129368.34258715808
2020-05-12,689630.2335621491,9196.5498046875,128988.99436779786
2020-05-13,678841.8477890342,9383.5498046875,129272.96750689577
2020-05-14,686492.2933535278,9142.75,131200.47771795653
2020-05-15,690887.0094486326,9136.849609375,132355.40191308595
2020-05-18,705494.7956962585,8823.25,130924.25281250477
2020-05-19,706689.04296875,8879.099609375,132559.1962890625
2020-05-20,718774.768499732,9066.5498046875,132660.46401293948
2020-05-21,709210.5114746094,9106.25,130112.8125
2020-05-22,711933.0114746094,9039.25,131179.12315368652
2020-05-26,711948.3162750304,9029.0498046875,129257.93918188475
2020-05-27,718823.225697495,9314.9501953125,130205.13801980577
2020-05-28,715293.280011557,9490.099609375,130142.27014041133
2020-05-29,725838.0708219633,9580.2998046875,131934.92426431272
2020-06-01,726923.945299007,9826.150390625,131603.60353143327
2020-06-02,724933.7028125301,9979.099609375,129503.52058089338
2020-06-03,733140.8207409233,10061.5498046875,128260.30157995597
2020-06-04,726951.6939043701,10029.099609375,129761.3066426916
2020-06-05,741651.9981624559,10142.150390625,126537.83976332285
2020-06-08,748802.4145507812,10167.4501953125,128433.94119262695
2020-06-09,752619.0449626893,10046.650390625,129476.65684079938
2020-06-10,765901.9597167969,10116.150390625,129996.64120483398
2020-06-11,732464.0171554685,9902.0,132307.4789428711
2020-06-12,738216.1691895872,9972.900390625,132101.22967449948
2020-06-15,742828.490678817,9813.7001953125,130704.9516499266
2020-06-16,762668.9541877806,9914.0,132582.48401721194
2020-06-17,764158.9103469253,9881.150390625,132370.2615393065
2020-06-18,764924.592420958,10091.650390625,131775.41063966788
2020-06-19,764664.0551253483,10244.400390625,133387.4571775915
2020-06-22,767775.7164002806,10311.2001953125,133139.94244114123
2020-06-23,771942.0863724947,10471.0,133984.5864612963
2020-06-24,759905.146048218,10305.2998046875,134147.8318649903
2020-06-25,763090.2495080382,10288.900390625,133108.68423135858
2020-06-26,744018.7362133339,10383.0,133894.30002212524
2020-06-29,754059.7934290767,10312.400390625,134352.35828002915
2020-06-30,769381.3579101562,10302.099609375,135819.75
2020-07-01,775619.8080539703,10430.0498046875,133796.62969275378
2020-07-02,772756.3433643058,10551.7001953125,133302.2651977539
2020-07-06,791143.4067086801,10763.650390625,133435.68786239624
2020-07-07,790616.2336425781,10799.650390625,135540.5213317871
2020-07-08,799361.4807324335,10705.75,136053.39436721802
2020-07-09,810250.7594436407,10813.4501953125,135551.71773242205
2020-07-10,816409.0684021115,10768.0498046875,135476.37773608416
2020-07-13,799936.7091973573,10802.7001953125,136639.9444732666
2020-07-14,807860.405952394,10607.349609375,136836.0876293946
2020-07-15,803962.6251080632,10618.2001953125,136081.24717559572
2020-07-16,798838.8091447949,10739.9501953125,135216.36860109866
2020-07-17,800249.0651366115,10901.7001953125,135938.05113767087
2020-07-20,821296.4616624266,11022.2001953125,136174.3389516296
2020-07-21,809988.6308997273,11162.25,137756.24364062492
2020-07-22,813349.5116825104,11132.599609375,139471.95960446168
2020-07-23,791505.3242624402,11215.4501953125,141318.46246960945
2020-07-24,784214.6080430597,11194.150390625,141931.88778203353
2020-07-27,800578.4912109375,11131.7998046875,144825.0
2020-07-28,790885.386428833,11300.5498046875,146027.51221179217
2020-07-29,797923.6202783883,11202.849609375,146182.74850845337
2020-07-30,803556.0544334203,11102.150390625,145653.07651242055
2020-07-31,817831.9091146365,11073.4501953125,147190.37146862783
2020-08-03,832779.2025276124,10891.599609375,148098.78359985352
2020-08-04,835014.6379394531,11095.25,150590.2963256836
2020-08-05,833097.4792462587,11101.650390625,152093.23895551264
2020-08-06,843902.0800577849,11200.150390625,153656.94618606567
2020-08-07,834338.0920085683,11214.0498046875,150556.09250656608
2020-08-10,832496.2442181855,11270.150390625,152032.4387445068
2020-08-11,814618.4144471437,11322.5,144751.74112030026
2020-08-12,834286.1614536121,11308.400390625,144676.54267403204
2020-08-13,838713.0962471068,11300.4501953125,146811.19494787604
2020-08-14,837668.6845258176,11178.400390625,145333.10763549805
2020-08-17,846642.7734375,11247.099609375,148875.0
2020-08-18,852590.44842951,11385.349609375,149545.12116503902
2020-08-19,848522.1594257355,11408.400390625,146837.46137857437
2020-08-20,860777.5970333293,11312.2001953125,145034.81186370365
2020-08-21,866635.8656533659,11371.599609375,145094.80629120115
2020-08-24,864987.0599276274,11466.4501953125,143420.8793086242
2020-08-25,872718.0198792666,11472.25,142338.29196850583
2020-08-26,888798.019327715,11549.599609375,144077.75271197036
2020-08-27,879846.478426069,11559.25,141765.07352845464
2020-08-28,884987.7828452736,11647.599609375,144937.37694184575
2020-08-31,892195.2612133175,11387.5,144953.08659863286
2020-09-01,900697.8366926685,11470.25,144210.00381524675
2020-09-02,909785.889904879,11535.0,141691.89440303948
2020-09-03,864582.4018666819,11527.4501953125,141578.16805852298
2020-09-04,853621.0202257559,11333.849609375,141306.4144190466
2020-09-08,816691.4317081422,11317.349609375,142629.87776947021
2020-09-09,838164.7735469043,11278.0,143032.68734344468
2020-09-10,820132.3134901375,11449.25,143687.04210987315
2020-09-11,815226.5922744572,11464.4501953125,142481.20160350576
2020-09-14,830212.2610545903,11440.0498046875,143777.4505304871
2020-09-15,844188.6495570987,11521.7998046875,144374.94957366958
2020-09-16,827268.7945206016,11604.5498046875,144174.0733083766
2020-09-17,815376.2389849871,11516.099609375,142752.18963623047
2020-09-18,804782.4277952313,11504.9501953125,143642.5494349096
2020-09-21,807922.4095027149,11250.5498046875,139889.91875831038
2020-09-22,822231.7442890629,11153.650390625,139552.79087669682
2020-09-23,799265.7230724394,11131.849609375,137220.44164955802
2020-09-24,802878.0798204243,10805.5498046875,137660.83817724138
2020-09-25,821642.0522250235,11050.25,136879.79750391096
2020-09-28,840685.1858574674,11227.5498046875,138540.38075439446
2020-09-29,836143.2709948123,11222.400390625,139884.58941809088
2020-09-30,841568.1015369743,11247.5498046875,139118.19095611572
2020-10-01,848087.2019283697,11416.9501953125,139727.33006206062
2020-10-05,841407.7712142989,11503.349609375,139819.62232589722
2020-10-06,833465.0880157948,11662.400390625,140329.69933923334
2020-10-07,845973.4207907394,11738.849609375,138524.65752764884
2020-10-08,846458.7169482261,11834.599609375,138397.5548912231
2020-10-09,859276.1494959891,11914.2001953125,140661.92420196533
2020-10-12,886672.5594632328,11930.9501953125,141016.91215515137
2020-10-13,889563.0028358549,11934.5,139031.37518692017
2020-10-14,878481.4127066731,11971.0498046875,139358.07550884783
2020-10-15,873010.028542757,11680.349609375,139639.68779926747
2020-10-16,869605.5853802562,11762.4501953125,139463.60455913097
2020-10-19,855997.2370045483,11873.0498046875,140263.37597839348
2020-10-20,860043.6992011964,11896.7998046875,140696.1840490112
2020-10-21,859519.6037452295,11937.650390625,141807.02298904303
2020-10-22,859789.7509557009,11896.4501953125,140149.092520874
2020-10-23,861976.2977106571,11930.349609375,140215.44232177734
2020-10-26,849296.9818429649,11767.75,140462.82606531866
2020-10-27,857724.9869246036,11889.400390625,141152.90343986824
2020-10-28,822391.3879024535,11729.599609375,138472.93796881102
2020-10-29,844949.1307586432,11670.7998046875,138875.26673730463
2020-10-30,820836.292630069,11642.400390625,139423.23529849853
2020-11-02,826374.3714057058,11669.150390625,140930.26505860593
2020-11-03,839866.0412345529,11813.5,142100.8073196411
2020-11-04,879220.4769999683,11908.5,141442.50078202877
2020-11-05,898366.8366703391,12120.2998046875,144691.41228890978
2020-11-06,896210.8662567586,12263.5498046875,144556.2449757997
2020-11-09,875209.8289200664,12461.0498046875,137099.35686133802
2020-11-10,859653.4611579925,12631.099609375,138691.83551216312
2020-11-11,883425.8571988344,12749.150390625,138215.7712646313
2020-11-12,881949.7999746278,12690.7998046875,139639.7796079712
2020-11-13,893726.3544003665,12719.9501953125,141172.92281619273
2020-11-17,891342.0474421233,12874.2001953125,140240.9065284729
2020-11-18,885914.4078429714,12938.25,139537.71454238892
2020-11-19,891955.6553977728,12771.7001953125,138503.05677532963
2020-11-20,882262.4940476194,12859.0498046875,138758.9124197485
2020-11-23,882973.1080931574,12926.4501953125,136295.66104003415
2020-11-24,896864.2966248095,13055.150390625,133997.20557836443
2020-11-25,898787.8948291391,12858.400390625,133551.0132572241
2020-11-27,907705.7084267437,12968.9501953125,131947.554264497
2020-12-01,922008.2987308353,13109.0498046875,134289.11331344116
2020-12-02,917476.874853015,13113.75,134471.92767492682
2020-12-03,918361.1724858284,13133.900390625,135303.46297180653
2020-12-04,925414.9404591322,13258.5498046875,135608.56929296628
2020-12-07,929497.2606895119,13355.75,137382.78127943352
2020-12-08,935295.9317428842,13392.9501953125,138476.61333410628
2020-12-09,911600.396801509,13529.099609375,135258.45582790766
2020-12-10,916922.6339508295,13478.2998046875,135567.20971838385
2020-12-11,912398.1498518586,13513.849609375,135642.38594551757
2020-12-14,918938.4251688495,13558.150390625,134844.67510205694
2020-12-15,930334.6531176269,13567.849609375,136810.88273699954
2020-12-16,934401.0072769225,13682.7001953125,136905.569980382
2020-12-17,938763.2690308616,13740.7001953125,138929.24399455078
2020-12-18,936635.8100727797,13760.5498046875,138655.14105231687
2020-12-21,934048.7979534715,13328.400390625,138315.88067731448
2020-12-22,940276.6168735027,13466.2998046875,138007.63427892327
2020-12-23,939748.6392137036,13601.099609375,139233.9590802919
2020-12-24,938578.3931346238,13749.25,138811.43801336177
2020-12-28,946082.8188437596,13873.2001953125,138328.99281608872
2020-12-29,944573.1919252723,13932.599609375,138242.34303445928
2020-12-30,943537.9357173294,13981.9501953125,138900.75386047363
2020-12-31,942571.5241296589,13981.75,138449.97869851068
2021-01-04,927878.1365571916,14132.900390625,142142.01440972276
2021-01-05,938670.4891008362,14199.5,143171.95982400514
2021-01-06,926235.7735665143,14146.25,139918.41103057377
2021-01-07,949246.886022687,14137.349609375,140286.33274920657
2021-01-08,962524.5223466307,14347.25,134707.30523966067
2021-01-11,946699.5489276946,14484.75,135711.43482975103
2021-01-12,947742.6003031433,14563.4501953125,135478.02430834342
2021-01-13,949215.6422536895,14564.849609375,135618.64391076658
2021-01-14,943795.8758024499,14595.599609375,135386.26766805537
2021-01-15,935808.5004934072,14433.7001953125,133699.1515438892
2021-01-19,951199.8415587321,14521.150390625,134630.60963058472
2021-01-20,973192.4817791954,14644.7001953125,136568.7720284583
2021-01-21,977369.8528980464,14590.349609375,136000.69843086042
2021-01-22,975144.4392646104,14371.900390625,135382.40928336047
2021-01-25,984224.9320163652,14238.900390625,135400.10228490364
2021-01-27,956174.442474395,13967.5,134530.1064021606
2021-01-28,964201.5097787455,13817.5498046875,134234.89108138066
2021-01-29,942761.6593824774,13634.599609375,134739.84325415269
2021-02-01,965932.2938340604,14281.2001953125,135664.60661165044
2021-02-02,983908.7680517584,14647.849609375,133845.7879562378
2021-02-03,977251.2121997401,14789.9501953125,133597.23747509532
2021-02-04,988019.3211812079,14895.650390625,130335.68103596196
2021-02-05,992350.4038769379,14924.25,132097.3728067493
2021-02-08,996789.2256475985,15115.7998046875,133334.47262581903
2021-02-09,998197.396760881,15109.2998046875,133848.25109215826
2021-02-10,994853.2489989102,15106.5,134096.72080279794
2021-02-11,999960.8677182496,15173.2998046875,132866.03762194328
2021-02-12,1003951.0211743414,15163.2998046875,132447.62920631096
2021-02-16,1000508.745804429,15313.4501953125,130546.27239312977
2021-02-17,999188.312554419,15208.900390625,129175.1723953858
2021-02-18,992773.9202922583,15118.9501953125,129098.73758050054
2021-02-19,986037.9852255061,14981.75,128932.67301692627
2021-02-22,959422.0437882096,14675.7001953125,131081.50409363396
2021-02-23,955877.571631521,14707.7998046875,130717.9558091797
2021-02-24,962772.6221152693,14982.0,130018.04259343259
2021-02-25,928769.632465072,15097.349609375,128466.5644750977
2021-02-26,944337.2090931609,14529.150390625,126412.07160505
2021-03-01,977570.6940609366,14761.5498046875,126768.94031524658
2021-03-02,957417.1450517327,14919.099609375,127052.52362373285
2021-03-03,929402.6733520627,15245.599609375,125692.89304638654
2021-03-04,908385.0343017578,15080.75,123911.76114931889
2021-03-05,926470.8944870085,14938.099609375,124177.79264831543
2021-03-08,899473.5425351411,14956.2001953125,122695.901547594
2021-03-09,938219.9923141301,15098.400390625,125878.27935290523
2021-03-10,928043.4167382121,15174.7998046875,125283.71493911743
2021-03-12,939751.8103578314,15030.9501953125,124902.76039505005
2021-03-15,950878.2400922924,14929.5,125661.63815296628
2021-03-16,953741.509414278,14910.4501953125,125494.97110710945
2021-03-17,957378.5265110806,14721.2998046875,125219.94526748545
2021-03-18,924598.5357641503,14557.849609375,125230.43633352779
2021-03-19,935028.7444987148,14744.0,126545.45071060304
2021-03-22,947528.7236053348,14736.400390625,125825.41041406244
2021-03-23,942234.1622514203,14814.75,124834.6461842712
2021-03-24,929354.798641637,14549.400390625,125829.67947203852
2021-03-25,928447.7921170592,14324.900390625,125306.39611866698
2021-03-26,942450.2610087022,14507.2998046875,125779.88965055905
2021-03-30,947189.4993128926,14845.099609375,123674.53781757317
2021-03-31,958339.2443129048,14690.7001953125,125456.15988695063
2021-04-01,976884.4982070029,14867.349609375,126530.52363967896
2021-04-05,996466.4161783159,14637.7998046875,126553.7014541626
2021-04-06,997880.993522577,14683.5,127982.83127975464
2021-04-07,1013102.8771955743,14819.0498046875,129466.04291698616
2021-04-08,1025621.2622944862,14873.7998046875,130959.78520725109
2021-04-09,1032073.074405469,14834.849609375,129953.43442676403
2021-04-12,1036326.8094441295,14310.7998046875,129824.41088911146
2021-04-13,1051525.3616537154,14504.7998046875,131281.937384326
2021-04-15,1048140.7670284063,14581.4501953125,131923.75684454106
2021-04-16,1049315.4613503814,14617.849609375,132940.04768371582
2021-04-19,1041381.2442756444,14359.4501953125,132489.4830979174
2021-04-20,1041900.6710350066,14296.400390625,134095.87304897234
2021-04-22,1033439.0030598864,14406.150390625,133753.3282639552
2021-04-23,1046886.4301492646,14341.349609375,133437.94680023193
2021-04-26,1049365.8151889741,14485.0,133110.6722258348
2021-04-27,1041087.8587882072,14653.0498046875,132594.3445739746
2021-04-28,1033054.3873516023,14864.5498046875,131769.67675479501
2021-04-29,1035272.8171242401,14894.900390625,131026.45753754769
2021-04-30,1027162.6468785852,14631.099609375,130967.17832776718
2021-05-03,1018936.8263667598,14634.150390625,132272.50203613285
2021-05-04,999310.849683106,14496.5,131016.57448261231
2021-05-05,996540.6170769408,14617.849609375,131665.50832627807
2021-05-06,1002177.4398525059,14724.7998046875,133648.38875198364
2021-05-07,1009973.24599915,14823.150390625,134796.78401589487
2021-05-10,981892.3857421875,14942.349609375,135056.25
2021-05-11,979650.7260628045,14850.75,134709.34637985472
2021-05-12,957980.9245918319,14696.5,134292.0868775854
2021-05-14,983656.3745614141,14677.7998046875,134984.3844453711
2021-05-17,975432.9212495685,14923.150390625,136831.16306304932
2021-05-18,966585.0803206563,15108.099609375,136588.84939743392
2021-05-19,969318.1767511368,15030.150390625,137754.24608021975
2021-05-20,985364.0300739408,14906.0498046875,137412.60814010724
2021-05-21,979350.7054326832,15175.2998046875,137040.18933761492
2021-05-24,993618.7052021027,15197.7001953125,137267.8569513159
2021-05-25,994349.7163425684,15208.4501953125,138190.98104419187
2021-05-26,995812.3980461061,15301.4501953125,138172.22895892337
2021-05-27,992693.4648188055,15337.849609375,137785.15700552985
2021-05-28,994776.5709170401,15435.650390625,138279.40494537354
2021-06-01,994805.1889039576,15574.849609375,138635.78766659554
2021-06-02,997855.4308499247,15576.2001953125,139180.93425750732
2021-06-03,988264.5895571113,15690.349609375,136680.29801419936
2021-06-04,1005874.8036185801,15670.25,138038.9272131566
2021-06-07,1004980.147604391,15751.650390625,138104.87815231457
2021-06-08,1007851.7278216705,15740.099609375,138083.86600309797
2021-06-09,1008287.5462783203,15635.349609375,138175.76290660165
2021-06-10,1019277.2140164971,15737.75,138299.89241272956
2021-06-11,1022048.0450079739,15799.349609375,137073.2911440991
2021-06-14,1033913.0125139505,15811.849609375,136409.0137939453
2021-06-15,1029056.2753392756,15869.25,136017.75296401978
2021-06-16,1032283.0648105145,15767.5498046875,137275.9077758789
2021-06-17,1051718.0799155459,15691.400390625,131711.56899890862
2021-06-18,1043236.094783172,15683.349609375,131273.46918420773
2021-06-21,1048066.4153223932,15746.5,132094.10387165286
2021-06-22,1060751.6948260367,15772.75,132036.28888493404
2021-06-23,1059818.1224553287,15686.9501953125,132330.25789016858
2021-06-24,1065814.8791145757,15790.4501953125,131732.29484703857
2021-06-25,1064273.1843944192,15860.349609375,131806.48514702637
2021-06-28,1078993.9897871017,15814.7001953125,132198.29672154784
2021-06-29,1082574.5887451172,15748.4501953125,130954.1807757616
2021-06-30,1082455.0482551754,15721.5,131696.17432231456
2021-07-01,1085378.8860301822,15680.0,132384.46406817622
2021-07-02,1097871.142647162,15722.2001953125,132883.91191601567
2021-07-06,1105471.1996410713,15818.25,134087.26349258423
2021-07-07,1108152.7370706797,15879.650390625,134791.6517944336
2021-07-08,1100058.847247757,15727.900390625,134468.6249366114
2021-07-09,1107826.1511014998,15689.7998046875,135245.72929382324
2021-07-12,1109023.2205872983,15692.599609375,134585.04344940186
2021-07-13,1110519.8227079362,15812.349609375,135088.18350302987
2021-07-14,1109622.4025898725,15853.9501953125,135853.98450319096
2021-07-15,1102751.8784834594,15924.2001953125,136283.4573068116
2021-07-16,1094306.0499605685,15923.400390625,135247.39115142822
2021-07-19,1091085.7226355374,15752.400390625,135640.55995591916
2021-07-20,1097649.3100513592,15632.099609375,134960.9468932068
2021-07-22,1112325.583000347,15824.0498046875,134385.86627960205
2021-07-23,1125103.0445622578,15856.0498046875,134117.8408847535
2021-07-26,1123699.2373364344,15824.4501953125,133624.5153018739
2021-07-27,1114328.59252844,15746.4501953125,134066.88245773315
2021-07-28,1117196.4207750857,15709.400390625,133864.80390167236
2021-07-29,1117370.8362915963,15778.4501953125,135970.2567625977
2021-07-30,1110802.50736925,15763.0498046875,134589.17139582522
2021-08-02,1112275.821510464,15885.150390625,135143.0087168701
2021-08-03,1117774.2614032328,16130.75,134335.4858819116
2021-08-04,1118946.1491405591,16258.7998046875,134310.12857437134
2021-08-05,1124686.2395549119,16294.599609375,133725.41771345213
2021-08-06,1119331.6446308792,16238.2001953125,130384.3212890625
2021-08-09,1126905.2490321547,16258.25,128335.05396951176
2021-08-10,1120520.7764436305,16280.099609375,128684.09793386236
2021-08-11,1113602.0342165828,16282.25,129709.88745368645
2021-08-12,1120509.2184001207,16364.400390625,129880.91720581055
2021-08-13,1124051.3672173023,16529.099609375,131826.52823437005
2021-08-16,1122460.981543392,16563.05078125,132471.8371271668
2021-08-17,1115677.986647129,16614.599609375,132740.63598632812
2021-08-18,1103494.7154403478,16568.849609375,132319.0708002979
2021-08-20,1123329.4194253087,16450.5,132558.58045196533
2021-08-23,1134770.3863125443,16496.44921875,133627.76179902814
2021-08-24,1138692.0624602437,16624.599609375,133875.84596204106
2021-08-25,1138836.9427598268,16634.650390625,132505.61365325935
2021-08-26,1132993.867316097,16636.900390625,132902.37640687265
2021-08-27,1144445.8273669705,16705.19921875,134711.78457413334
2021-08-30,1145588.3945870101,16931.05078125,132800.86347198486
2021-08-31,1137471.7356359214,17132.19921875,132489.00409698486
2021-09-01,1139412.017175138,17076.25,132329.28265188355
2021-09-02,1139957.5358219147,17234.150390625,132133.30595056526
2021-09-03,1143508.7309503332,17323.599609375,133755.1167257214
2021-09-07,1150450.3382489532,17362.099609375,131801.82788199838
2021-09-08,1152646.8947082758,17353.5,132133.96132011712
2021-09-09,1144328.5118795559,17369.25,132177.20661561284
2021-09-13,1135065.5084991455,17355.30078125,131785.1171875
2021-09-14,1132962.9602746665,17380.0,132917.59987819567
2021-09-15,1138548.311103806,17519.44921875,131630.27933808602
2021-09-16,1141426.42962417,17629.5,129076.97746270988
2021-09-17,1128005.2170636281,17585.150390625,128694.44355779793
2021-09-20,1105782.8835491538,17396.900390625,129772.42377485335
2021-09-21,1108939.7145543396,17562.0,131055.83825683594
2021-09-22,1121163.153696999,17546.650390625,131253.53267593868
2021-09-23,1130976.2168777585,17822.94921875,129050.15799426287
2021-09-24,1131943.4919860363,17853.19921875,129197.83798693866
2021-09-27,1122500.453311801,17855.099609375,129194.27871704102
2021-09-28,1095414.169014126,17748.599609375,128732.65899845213
2021-09-29,1096464.2437409386,17711.30078125,127945.3205833435
2021-09-30,1090768.9597687349,17618.150390625,130338.75573828258
2021-10-01,1098361.4723896608,17532.05078125,130464.98459625244
2021-10-04,1079226.5144817978,17691.25,131710.4751581885
2021-10-05,1094151.6383501887,17822.30078125,131201.4082504101
2021-10-06,1103962.2615451813,17646.0,131614.98376083374
2021-10-07,1114752.2564083189,17790.349609375,131543.66204571538
2021-10-08,1109036.7496376038,17895.19921875,131423.93586969003
2021-10-11,1109453.5793825984,17945.94921875,132301.40564507805
2021-10-12,1106753.3005612046,17991.94921875,132723.34853284433
2021-10-13,1112620.3907052428,18161.75,135076.90179397352
2021-10-14,1128856.2733837217,18338.55078125,134743.51777291857
2021-10-18,1151170.0299131647,18477.05078125,132775.60793386213
2021-10-19,1157654.8366541713,18418.75,132940.04071526602
2021-10-20,1151217.0269209817,18266.599609375,133467.08559959847
2021-10-21,1159634.3739011884,18178.099609375,133350.25078171864
2021-10-22,1149563.5150874853,18114.900390625,134420.82968902588
2021-10-25,1164958.963820137,18125.400390625,135612.35426330566
2021-10-26,1165233.1199890673,18268.400390625,134253.32873009518
2021-10-27,1170659.1907177418,18210.94921875,134932.40231903084
2021-10-28,1180162.2491827905,17857.25,134754.63921393547
2021-10-29,1185570.8027969226,17671.650390625,133363.41306304932
2021-11-01,1191755.5952147692,17929.650390625,134503.78761619143
2021-11-02,1195219.889299199,17888.94921875,133848.2432143297
2021-11-03,1206187.8514823914,17829.19921875,131762.07782380376
2021-11-04,1216740.5829243362,17916.80078125,133462.85346984863
2021-11-08,1211988.073168099,18068.55078125,135576.81991433352
2021-11-09,1198953.712191239,18044.25,135285.64022919908
2021-11-10,1185726.4337877631,18017.19921875,137045.35323364753
2021-11-11,1192894.3002995178,17873.599609375,138631.20529639162
2021-11-12,1204009.782449171,18102.75,138826.24825462885
2021-11-15,1203499.1302253902,18109.44921875,138725.86535119638
2021-11-16,1214019.2728774846,17999.19921875,137972.8935013404
2021-11-17,1214276.131549716,17898.650390625,139215.24621631578
2021-11-18,1224022.1699932367,17764.80078125,138197.4948196411
2021-11-22,1217149.3909862638,17416.55078125,134190.49026489258
2021-11-23,1213705.919554107,17503.349609375,132745.5517616272
2021-11-24,1218534.296103783,17415.05078125,132820.8883779114
2021-11-26,1193998.6375797987,17026.44921875,133015.20541410148
2021-11-29,1229641.237125814,17053.94921875,133639.70559907705
2021-11-30,1211079.8742657304,16983.19921875,133117.3707994409
2021-12-01,1191637.2081452608,17166.900390625,133710.6875231713
2021-12-02,1199593.1939881146,17401.650390625,132084.01033085212
2021-12-03,1178143.716868557,17196.69921875,133620.5927581787
2021-12-06,1192170.0315715969,16912.25,133728.4370613098
2021-12-07,1230812.683548689,17176.69921875,134392.52309835702
2021-12-08,1236274.2131398916,17469.75,134483.69881979004
2021-12-09,1217407.916355133,17516.849609375,133775.20372599363
2021-12-10,1234684.6151890159,17511.30078125,134785.8108682055
2021-12-13,1217609.8309888765,17368.25,135240.7750613708
2021-12-14,1206777.5073931664,17324.900390625,134243.93971135002
2021-12-15,1238777.7466763556,17221.400390625,134040.79826392327
2021-12-16,1209013.155558519,17248.400390625,136921.40457705315
2021-12-17,1203557.7546191588,16985.19921875,137390.9462743532
2021-12-20,1187794.3276120275,16614.19921875,136331.95257691666
2021-12-21,1211099.7715416849,16770.849609375,135448.97712728754
2021-12-22,1224616.5436087847,16955.44921875,136356.61885531247
2021-12-23,1230593.122055225,17072.599609375,136670.43825886212
2021-12-27,1247781.302947998,17086.25,136177.05407556146
2021-12-28,1236324.7000082135,17233.25,135729.33703404292
2021-12-29,1232620.5702255517,17213.599609375,134922.20263302606
2021-12-30,1225122.8412765563,17203.94921875,135173.57416801527
2021-12-31,1214723.1136310995,17354.05078125,136023.01456451416
2022-01-03,1229609.5804831088,17625.69921875,134080.13637271244
2022-01-04,1211265.6280541122,17805.25,134967.58152770996
2022-01-05,1175548.0158307701,17925.25,135996.37097387947
2022-01-06,1173417.3394200057,17745.900390625,133133.1153186597
2022-01-07,1160359.83900173,17812.69921875,133731.47538757324
2022-01-10,1159683.6404740214,18003.30078125,133567.16377612296
2022-01-11,1173367.9909469262,18055.75,134680.05694898684
2022-01-12,1174039.6990017444,18212.349609375,134875.31253343262
2022-01-13,1143562.8617177904,18257.80078125,134402.92238529772
2022-01-14,1154825.1709997356,18255.75,134370.6787147522
2022-01-18,1129476.4332544208,18113.05078125,134572.51489587873
2022-01-19,1122865.258234471,17938.400390625,137531.56277097296
2022-01-20,1105307.1187559515,17757.0,137172.65743255615
2022-01-21,1074970.7001766413,17617.150390625,136381.54697184823
2022-01-24,1079704.289760217,17149.099609375,137046.78750347532
2022-01-25,1056158.2169700935,17277.94921875,138294.41412638314
2022-01-27,1048762.9027727619,17110.150390625,134309.20113699324
2022-01-28,1087121.0855543092,17101.94921875,134241.07637306023
2022-01-31,1120336.0291641355,17339.849609375,134695.00762939453
2022-02-01,1119804.2557467222,17576.849609375,134222.81288572028
2022-02-02,1131627.4333592355,17780.0,135229.55252097175
2022-02-03,1085007.9220065027,17560.19921875,134904.79252624512
2022-02-04,1096843.5335692018,17516.30078125,134851.66432296392
2022-02-07,1087630.108013153,17213.599609375,135893.58140827157
2022-02-08,1100988.2442866787,17266.75,136370.8531714892
2022-02-09,1124682.6064498946,17463.80078125,137080.62383080088
2022-02-10,1100112.7100989223,17605.849609375,137364.09655474126
2022-02-11,1076712.237731427,17374.75,139051.08809391595
2022-02-14,1075009.876187563,16842.80078125,140736.99438476562
2022-02-15,1106582.6617005467,17352.44921875,140381.2871703077
2022-02-16,1097825.6468809918,17322.19921875,140591.90178742446
2022-02-17,1063475.7280730456,17304.599609375,142632.3253878113
2022-02-18,1051598.1535464674,17276.30078125,142514.6166885253
2022-02-22,1033590.2806812227,17092.19921875,142036.84862324223
2022-02-23,1008114.1864122152,17063.25,142470.23005380854
2022-02-24,1042971.5854854435,16247.9501953125,143675.9927053405
2022-02-25,1069980.4785467684,16658.400390625,142257.76230239868
2022-02-28,1068803.9001213089,16793.900390625,142584.16253980715
2022-03-02,1079688.8393438235,16605.94921875,145606.52859545778
2022-03-03,1061496.9182970375,16498.05078125,146300.60187087394
2022-03-04,1050176.4592440873,16245.349609375,149134.77928044554
2022-03-07,1017840.3621293604,15863.150390625,152369.85060529783
2022-03-08,1022678.0586947128,16013.4501953125,157252.54415009636
2022-03-09,1056974.4208557978,16345.349609375,152744.50221577752
2022-03-10,1034749.4660491943,16594.900390625,152125.14773382805
2022-03-11,1015066.6801829338,16630.44921875,151300.4335053563
2022-03-14,1001377.8689287528,16871.30078125,150406.54914846923
2022-03-15,1029446.5276312083,16663.0,147511.15215301514
2022-03-16,1064427.1486697495,16975.349609375,145515.33654785156
2022-03-17,1073355.2466275096,17287.05078125,147646.59781740233
2022-03-21,1091812.3200748265,17117.599609375,146470.23194253165
2022-03-22,1118229.407091558,17315.5,146563.04014918953
2022-03-23,1099485.9643798172,17245.650390625,147378.93418330327
2022-03-24,1130349.020583123,17222.75,150165.1833849512
2022-03-25,1126100.5699035674,17153.0,149120.86112724617
2022-03-28,1139553.5509013832,17222.0,147475.74508583732
2022-03-29,1153109.1128908396,17325.30078125,144674.73474121094
2022-03-30,1142842.418101184,17498.25,146613.04537582397
2022-03-31,1126377.9611184746,17464.75,147962.21395401843
2022-04-01,1128102.5974445716,17670.44921875,145677.34880974237
2022-04-04,1144214.7370228171,18053.400390625,145612.14779160172
2022-04-05,1118227.6189162582,17957.400390625,145084.15066560544
2022-04-06,1101119.607956618,17807.650390625,145693.07953967527
2022-04-07,1103156.1717721447,17639.55078125,146800.9505984839
2022-04-08,1087628.1414615363,17784.349609375,147393.0680013867
2022-04-11,1060975.5246290937,17674.94921875,147449.87888684683
2022-04-12,1061546.549873367,17530.30078125,150175.0249559069
2022-04-13,1082244.2370102927,17475.650390625,150797.08071136475
2022-04-18,1061115.4973385036,17173.650390625,151256.0047782641
2022-04-19,1086308.9410618395,16958.650390625,149504.25805244036
2022-04-20,1067754.6856152266,17136.55078125,148914.0276975073
2022-04-21,1046667.3150421232,17392.599609375,148367.09128351323
2022-04-22,1018931.5353295952,17171.94921875,147306.72511291504
2022-04-25,1035667.5530752838,16953.94921875,144882.43008897454
2022-04-26,999068.9403959215,17200.80078125,146016.29962265864
2022-04-27,994395.553793937,17038.400390625,144218.92099236324
2022-04-28,1030586.1045447364,17245.05078125,144653.6346811708
2022-04-29,984536.2222268805,17102.55078125,146231.3754964415
2022-05-02,1000617.6395333558,17069.099609375,142472.5754574146
2022-05-04,1028735.643578276,16677.599609375,141894.99125671387
2022-05-05,983604.2317076102,16682.650390625,143439.3359222412
2022-05-06,971585.6739224866,16411.25,143990.43315530755
2022-05-09,942909.0476145968,16301.849609375,143675.47076820675
2022-05-10,953981.9191458598,16240.0498046875,142171.65157751832
2022-05-11,926509.3572265282,16167.099609375,143425.33266648185
2022-05-12,925104.9353561401,15808.0,141242.0096499659
2022-05-13,959327.3816583455,15782.150390625,139971.92940841801
2022-05-16,952616.6090923101,15842.2998046875,141100.08752059937
2022-05-17,972114.5202181488,16259.2998046875,140678.49095013924
2022-05-18,928261.0471214876,16240.2998046875,141313.33934573364
2022-05-19,919424.2907390743,15809.400390625,142547.7196510695
2022-05-20,916326.6908016056,16266.150390625,142594.17986980453
2022-05-23,932979.2647293136,16214.7001953125,143254.02863747813
2022-05-24,911913.0427175462,16125.150390625,144505.70409521367
2022-05-25,925622.2925482988,16025.7998046875,143075.5099885352
2022-05-26,953049.7059540302,16170.150390625,143414.03937390633
2022-05-27,984461.2059966028,16352.4501953125,143716.79906183854
2022-05-31,981014.2752420902,16584.55078125,142991.67171147466
2022-06-01,973553.2294933721,16522.75,143010.77313566767
2022-06-02,997400.3447935358,16628.0,144393.3667564392
2022-06-03,970721.8523136154,16584.30078125,142761.0621685302
2022-06-06,980515.7863440663,16569.55078125,143128.3778285645
2022-06-07,987323.7996634841,16416.349609375,143496.4351463318
2022-06-08,980502.0962785706,16356.25,143937.6267152233
2022-06-09,954818.3832653984,16478.099609375,143871.22134734876
2022-06-10,920814.725974381,16201.7998046875,145637.70209884644
2022-06-13,882301.8745619059,15774.400390625,142877.57452392578
2022-06-14,882147.7946509793,15732.099609375,141114.75595474243
2022-06-15,903156.9639645517,15692.150390625,141412.23666428588
2022-06-16,867702.3315427899,15360.599609375,143923.43575319462
2022-06-17,878495.99858509,15293.5,143135.8628942212
2022-06-21,902204.9537214339,15638.7998046875,143346.29105200432
2022-06-22,901387.3774651438,15413.2998046875,143429.60710323974
2022-06-23,914084.7961987853,15556.650390625,142664.5807005968
2022-06-24,945980.1745831221,15699.25,142727.09843826294
2022-06-27,941939.5859481096,15832.0498046875,142833.40286111087
2022-06-28,920235.6359320283,15850.2001953125,143715.5344772339
2022-06-29,919816.8784585893,15799.099609375,143097.84316750243
2022-06-30,908368.1912790388,15780.25,142457.14174742438
2022-07-01,914839.9954644442,15752.0498046875,142046.53801636957
2022-07-05,934951.852921769,15810.849609375,139831.25200620852
2022-07-06,936874.9208523631,15989.7998046875,137133.26323501952
2022-07-07,959298.341099754,16132.900390625,137679.22647177987
2022-07-08,960616.6380937248,16220.599609375,137893.1209327001
2022-07-11,942628.9652740806,16216.0,137496.59133911133
2022-07-12,933449.5686737448,16058.2998046875,136961.6879344862
2022-07-13,936024.7120107338,15966.650390625,138402.16736627184
2022-07-14,940039.8584394008,15938.650390625,136152.5683631897
2022-07-15,957231.2450829372,16049.2001953125,135984.82587593514
2022-07-18,950559.8446083069,16278.5,136787.7785721291
2022-07-19,978188.4967493862,16340.5498046875,136553.59519958496
2022-07-20,995216.7036219835,16520.849609375,135965.7829055786
2022-07-21,1006724.8253286779,16605.25,136632.1831080187
2022-07-22,988939.5515039191,16719.44921875,137780.9580415124
2022-07-25,982851.723829627,16631.0,137042.98379516602
2022-07-26,965032.6530095637,16483.849609375,137143.2284028344
2022-07-27,1006194.5541574806,16641.80078125,137265.65797644295
2022-07-28,1011980.0361842215,16929.599609375,139274.00503583997
2022-07-29,1030289.4078695476,17158.25,140276.60402701423
2022-08-01,1021748.413373813,17340.05078125,139672.6399078369
2022-08-02,1014123.7841327637,17345.44921875,139216.42770664673
2022-08-03,1048575.4005579054,17388.150390625,139089.97384643555
2022-08-04,1053634.037825875,17382.0,141568.5379295349
2022-08-05,1045453.4098723903,17397.5,140333.72342831176
2022-08-08,1047494.1270679235,17525.099609375,142232.67557870597
2022-08-10,1058195.7205817103,17534.75,142028.00991887692
2022-08-11,1058228.489426285,17659.0,142485.16907249764
2022-08-12,1080033.1619818956,17698.150390625,143193.73560207523
2022-08-16,1079172.3783342168,17825.25,140341.68993732892
2022-08-17,1069043.477516137,17944.25,139696.88917848282
2022-08-18,1077328.281285271,17956.5,140014.49371190555
2022-08-19,1056342.4724499136,17758.44921875,139400.28427388426
2022-08-22,1029745.2797291949,17490.69921875,138518.50346374512
2022-08-23,1028668.9003155902,17577.5,139489.84417929687
2022-08-24,1030803.9021865577,17604.94921875,139468.84867477044
2022-08-25,1049947.2460127324,17522.44921875,140410.1631427724
2022-08-26,1006937.4832677394,17558.900390625,138684.69453029428
2022-08-29,998344.9174838662,17312.900390625,138872.25863573235
2022-08-30,983494.6996953338,17759.30078125,137308.5298739113
2022-09-01,978493.3985996246,17542.80078125,135247.51563191414
2022-09-02,964448.9182376862,17539.44921875,136299.78318929672
2022-09-06,959644.8207452223,17655.599609375,135853.63586474862
2022-09-07,976457.9723796621,17624.400390625,136623.3112522792
2022-09-08,982076.4863069057,17798.75,136138.3583984375
2022-09-09,1003366.007588625,17833.349609375,136791.946156919
2022-09-12,1010964.2923253328,17936.349609375,137133.89355364256
2022-09-13,957905.0628754646,18070.05078125,135722.09495544434
2022-09-14,964122.9743959755,18003.75,134793.19730758667
2022-09-15,952399.3390705436,17877.400390625,132980.69010099117
2022-09-16,947120.4871162251,17530.849609375,133483.7335713636
2022-09-19,952765.1910357773,17622.25,132808.62701470964
2022-09-20,945310.8675397113,17816.25,132382.15417799912
2022-09-21,931613.2079682127,17718.349609375,133252.38881559577
2022-09-22,932349.112515524,17629.80078125,135438.73181761242
2022-09-23,916914.0458803624,17327.349609375,133371.6456550453
2022-09-26,918513.2078164369,17016.30078125,132486.93042099848
2022-09-27,921179.2797260284,17007.400390625,132941.40566911735
2022-09-28,935927.6793054193,16858.599609375,135204.22096078377
2022-09-29,909712.9782391712,16818.099609375,135135.5725288391
2022-09-30,893941.5490435436,17094.349609375,135453.3488520654
2022-10-03,915166.9153941572,16887.349609375,137962.8921393128
2022-10-04,943577.4141383618,17274.30078125,140210.26985100098
2022-10-06,945819.4282836914,17331.80078125,140956.77760747075
2022-10-07,909089.2817319632,17314.650390625,140034.47283935547
2022-10-10,900608.494542405,17241.0,137420.03725656494
2022-10-11,887846.4498468488,16983.55078125,138113.19676931016
2022-10-12,886577.940717712,17123.599609375,137298.65891632065
2022-10-13,906873.1229308099,17014.349609375,137260.8078765869
2022-10-14,878802.8350213692,17185.69921875,134934.76741844602
2022-10-17,909281.3808332682,17311.80078125,136196.62145996094
2022-10-18,917307.4102528244,17486.94921875,135690.27333831787
2022-10-19,921547.2384315953,17512.25,135077.62018203735
2022-10-20,914951.4725359529,17563.94921875,135072.15373294428
2022-10-21,936785.9929735959,17576.30078125,136745.228805542
2022-10-24,945985.4149892181,17730.75,136448.8768831361
2022-10-25,962135.8136750758,17656.349609375,136265.59130592272
2022-10-27,922665.91587504,17736.94921875,136912.25116323866
2022-10-28,951898.382991977,17786.80078125,135172.71648394782
2022-10-31,937984.9412875175,18012.19921875,134535.10401584953
2022-11-01,933923.5186776146,18145.400390625,136089.19887542725
2022-11-02,901785.2747836411,18082.849609375,136073.88032470085
2022-11-03,886126.6669076085,18052.69921875,134884.29283817858
2022-11-04,897678.8148070201,18117.150390625,138285.31190872192
2022-11-07,899839.5582504272,18202.80078125,137431.084941864
2022-11-09,878976.6705179363,18157.0,139211.0256477613
2022-11-10,944072.925397642,18028.19921875,142376.06307297014
2022-11-11,951067.2451256961,18349.69921875,142132.80586242676
2022-11-14,941890.6210511103,18329.150390625,142769.4801575439
2022-11-15,961468.1740359515,18403.400390625,143663.60781668685
2022-11-16,948461.6333453953,18409.650390625,143739.59841156006
2022-11-17,951609.2408296466,18343.900390625,143496.92873512208
2022-11-18,951967.8769512177,18307.650390625,142823.4784063697
2022-11-21,941836.0752419233,18159.94921875,141632.67183886468
2022-11-22,958244.1848536432,18244.19921875,142067.26364866085
2022-11-23,967400.9391013682,18267.25,142584.49910498038
2022-11-25,959943.3912707493,18512.75,143166.42230754532
2022-11-28,946368.0733890533,18562.75,142113.44405942503
2022-11-29,939260.148810178,18618.05078125,142757.38489136472
2022-11-30,982024.5599674061,18758.349609375,142527.54707336426
2022-12-01,979069.4245618582,18812.5,146438.9699754566
2022-12-02,973480.5210770965,18696.099609375,145759.1986276172
2022-12-05,959710.7142912596,18701.05078125,143906.12956658937
2022-12-06,945908.12046884,18642.75,144903.90837061778
2022-12-07,947065.2797393724,18560.5,147075.56312179565
2022-12-08,957225.1282691956,18609.349609375,147126.83481809683
2022-12-09,951421.5214859694,18496.599609375,147946.22336278204
2022-12-12,964762.8987104818,18497.150390625,146736.35008621216
2022-12-13,978034.7212686092,18608.0,149909.22170916013
2022-12-14,967481.1108657718,18660.30078125,148942.5121307373
2022-12-15,936071.4258994535,18414.900390625,146633.21932028793
2022-12-16,931631.0331427976,18269.0,148315.6455230713
2022-12-19,916983.7564113736,18420.44921875,147889.26245081797
2022-12-20,914381.4919117838,18385.30078125,149960.4770413367
2022-12-21,928498.3031358123,18199.099609375,150060.3520968482
2022-12-22,908029.5272362828,18127.349609375,148104.0601196289
2022-12-23,910418.0953761861,17806.80078125,148835.0364021277
2022-12-27,897217.4523789436,18132.30078125,150452.18823073246
2022-12-28,883994.1045349538,18122.5,149650.91349779908
2022-12-29,907316.3496768102,18191.0,150749.20922470093
2022-12-30,906196.075198561,18105.30078125,150735.02427105233
2023-01-03,898405.488686733,18232.55078125,152154.22651963495
2023-01-04,903589.3196738139,18042.94921875,153385.34517996572
2023-01-05,887939.0005347654,17992.150390625,151676.49140522443
2023-01-06,912431.9306470156,17859.44921875,154067.1827199608
2023-01-09,913929.9591121599,18101.19921875,154073.39095115848
2023-01-10,920892.1377039701,17914.150390625,153808.27219408937
2023-01-11,930872.0225085318,17895.69921875,153037.46385925543
2023-01-12,935468.594976984,17858.19921875,154733.07271194458
2023-01-13,936194.1198735237,17956.599609375,155612.17014442384
2023-01-17,943674.6836774796,18053.30078125,155727.840739619
2023-01-18,930229.5713295788,18165.349609375,155257.15930848382
2023-01-19,919874.1419755965,18107.849609375,156528.12786334846
2023-01-20,943927.6897928193,18027.650390625,156500.35173925292
2023-01-23,961390.7775652856,18118.55078125,156048.84362393804
2023-01-24,965358.9593798295,18118.30078125,157589.643182843
2023-01-25,964101.1656294167,17891.94921875,158405.60078848153
2023-01-27,990909.9081818461,17604.349609375,157075.01570568606
2023-01-30,970955.0939997956,17648.94921875,156731.7414102601
2023-01-31,987274.2457703948,17662.150390625,157408.4221611023
2023-02-01,1010910.9000568986,17616.30078125,157633.1295602247
2023-02-02,1046148.3384801447,17610.400390625,156581.4454234764
2023-02-03,1031592.6464223862,17854.05078125,152843.30620229244
2023-02-06,1024906.754121989,17764.599609375,153450.1533123292
2023-02-07,1053327.9100993574,17721.5,154892.52431845106
2023-02-08,1033891.442524448,17871.69921875,155339.64054240473
2023-02-09,1023421.3166685998,17893.44921875,154259.1550916992
2023-02-10,1015564.4553489685,17856.5,153742.85481119156
2023-02-13,1031603.0756798387,17770.900390625,152805.8276187256
2023-02-14,1039974.7089939266,17929.849609375,153135.57376098633
2023-02-15,1051414.9577258378,18015.849609375,151995.74693334475
2023-02-16,1029462.2338980436,18035.849609375,152402.84600830078
2023-02-17,1021963.3426181078,17944.19921875,152192.42706165276
2023-02-21,997356.6688617244,17826.69921875,151584.52141571045
2023-02-22,999825.553881973,17554.30078125,151801.71551513672
2023-02-23,1008945.4807836115,17511.25,150594.56927490234
2023-02-24,988907.3435019404,17465.80078125,149439.25618861802
2023-02-27,999807.8256275952,17392.69921875,150662.00466918945
2023-02-28,995305.31707073,17303.94921875,151162.24559926149
2023-03-01,986548.5196482539,17450.900390625,151859.0684588123
2023-03-02,992736.9783679172,17321.900390625,151116.88479232788
2023-03-03,1012218.1966231316,17594.349609375,152168.61849306896
2023-03-06,1005266.4540748298,17711.44921875,150996.53356460575
2023-03-08,1002568.3327141106,17754.400390625,148776.6238107495
2023-03-09,983236.301779978,17589.599609375,149937.66463373415
2023-03-10,970300.6844178736,17412.900390625,152718.26470947266
2023-03-13,977199.1626402289,17154.30078125,156679.10494818725
2023-03-14,1005474.9334201589,17043.30078125,157104.0372705739
2023-03-15,1008343.7069470882,16972.150390625,158568.6204942651
2023-03-16,1040678.4296275377,16985.599609375,158731.4249267578
2023-03-17,1034427.5658156872,17100.05078125,162750.40086048841
2023-03-20,1036829.8841077462,16988.400390625,163349.30389243178
2023-03-21,1051539.592390433,17107.5,159941.39291381836
2023-03-22,1039014.3173909187,17151.900390625,160955.59143930674
2023-03-23,1050489.9610705972,17076.900390625,164539.9492779933
2023-03-24,1050285.1431797668,16945.05078125,163058.04304848518
2023-03-27,1041915.1723899245,16985.69921875,160516.36721410882
2023-03-28,1036138.669858396,16951.69921875,162060.8653757153
2023-03-29,1056655.3792528808,17080.69921875,161722.3430998437
2023-03-31,1082195.4201538414,17359.75,161655.88846588135
2023-04-03,1080017.2659346461,17398.05078125,162959.33283730224
2023-04-05,1062662.0164331049,17557.05078125,165612.75083343498
2023-04-06,1068929.4921069145,17599.150390625,164636.39211013913
2023-04-10,1069990.7994362712,17624.05078125,163074.17742196284
2023-04-11,1063969.1044142842,17722.30078125,164534.13823584467
2023-04-12,1053058.466206491,17812.400390625,164814.5761739649
2023-04-13,1070784.1520219669,17828.0,166734.82140851207
2023-04-17,1073240.6446787342,17706.849609375,163531.77504712157
2023-04-18,1074939.420429401,17660.150390625,164823.40553699713
2023-04-19,1077725.728276357,17618.75,164284.9697831981
2023-04-20,1066680.1186469793,17624.44921875,164906.06814841554
2023-04-21,1067894.9055458307,17624.05078125,162597.9108734131
2023-04-24,1061604.70035322,17743.400390625,162812.413006383
2023-04-25,1043352.1583671793,17769.25,163491.25047302246
2023-04-26,1047146.1964282095,17813.599609375,162364.527567992
2023-04-27,1076031.1725151911,17915.05078125,162704.37164419796
2023-04-28,1083059.697194472,18065.0,162720.72067147586
2023-05-02,1072418.1031914353,18147.650390625,164726.84299303964
2023-05-03,1065610.5546994507,18089.849609375,165898.90352709964
2023-05-04,1060877.705988139,18255.80078125,167354.578125
2023-05-05,1083484.417891927,18069.0,164854.06738045905
2023-05-08,1087084.6842926815,18264.400390625,165725.2082606312
2023-05-09,1083877.2097302899,18265.94921875,167182.20382635482
2023-05-10,1093452.8916931897,18315.099609375,166338.3548927307
2023-05-11,1099305.0262546912,18297.0,165407.47775465436
2023-05-12,1095232.8030880094,18314.80078125,165391.06170272827
2023-05-15,1103485.1938238293,18398.849609375,166014.20210266113
2023-05-16,1104906.8677129894,18286.5,163637.36367604975
2023-05-17,1120438.5733176172,18181.75,163309.30939115956
2023-05-18,1144470.3002314568,18129.94921875,161851.65356445312
2023-05-19,1141895.077635765,18203.400390625,163688.14669311047
2023-05-22,1147104.6926460564,18314.400390625,163562.80801757798
2023-05-23,1133325.0762358084,18348.0,163493.42562904302
2023-05-24,1125276.9071802497,18285.400390625,162350.45310491696
2023-05-25,1153303.3155911788,18321.150390625,160776.17943973746
2023-05-26,1183080.534130007,18499.349609375,160858.92154331412
2023-05-30,1186926.5616196394,18633.849609375,161895.0740966797
2023-05-31,1178340.0150013268,18534.400390625,162349.3333910657
2023-06-01,1188199.8081373572,18487.75,162743.31829833984
2023-06-02,1196849.5482694209,18534.099609375,160637.0367132984
2023-06-05,1201074.2820892334,18593.849609375,161556.92950439453
2023-06-06,1201292.7625618577,18599.0,162187.55002593994
2023-06-07,1181710.6900772452,18726.400390625,160502.18471713364
2023-06-08,1194805.0335356146,18634.55078125,161974.01701078378
2023-06-09,1198419.6964662224,18563.400390625,161858.53138179705
2023-06-12,1217297.7959172651,18601.5,160993.92404371686
2023-06-13,1226196.839589551,18716.150390625,160021.90524956305
2023-06-14,1231141.8438274711,18755.900390625,160422.5889258422
2023-06-15,1243883.6579818428,18688.099609375,160368.68186982162
2023-06-16,1235564.559694931,18826.0,160417.82748810295
2023-06-20,1235628.7326990515,18816.69921875,158695.12580490112
2023-06-21,1218261.137511462,18856.849609375,158417.50170307606
2023-06-22,1232256.2941874266,18771.25,156687.03396542743
2023-06-23,1219899.600338757,18665.5,157211.319461504
2023-06-26,1204595.0837756395,18691.19921875,157755.90051542968
2023-06-27,1225540.6868810058,18817.400390625,156944.9334411621
2023-06-28,1227491.280156672,18972.099609375,156859.27400260605
2023-06-30,1245839.7490542904,19189.05078125,157675.0514454553
2023-07-03,1246353.758763045,19322.55078125,157483.5103936717
2023-07-05,1252701.7371065095,19398.5,158163.70538893808
2023-07-06,1248929.6812276542,19497.30078125,157980.04504609853
2023-07-07,1244576.0147801042,19331.80078125,159428.4920828417
2023-07-10,1241645.9117208421,19355.900390625,158861.20071411133
2023-07-11,1245809.0321230888,19439.400390625,159138.9354199171
2023-07-12,1255220.4596740007,19384.30078125,160411.9182066992
2023-07-13,1277382.0133449733,19413.75,160714.73909151368
2023-07-14,1276858.5863466114,19564.5,160788.5688140979
2023-07-17,1289456.9162668437,19711.44921875,160217.06931913085
2023-07-18,1300185.1264205128,19749.25,162279.47945493646
2023-07-19,1298737.1365454942,19833.150390625,162277.00960159302
2023-07-20,1269493.7337212563,19979.150390625,161562.78693029284
2023-07-21,1266175.9696285725,19745.0,161234.4573404491
2023-07-24,1263867.3804653585,19672.349609375,160380.38291100226
2023-07-25,1275259.9772469401,19680.599609375,160794.29658630118
2023-07-26,1270559.6001349837,19778.30078125,161401.56791703496
2023-07-27,1273922.0491631627,19659.900390625,160252.1340621924
2023-07-28,1297481.2707970738,19646.05078125,161487.75757446047
2023-07-31,1295750.0963668823,19753.80078125,162040.71618270874
2023-08-01,1293706.8941447437,19733.55078125,159733.76678949967
2023-08-02,1271672.0515871197,19526.55078125,160287.4959972119
2023-08-03,1271032.0916444063,19381.650390625,159939.27099609375
2023-08-04,1264523.5801389217,19517.0,160568.429668352
2023-08-07,1274973.34095411,19597.30078125,159993.83543014526
2023-08-08,1265295.8297131956,19570.849609375,159402.06482617185
2023-08-09,1251422.8657428324,19632.55078125,158722.117812898
2023-08-10,1252666.3692976236,19543.099609375,158512.12338378653
2023-08-11,1244322.6625659466,19428.30078125,158387.92353942618
2023-08-14,1265612.9179420471,19434.55078125,159025.7290226221
2023-08-16,1238272.7033659816,19465.0,157825.6727420166
2023-08-17,1222858.7160225213,19365.25,156565.49957340583
2023-08-18,1221116.1674541235,19310.150390625,156731.6961676441
2023-08-21,1241440.6574060246,19393.599609375,157358.7983461488
2023-08-22,1238536.5515694022,19396.44921875,157540.21425960213
2023-08-23,1250392.0422441289,19444.0,158362.00814437866
2023-08-24,1224451.4275125414,19386.69921875,158522.7355796434
2023-08-25,1234813.8040059507,19265.80078125,157935.98363454826
2023-08-28,1244710.4597856104,19306.05078125,158594.02565469965
2023-08-29,1268483.8258200511,19342.650390625,159750.9818458557
2023-08-30,1278749.1403244138,19347.44921875,160794.39429765753
2023-08-31,1281665.7512590885,19253.80078125,160255.0305513963
2023-09-01,1280821.5671484768,19435.30078125,160387.3304715529
2023-09-05,1288519.1635364145,19574.900390625,160040.4373660963
2023-09-06,1279786.1723115295,19611.05078125,159696.0178907495
2023-09-07,1270142.0665988326,19727.05078125,159615.57788848877
2023-09-08,1271949.3176212907,19819.94921875,159690.49727152102
2023-09-11,1282458.5060217977,19996.349609375,159524.84974698722
2023-09-12,1266647.9856983721,19993.19921875,158337.83437801525
2023-09-13,1272957.956353873,20070.0,158334.63921968266
2023-09-14,1284770.7120415196,20103.099609375,158584.04808044434
2023-09-15,1262229.4211963564,20192.349609375,159721.5317010414
2023-09-18,1267586.6372040957,20133.30078125,160806.83562469482
2023-09-20,1243805.7063970119,19901.400390625,161654.06125275884
2023-09-21,1218024.6224452257,19742.349609375,159084.97197796404
2023-09-22,1218593.2049313784,19674.25,159598.90408670157
2023-09-25,1226236.6542629153,19674.55078125,159132.03281638678
2023-09-26,1211648.71302329,19664.69921875,158300.8485210864
2023-09-27,1213400.324180305,19716.44921875,155759.60708074458
2023-09-28,1223167.517279297,19523.55078125,154772.26070722658
2023-09-29,1224204.9924942702,19638.30078125,153748.98273530882
2023-10-03,1212293.6108240485,19528.75,151861.0862370655
2023-10-04,1233075.0863265991,19436.099609375,151753.4587249756
2023-10-05,1225338.4789970368,19545.75,151186.35002197511
2023-10-06,1246146.4105806649,19653.5,152318.20662048832
2023-10-09,1252980.7545409352,19512.349609375,154008.42321395874
2023-10-10,1259703.5033055246,19689.849609375,154928.80373382568
2023-10-11,1268335.569261387,19811.349609375,155850.67880703136
2023-10-12,1264264.5413960665,19794.0,155642.40420974232
2023-10-13,1248529.6557479128,19751.05078125,160479.94748718012
2023-10-16,1262363.6043779552,19731.75,159834.55941209104
2023-10-17,1259123.5197013915,19811.5,160092.26070944592
2023-10-18,1241473.1946358383,19671.099609375,162815.09855284914
2023-10-19,1228807.745147869,19624.69921875,163617.93576348387
2023-10-20,1210333.8141519278,19542.650390625,164789.958152771
2023-10-23,1212631.953997761,19281.75,164091.01455984637
2023-10-25,1196135.316966556,19122.150390625,165019.57434656378
2023-10-26,1175080.3067743778,18857.25,165498.98235925287
2023-10-27,1180980.8394536376,19047.25,165615.57989422604
2023-10-30,1195773.5922596008,19140.900390625,166509.82249720953
2023-10-31,1200284.2792569473,19079.599609375,165360.21003496088
2023-11-01,1221252.6383415759,18989.150390625,164788.9250348974
2023-11-02,1271056.129703015,19133.25,169161.20480483398
2023-11-03,1256991.7812229693,19230.599609375,165786.99634552002
2023-11-06,1260261.2305927873,19411.75,164786.8829001831
2023-11-07,1272977.5927304924,19406.69921875,163682.60948048346
2023-11-08,1274562.2773677707,19443.5,162428.6072845459
2023-11-09,1263902.0949535072,19395.30078125,163456.196666006
2023-11-10,1293876.9236800075,19425.349609375,161023.0645551905
2023-11-13,1289699.329478152,19443.55078125,162058.00370407104
2023-11-15,1312534.8447463512,19675.44921875,162652.22801863775
2023-11-16,1317101.2873009741,19765.19921875,165033.11016842537
2023-11-17,1316458.5043183565,19731.80078125,164711.18503124267
2023-11-20,1334917.7725296244,19694.0,164725.58811976947
2023-11-21,1327624.2336972728,19783.400390625,166586.07245149277
2023-11-22,1333647.07122612,19811.849609375,165974.6352379322
2023-11-24,1332004.6501947194,19794.69921875,166871.35627440177
2023-11-28,1334701.4969539642,19889.69921875,170038.57056325674
2023-11-29,1333655.1581893414,20096.599609375,170765.1872998206
2023-11-30,1328940.791297786,20133.150390625,169835.4811267322
2023-12-01,1333441.481456235,20267.900390625,172623.44020843506
2023-12-04,1318155.1143692136,20686.80078125,168442.76099014655
2023-12-05,1324472.503689304,20855.099609375,168377.4143295288
2023-12-06,1315395.6215073615,20937.69921875,169172.94045257568
2023-12-07,1334506.747469455,20901.150390625,169069.55408574454
2023-12-08,1340737.7067315504,20969.400390625,166568.09383675642
2023-12-11,1353380.5868640542,20997.099609375,165024.73678588867
2023-12-12,1363020.405927658,20906.400390625,164836.77486876212
2023-12-13,1381235.3985156566,20926.349609375,165315.9022524599
2023-12-14,1377358.159391567,21182.69921875,169085.81444682367
2023-12-15,1384676.8058763742,21456.650390625,168350.75691719726
2023-12-18,1389271.1355214715,21418.650390625,168267.4053655006
2023-12-19,1397252.9687809497,21453.099609375,169413.86889919918
2023-12-20,1375511.6293856502,21150.150390625,169049.85717010498
2023-12-21,1395342.5669135451,21255.05078125,169790.13866687752
2023-12-22,1394732.1286875755,21349.400390625,171010.0212980993
2023-12-26,1403820.4545426369,21441.349609375,171185.2284217626
2023-12-27,1406355.0329797268,21654.75,173178.2638066113
2023-12-28,1407088.2832104862,21778.69921875,172687.8310118094
2023-12-29,1384807.698003769,21731.400390625,169739.64079082012
2024-01-02,1376498.753114149,21665.80078125,171763.43636632338
2024-01-03,1362791.4533846676,21517.349609375,169361.39303249493
2024-01-04,1356586.1174558103,21658.599609375,170160.55964840576
2024-01-05,1357319.6073613167,21710.80078125,170010.60466895998
2024-01-08,1385120.94655025,21513.0,168595.08340597898
2024-01-09,1385177.6006188095,21544.849609375,168293.93509034906
2024-01-10,1396024.842839241,21618.69921875,168066.14791840315
2024-01-11,1396565.290594563,21647.19921875,167238.46332293563
2024-01-12,1398413.3927629143,21894.55078125,170031.85638437606
2024-01-16,1394582.574311316,22032.30078125,167873.14012145996
2024-01-17,1390600.6584014744,21571.94921875,166394.02313778084
2024-01-18,1412545.9965575933,21462.25,167902.29536614753
2024-01-19,1439842.606842041,21622.400390625,168524.95337677002
2024-01-23,1446204.65528363,21238.80078125,168159.55062783323
2024-01-24,1456316.2645368278,21453.94921875,167599.57425543573
2024-01-25,1455619.8975224942,21352.599609375,167599.55720529426
2024-01-29,1462624.7940771282,21737.599609375,168337.2521821875
2024-01-30,1453242.675829947,21522.099609375,168925.52074050903
2024-01-31,1424270.9472147375,21725.69921875,170241.90764004365
2024-02-01,1440540.623552978,21697.44921875,170509.0336074829
2024-02-02,1463069.2431018949,21853.80078125,168848.87832055427
2024-02-05,1461869.879519701,21771.69921875,168131.67409976572
2024-02-06,1460358.898746729,21929.400390625,169074.47506713867
2024-02-07,1474924.3868154287,21930.5,169065.28598288074
2024-02-08,1476227.2383171916,21717.94921875,168698.2093072459
2024-02-09,1490615.96243003,21782.5,167904.15781254508
2024-02-12,1484520.1537548602,21616.05078125,167539.86686788313
2024-02-13,1460662.303012088,21743.25,165391.16408896353
2024-02-14,1479361.814503044,21840.05078125,165343.38087369874
2024-02-15,1481963.9412555844,21910.75,166260.58537873905
2024-02-16,1468106.1250261664,22040.69921875,166973.8059310913
2024-02-20,1456694.8009965867,22196.94921875,168325.08504867554
2024-02-21,1447762.424533844,22055.05078125,167505.29613423347
2024-02-22,1493280.9505196214,22217.44921875,167510.68297267333
2024-02-23,1486530.9309561253,22212.69921875,168943.46711432375
2024-02-26,1486346.6372459382,22122.05078125,168125.72681808472
2024-02-27,1488937.4521628916,22198.349609375,168520.96266174316
2024-02-28,1482657.5367507935,21951.150390625,168633.683303833
2024-02-29,1496049.9154400676,21982.80078125,169612.87669879012
2024-03-01,1517501.6093683243,22338.75,173025.70647847652
2024-03-04,1509992.8208922148,22405.599609375,175443.18161457032
2024-03-05,1483921.2717369944,22356.30078125,176889.55083847046
2024-03-06,1493382.7797992826,22474.05078125,178227.19759798236
2024-03-07,1515423.072521612,22493.55078125,178723.61656188965
2024-03-11,1485539.9663894624,22332.650390625,180606.45406723022
2024-03-12,1508146.8546499014,22335.69921875,178834.22567167506
2024-03-13,1496703.5462205708,21997.69921875,180199.46467979997
2024-03-14,1492186.5822457373,22146.650390625,179163.67030334473
2024-03-15,1477472.1294612885,22023.349609375,178981.69090331905
2024-03-18,1490757.6895736158,22055.69921875,179098.0438179858
2024-03-19,1494212.97355932,21817.44921875,178678.78835851327
2024-03-20,1514702.3957504034,21839.099609375,179197.17939573154
2024-03-21,1521591.9696488231,22011.94921875,181258.358734902
2024-03-22,1526329.203454569,22096.75,179611.3349838294
2024-03-26,1519075.7582822442,22004.69921875,181482.89607042447
2024-03-27,1523625.6847558916,22123.650390625,182576.65415513888
2024-03-28,1521802.1472635418,22326.900390625,184853.5381220095
2024-04-01,1525830.2311862707,22462.0,186545.79066467285
2024-04-02,1510455.807071045,22453.30078125,188455.0365524292
2024-04-03,1514074.8987255245,22434.650390625,191291.68826920912
2024-04-04,1492481.1348895729,22514.650390625,191063.98919569328
2024-04-05,1511654.4525960684,22513.69921875,194144.31180680916
2024-04-08,1507195.5341392905,22666.30078125,194159.72205485962
2024-04-09,1512177.17875354,22642.75,195036.13901138306
2024-04-10,1502401.1481691897,22753.80078125,194318.22670045868
2024-04-12,1500578.246836856,22519.400390625,196387.60850802995
2024-04-15,1478626.4941439927,22272.5,197558.49108000472
2024-04-16,1482057.7205866277,22147.900390625,200032.27111108415
2024-04-18,1453207.642788738,21995.849609375,199029.25321722403
2024-04-19,1423410.470687896,22147.0,200374.3154497072
2024-04-22,1435150.7669939995,22336.400390625,194473.29145453125
2024-04-23,1455081.7763185054,22368.0,193858.53871373646
2024-04-24,1460694.076715678,22402.400390625,193725.2225151062
2024-04-25,1451992.0874557495,22570.349609375,194076.54606881365
2024-04-26,1475966.4116081595,22419.94921875,194493.055086758
2024-04-29,1483987.6607590765,22643.400390625,195726.2093202658
2024-04-30,1456269.6263367832,22604.849609375,191328.22062698752
2024-05-02,1463074.929250896,22648.19921875,191767.76871795394
2024-05-03,1492205.5581329763,22475.849609375,191751.0915298462
2024-05-06,1510320.997847259,22442.69921875,193790.46343728527
2024-05-07,1510091.4940249026,22302.5,193249.51312402822
2024-05-08,1509452.717890218,22302.5,193103.01740374044
2024-05-09,1511738.5158759356,21957.5,194635.66640686244
2024-05-10,1515721.0939460993,22055.19921875,197573.43308364972
2024-05-13,1519683.989603877,22104.05078125,195077.20855842903
2024-05-14,1530394.6749340296,22217.849609375,196565.84515754879
2024-05-15,1551055.4475844651,22200.55078125,199229.75342794321
2024-05-16,1549034.8627249599,22403.849609375,198658.83895874023
2024-05-17,1548055.719320625,22466.099609375,201346.57211602293
2024-05-21,1559174.052670598,22529.05078125,201768.29770486802
2024-05-22,1557527.6466022432,22597.80078125,198941.74521706067
2024-05-23,1551075.157994628,22967.650390625,194473.74362945557
2024-05-24,1566479.7259215266,22957.099609375,194265.5276298523
2024-05-28,1570059.9608782828,22888.150390625,195967.93812468275
2024-05-29,1562000.4167785645,22704.69921875,195100.5191218555
2024-05-30,1544657.8483339846,22488.650390625,195212.5283873938
2024-05-31,1544490.3928533942,22530.69921875,193546.11038812622
2024-06-03,1545617.8813121617,23263.900390625,194986.97832027823
2024-06-04,1560093.103535384,21884.5,194480.17472457886
2024-06-05,1587157.7305800915,22620.349609375,196286.74551448226
2024-06-06,1587757.6256560385,22821.400390625,197856.29005453363
2024-06-07,1586068.1105732322,23290.150390625,192422.18317392096
2024-06-10,1593303.3715569675,23259.19921875,192761.7163391821
2024-06-11,1605909.583067894,23264.849609375,192899.62005615234
2024-06-12,1626010.1937856674,23322.94921875,195136.12890625
2024-06-13,1635105.509529218,23398.900390625,192117.5357609447
2024-06-14,1642027.8931492865,23465.599609375,194723.4212762229
2024-06-18,1659883.22707057,23557.900390625,194294.99387215823
2024-06-20,1651323.9617729485,23567.0,196781.45168495364
2024-06-21,1646987.4553081393,23501.099609375,193654.73957442865
2024-06-24,1625359.570363313,23537.849609375,194462.74002075195
2024-06-25,1643361.8823635876,23721.30078125,193238.26253133267
2024-06-26,1650800.6962671876,23868.80078125,192168.0482870899
2024-06-27,1651412.2498736978,24044.5,193981.61058044434
2024-06-28,1642553.08958596,24010.599609375,194248.64937678725
2024-07-01,1653157.4402306378,24141.94921875,194217.97672156245
2024-07-02,1670574.6804777384,24123.849609375,193921.9564743042
2024-07-03,1685406.101185754,24286.5,197022.5456431862
2024-07-05,1702594.9784037918,24323.849609375,199423.98727035522
2024-07-08,1705834.945872724,24320.55078125,196559.3435811717
2024-07-09,1707683.8823247552,24433.19921875,197051.82852257043
2024-07-10,1726309.595035389,24324.44921875,198068.97705555893
2024-07-11,1688022.4438666105,24315.94921875,201697.18059539795
2024-07-12,1698055.5931992978,24502.150390625,201613.6620941162
2024-07-15,1704090.4569551647,24586.69921875,202524.3895925805
2024-07-16,1703888.5392018557,24613.0,205683.28393265605
2024-07-18,1648809.6217237115,24800.849609375,205152.65563900396
2024-07-19,1633541.5131598413,24530.900390625,200441.78839874268
2024-07-22,1658605.2861390263,24509.25,200141.7562866211
2024-07-23,1653572.6212143302,24479.05078125,201281.38514897972
2024-07-24,1593829.416087389,24413.5,202096.97685665265
2024-07-25,1576827.6244153827,24406.099609375,196942.45851637796
2024-07-26,1592995.6871967018,24834.849609375,199295.4933166504
2024-07-29,1596241.9043453634,24836.099609375,199100.07615511492
2024-07-30,1573980.7844492793,24857.30078125,201392.29118347168
2024-07-31,1620979.9449484944,24951.150390625,203141.23278427124
2024-08-01,1581954.917049408,25010.900390625,203916.38793945312
2024-08-02,1544308.6007714272,24717.69921875,203137.565613091
2024-08-05,1503240.009594828,24055.599609375,201749.04421755485
2024-08-06,1517368.3715004474,23992.55078125,200528.87390797958
2024-08-07,1499829.8128890097,24297.5,200664.3025894165
2024-08-08,1546558.325005412,24117.0,203438.14785515144
2024-08-09,1554896.6937130988,24367.5,204269.65124251693
2024-08-12,1555490.8263976872,24347.0,206570.72630468756
2024-08-13,1594297.4069706202,24139.0,206911.73463863507
2024-08-14,1597362.8823599815,24143.75,204840.06056186557
2024-08-16,1637707.1130344868,24541.150390625,209753.2386302054
2024-08-19,1657985.5490065813,24572.650390625,209847.4882631153
2024-08-20,1652114.7865866423,24698.849609375,210395.2205687575
2024-08-21,1663078.1233630478,24770.19921875,210426.1641008444
2024-08-22,1636156.6835249066,24811.5,208080.33903015405
2024-08-23,1655381.5395574272,24823.150390625,210556.58665741235
2024-08-26,1637111.1035535932,25010.599609375,211193.98112445325
2024-08-27,1643312.4561866522,25017.75,211146.74645996094
2024-08-28,1624333.3978298306,25052.349609375,209937.68600463867
2024-08-29,1621310.5615134537,25151.94921875,211893.85869881697
2024-08-30,1642216.5003207922,25235.900390625,209217.61309149675
2024-09-03,1591591.9705666602,25279.849609375,209027.84906033427
2024-09-04,1589066.4736595452,25198.69921875,209401.9527330324
2024-09-05,1589837.2086054385,25145.099609375,210916.39680641145
2024-09-06,1547087.9175287187,24852.150390625,209413.0986251831
2024-09-09,1567149.1077073663,24936.400390625,210103.42879087664
2024-09-10,1581308.930490613,25041.099609375,210987.98837421276
2024-09-11,1615790.8997363448,24918.44921875,210997.8173744604
2024-09-12,1630271.5064171553,25388.900390625,214134.45560621098
2024-09-13,1637953.1798949838,25356.5,216660.90125871822
2024-09-16,1629284.063075602,25383.75,216454.27233798802
2024-09-17,1627863.8278278708,25418.55078125,214812.9520426318
2024-09-18,1618973.346787408,25377.55078125,215146.25886286236
2024-09-19,1658901.4463302195,25415.80078125,216394.84442138672
2024-09-20,1654859.5247816741,25790.94921875,219062.14519601315
2024-09-23,1658841.8423179388,25939.05078125,219469.2915802002
2024-09-24,1666742.3270341158,25940.400390625,221554.40758947283
2024-09-25,1670191.4782721996,26004.150390625,222373.20192265138
2024-09-26,1682003.1132894158,26216.05078125,223249.29667359218
2024-09-27,1673062.7791075855,26178.94921875,221108.71107062884
2024-09-30,1681633.4535639882,25810.849609375,220977.1564192921
2024-10-01,1658428.2768684626,25796.900390625,223712.0586393848
2024-10-03,1662826.5926718712,25250.099609375,223221.38338714838
2024-10-04,1683129.9580693245,25014.599609375,222272.07307174802
2024-10-07,1662551.4063506871,24795.75,222068.2655622121
2024-10-08,1687336.187366873,25013.150390625,219436.66999816895
2024-10-09,1701412.6414899826,24981.94921875,218753.37243652344
2024-10-10,1699214.7479887307,24998.44921875,219988.89355856925
2024-10-11,1701750.8353222907,24964.25,223094.89552695304
2024-10-14,1717871.5608353913,25127.94921875,222543.62256553955
2024-10-15,1694558.6711147726,25057.349609375,223707.15746826679
2024-10-16,1695413.0858732164,24971.30078125,224721.08555603027
2024-10-17,1697081.5683081746,24749.849609375,226188.7825012207
2024-10-18,1708312.7651631832,24854.05078125,228096.79971355945
2024-10-21,1711860.1394710839,24781.099609375,228940.56038162857
2024-10-22,1714511.5100015402,24472.099609375,230743.3076893799
2024-10-23,1686981.1737816334,24435.5,228193.07555492222
2024-10-24,1701216.1044229567,24399.400390625,229955.31308557838
2024-10-25,1711234.4840195775,24180.80078125,230459.80389978737
2024-10-28,1711565.6620102525,24339.150390625,230683.36038814113
2024-10-29,1728367.2080639899,24466.849609375,232830.17904879898
2024-10-30,1714387.397974819,24340.849609375,234483.01880264282
2024-10-31,1672567.5834218413,24205.349609375,230261.1967641469
2024-11-01,1684616.831417203,24304.349609375,230292.9882734008
2024-11-04,1679609.4707089216,23995.349609375,230197.94660041854
2024-11-05,1702191.3324677944,24213.30078125,230603.0898237303
2024-11-06,1748048.6470009685,24484.05078125,224388.65673743188
2024-11-07,1777832.5746043324,24199.349609375,227343.42395618185
2024-11-08,1780313.3233661652,24148.19921875,226573.4405517578
2024-11-11,1781035.184635073,24141.30078125,220340.6150203664
2024-11-12,1778300.8413969278,23883.44921875,219430.89904785156
2024-11-13,1775353.0854963362,23559.05078125,217807.39905494638
2024-11-14,1764159.4921148568,23532.69921875,216815.13554300554
2024-11-18,1735099.3958305568,23453.80078125,220536.97213983163
2024-11-19,1745748.3256280422,23518.5,221723.30374374986
2024-11-21,1750171.3036164343,23349.900390625,225480.09620898217
2024-11-22,1755348.3201786876,23907.25,228954.82645835727
2024-11-25,1756681.6825908422,24221.900390625,220952.12109672837
2024-11-26,1765422.0787912607,24194.5,221094.37376721203
2024-11-27,1749571.7130542547,24274.900390625,222646.79161803797
2024-11-29,1768021.840927571,24131.099609375,224441.0502166748
2024-12-02,1789615.0323767215,24276.05078125,222799.22895180061
2024-12-03,1798911.0105236173,24457.150390625,224104.20077806525
2024-12-04,1820039.5717517138,24467.44921875,224732.00918099843
2024-12-05,1814866.1857919097,24708.400390625,222491.41639594734
2024-12-06,1831054.289007187,24677.80078125,223446.6822735034
2024-12-09,1815308.500429988,24619.0,225626.41610775143
2024-12-10,1813032.3025783896,24610.05078125,228884.0784762986
2024-12-11,1847196.090259999,24641.80078125,232028.5468459595
2024-12-12,1834209.1192755103,24548.69921875,228053.46012115479
2024-12-13,1847819.0485458374,24768.30078125,225332.9228515625
2024-12-16,1873841.0177278519,24668.25,224844.01969707012
2024-12-17,1868272.2593075037,24336.0,224555.29285475612
2024-12-18,1800997.8680958152,24198.849609375,223879.4458885193
2024-12-19,1797887.0524432063,23951.69921875,220765.9967143312
2024-12-20,1815526.0503052175,23587.5,224173.96430673078
2024-12-23,1826586.7624514252,23753.44921875,221901.82685049437
2024-12-24,1854956.067367658,23727.650390625,222959.11758422852
2024-12-26,1859305.388694629,23750.19921875,225388.88077274896
2024-12-27,1830809.0225899518,23813.400390625,223144.8296106737
2024-12-30,1809934.7470363975,23644.900390625,222524.46707413346
2024-12-31,1802562.5785149783,23644.80078125,225550.11981327645
2025-01-02,1799408.1276394576,24188.650390625,228095.5838672109
2025-01-03,1829869.8642699122,24004.75,226951.58226013184
2025-01-06,1848921.2183990479,23616.05078125,226266.54431064427
2025-01-07,1814120.8547835946,23707.900390625,227627.91737627797
2025-01-08,1817465.0324480236,23688.94921875,228631.4280319214
2025-01-10,1791224.0421394408,23431.5,232714.31504058838
2025-01-13,1791393.5815396607,23085.94921875,230423.62746429443
2025-01-14,1798641.974297136,23176.05078125,232006.97244644165
2025-01-15,1837825.8193831444,23213.19921875,234727.2735595703
2025-01-16,1822937.823600769,23311.80078125,237374.08928896487
2025-01-17,1856935.3032706678,23203.19921875,237673.12991927378
2025-01-21,1859272.4808250815,23024.650390625,237511.5742111206
2025-01-22,1889233.2978744507,23155.349609375,239264.27765948698
2025-01-23,1893832.5669676065,23205.349609375,238932.73141365498
2025-01-24,1882149.7764851153,23092.19921875,240070.37391828373
2025-01-27,1821234.9191248417,22829.150390625,235980.72052001953
2025-01-28,1855874.626435876,22957.25,239240.7707076855
2025-01-29,1853902.8311335444,23163.099609375,239761.4308394082
2025-01-30,1863476.3926364332,23249.5,244586.41976165771
2025-01-31,1861008.7342106104,23508.400390625,243694.6964263916
2025-02-03,1843390.764280647,23361.05078125,245285.37456900626
2025-02-04,1875101.2920921296,23739.25,248075.60039472766
2025-02-05,1887077.5830305815,23696.30078125,250202.7934331149
2025-02-06,1901618.8082966208,23603.349609375,249426.18621826172
2025-02-07,1882387.4117147028,23559.94921875,251141.94435703382
2025-02-10,1903998.9220139682,23381.599609375,255039.4306425769
2025-02-11,1897968.1290561557,23071.80078125,254814.9076461792
2025-02-12,1885475.068587035,23045.25,252533.78953552246
2025-02-13,1913895.994086206,23031.400390625,254184.62972345576
2025-02-14,1918539.9136065394,22929.25,250164.12253763154
2025-02-18,1925102.6559019089,22945.30078125,254623.53243210912
2025-02-19,1926775.7451154739,22932.900390625,253658.4814486988
2025-02-20,1917114.2706189156,22913.150390625,255406.0400390625
2025-02-21,1868563.2113633752,22795.900390625,253959.06059093773
2025-02-24,1847582.756627053,22553.349609375,255080.02067736536
2025-02-25,1828055.8454608917,22547.55078125,251791.40016555786
2025-02-27,1791265.9650603533,22545.05078125,251306.0534588769
2025-02-28,1823772.9583717883,22124.69921875,247729.24773325212
2025-03-03,1786502.872372523,22119.30078125,252788.4395327028
2025-03-04,1777378.191056475,22082.650390625,254094.20533614233
2025-03-05,1799152.5367618203,22337.30078125,254263.7327216249
2025-03-06,1742359.0081041753,22544.69921875,253421.33353105932
2025-03-07,1760121.0402361453,22552.5,253083.01947460696
2025-03-10,1691926.5692428052,22460.30078125,251730.35329437256
2025-03-11,1692676.4095907211,22497.900390625,254456.66965526342
2025-03-12,1708774.9364033937,22470.5,256289.83347596228
2025-03-13,1679164.981358081,22397.19921875,260650.55403961055
2025-03-17,1722456.4129892439,22508.75,260817.00897216797
2025-03-18,1693423.4001767635,22834.30078125,263799.965310134
2025-03-19,1708723.1267170608,22907.599609375,262836.3832819052
2025-03-20,1698907.6726427078,23190.650390625,262464.775390625
2025-03-21,1705480.7449293882,23350.400390625,260579.6059146803
2025-03-24,1735256.2771189213,23658.349609375,259087.4366259277
2025-03-25,1735260.6473780721,23668.650390625,258623.39710765518
2025-03-26,1704703.1748145074,23486.849609375,258560.033103507
2025-03-27,1704569.9937571287,23591.94921875,263469.13260032237
2025-03-28,1652317.688220054,23519.349609375,264497.3104324341
2025-04-01,1663953.8491202742,23165.69921875,267009.331882406
2025-04-02,1677202.8820045888,23332.349609375,268936.19244586676
2025-04-03,1579564.6958440542,23250.099609375,264121.13494873047
2025-04-04,1483726.207023859,22904.44921875,256872.08862304688
2025-04-07,1499509.0889237523,22161.599609375,253891.49056146853
2025-04-08,1477213.9316153526,22535.849609375,256574.54419577122
2025-04-09,1650482.2142180055,22399.150390625,263498.7168312073
2025-04-11,1612211.2351929843,22828.55078125,277948.2530100513
2025-04-15,1614253.5151073337,23328.55078125,275928.5245540552
2025-04-16,1563228.2946169376,23437.19921875,284825.1591945067
2025-04-17,1563266.7569503188,23851.650390625,283292.5397264771
2025-04-21,1516535.2590970695,24125.55078125,290068.2321653981
2025-04-22,1557742.2824842036,24167.25,289858.34663610347
2025-04-23,1598271.8559236377,24328.94921875,280123.3292243909
2025-04-24,1638167.9239896685,24246.69921875,284077.32803344727
2025-04-25,1656767.6701693982,24039.349609375,279848.55756154284
2025-04-28,1654433.7882270217,24328.5,283796.70377731323
2025-04-29,1664658.9463665783,24335.94921875,282664.852727456
2025-04-30,1654361.6995457709,24334.19921875,279375.6047439575
2025-05-02,1702624.696555376,24346.69921875,273731.25985170156
2025-05-05,1681715.8811623603,24461.150390625,278880.3467919398
2025-05-06,1678171.8188284934,24379.599609375,289263.5061206594
2025-05-07,1685145.6389003992,24414.400390625,286800.8708064258
2025-05-08,1727115.4135843813,24273.80078125,283778.585948579
2025-05-09,1726933.6658163667,24008.0,287118.5584606007
2025-05-12,1773076.968962431,24924.69921875,273589.54833984375
2025-05-13,1803082.7128190994,24578.349609375,275620.9031035304
2025-05-14,1822528.2245653272,24666.900390625,271970.24939848855
2025-05-15,1823037.0439583063,25062.099609375,275192.3869091235
2025-05-16,1830908.1547643244,25019.80078125,271885.6734313965
2025-05-19,1830979.7818046808,24945.44921875,275657.96803312004
2025-05-20,1827681.472585857,24683.900390625,280584.0805345997
2025-05-21,1804485.1635490656,24813.44921875,283277.08904832415
2025-05-22,1815142.5425063074,24609.69921875,283055.165137019
2025-05-23,1798221.7755591273,24853.150390625,289185.1796545312
2025-05-27,1827994.1993985325,24826.19921875,281612.8224084042
2025-05-28,1820271.1763978451,24752.44921875,281227.0164988674
2025-05-29,1823654.4273315668,24833.599609375,283151.9686296433
2025-05-30,1821694.6186335683,24750.69921875,280744.7633649856
2025-06-02,1834615.318101883,24716.599609375,287726.8984775953
2025-06-03,1856673.7709013224,24542.5,287141.62182818353
2025-06-04,1866004.103237465,24620.19921875,289797.81091690063
2025-06-05,1850439.4455943108,24750.900390625,287749.7432371825
2025-06-06,1868848.0933442116,25003.05078125,285345.1731688231
2025-06-09,1869297.9941798747,25103.19921875,285747.56499234587
2025-06-10,1879386.911897242,25104.25,284444.38018222153
2025-06-11,1868438.3330574632,25141.400390625,283870.86040044203
2025-06-12,1877717.36215055,24888.19921875,289703.9040999487
2025-06-13,1853529.133412242,24718.599609375,294014.0348174609
2025-06-16,1888916.9915109873,24946.5,292444.30418293923
2025-06-17,1875718.4278176427,24853.400390625,292475.9330493361
2025-06-18,1881220.5310055315,24812.05078125,293602.7912195362
2025-06-20,1872495.1080522537,25112.400390625,291622.90951135755
2025-06-23,1884736.9489790797,24971.900390625,291269.20566184074
2025-06-24,1906272.1514380574,25044.349609375,284980.5765077099
2025-06-25,1912581.3885512352,25244.75,286150.9154058695
2025-06-26,1922978.3785282373,25549.0,285568.934715271
2025-06-27,1930423.6584851146,25637.80078125,280446.0799860768
2025-06-30,1943908.572455719,25517.05078125,282376.18297470734
2025-07-01,1925090.0515693277,25541.80078125,285764.3245009314
2025-07-02,1940276.42641747,25453.400390625,286903.8448791504
2025-07-03,1950989.3469975144,25405.30078125,284249.1199805029
2025-07-07,1948508.9665119648,25461.30078125,286209.31251137704
2025-07-08,1945750.7640075684,25522.5,283434.3634033203
2025-07-09,1959717.2372563183,25476.099609375,283832.2892995365
2025-07-10,1957262.071430564,25355.25,284416.6245986521
2025-07-11,1953090.2025572062,25149.849609375,287725.9963378906
2025-07-14,1964861.9942091405,25082.30078125,288123.0894088745
2025-07-15,1967916.8921720982,25195.80078125,286339.8386593312
2025-07-16,1967455.6568972021,25212.05078125,287930.13467788696
2025-07-17,1986043.6628151834,25111.44921875,287403.9269263856
2025-07-18,1984703.0516047329,24968.400390625,288513.9183883667
2025-07-21,1998012.2089071572,25090.69921875,293227.773267366
2025-07-22,1991373.9972266406,25060.900390625,296950.14090733416
2025-07-23,2001202.0545497537,25219.900390625,293245.825583674
2025-07-24,2006900.2058985233,25062.099609375,291356.5340576172
2025-07-25,2011427.4991760254,24837.0,288158.6130371094
2025-07-28,2026801.0884335637,24680.900390625,287155.7750561014
2025-07-29,2029295.2969640493,24821.099609375,289345.8367064744
2025-07-30,2047733.3045721054,24855.05078125,289089.78167551756
2025-07-31,2031339.3770791143,24768.349609375,288120.09693350084
2025-08-01,1991548.4448368102,24565.349609375,292888.2693845201
2025-08-04,2038123.4680320024,24722.75,296587.15278141573
2025-08-05,2019259.460048765,24649.55078125,296670.7391124293
2025-08-06,2046186.0445708036,24574.19921875,296637.2396850586
2025-08-07,2045021.3232534528,24596.150390625,297299.1041013524
2025-08-08,2064408.7808531523,24363.30078125,300691.51641498506
2025-08-11,2062450.2692257613,24585.05078125,293947.8347107358
2025-08-12,2088208.8712021708,24487.400390625,293348.8839399442
2025-08-13,2085598.3932341337,24619.349609375,293718.30048004165
2025-08-14,2089909.5850208402,24631.30078125,292469.697012119
2025-08-18,2070094.9673002213,24876.94921875,290841.07158211805
2025-08-19,2036324.7210273743,24980.650390625,288527.886613369
2025-08-20,2023135.8462125063,25050.55078125,290936.65387090296
2025-08-21,2020194.5836949497,25083.75,291289.3500331454
2025-08-22,2051230.79858239,24870.099609375,294562.8526691012
2025-08-25,2052284.7665698528,24967.75,295573.888167534
2025-08-26,2060831.7984797359,24712.05078125,296843.741857063
2025-08-28,2076225.3582470715,24500.900390625,300597.1924193334
2025-08-29,2050996.3831485063,24426.849609375,304267.27599878795
2025-09-02,2044298.100636363,24579.599609375,312341.1526170485
2025-09-03,2062215.1438264847,24715.05078125,316463.8922815919
2025-09-04,2084263.7050393224,24734.30078125,314478.25287196785
2025-09-05,2085977.2655573487,24741.0,318658.58779575676
2025-09-08,2090619.0864807367,24773.150390625,320081.8629772216
2025-09-09,2103106.6940594018,24868.599609375,321405.7362083215
2025-09-10,2100009.2252002656,24973.099609375,320831.3700339012
2025-09-11,2117765.7616362125,25005.5,321020.4295049645
2025-09-12,2126559.7661824673,25114.0,322123.7745176293
2025-09-15,2140852.787212208,25069.19921875,324488.3363846559
2025-09-16,2133332.697620392,25239.099609375,324197.48416196555
2025-09-17,2129521.4464336485,25330.25,323669.6119570043
2025-09-18,2157090.1297825575,25423.599609375,321399.4828718249
2025-09-19,2172205.209302902,25327.05078125,323851.63904190063
2025-09-22,2186511.3974558115,25202.349609375,330320.25572701916
2025-09-23,2182915.6974162757,25169.5,335747.52839616686
2025-09-24,2175392.7310569882,25056.900390625,331330.6314336099
2025-09-25,2165824.9329859614,24890.849609375,331736.1954719871
2025-09-26,2175282.736027658,24654.69921875,335145.09558523446
2025-09-29,2183137.4193643928,24634.900390625,338931.00885759294
2025-09-30,2192587.5650322437,24611.099609375,341219.35814651847
2025-10-01,2199414.57865119,24836.30078125,342981.49730682373
2025-10-03,2198976.2396294475,24894.25,344305.3548813574
2025-10-06,2216125.3644763827,25077.650390625,350315.26277160645
2025-10-07,2204386.623660624,25108.30078125,352893.8297874853
2025-10-08,2231558.6343935877,25046.150390625,358952.8522085119
2025-10-09,2230359.8329616785,25181.80078125,350689.5411265455
2025-10-10,2152474.6884367764,25285.349609375,353319.94401491433
2025-10-13,2194483.3936920166,25227.349609375,364289.43891993165
2025-10-14,2182213.5356485844,25145.5,367444.1551424563
2025-10-15,2172877.674818158,25323.55078125,366771.49885817245
2025-10-16,2169607.822571978,25585.30078125,376617.8103329614
2025-10-17,2183748.7185661495,25709.849609375,368672.22436537966
2025-10-20,2209392.7273543775,25843.150390625,381082.8115076907
2025-10-21,2211227.7736319005,25868.599609375,359724.1449050121
2025-10-23,2203025.549255401,25891.400390625,362132.2617301941
2025-10-24,2225913.923330337,25795.150390625,361509.02226279303
2025-10-27,2267881.0450312793,25966.05078125,351482.87604895607
2025-10-28,2294846.5148774832,25936.19921875,349906.48595259525
2025-10-29,2304436.8443214744,26053.900390625,351463.928065924
2025-10-30,2273557.1837780178,25877.849609375,353497.2388428636
2025-10-31,2291922.463355407,25722.099609375,352960.29598189704
2025-11-03,2305758.043788448,25763.349609375,355128.2299717907
2025-11-04,2256741.621985048,25597.650390625,350253.34724632464
2025-11-06,2225438.3568674326,25509.69921875,352447.59775903076
2025-11-07,2222128.493439868,25492.30078125,354638.77362659946
2025-11-10,2270685.59222804,25574.349609375,364543.9352886602
2025-11-11,2265001.86938791,25694.94921875,364302.3006034717
2025-11-12,2257428.864224449,25875.80078125,371948.5411379151
2025-11-13,2214270.722535789,25879.150390625,370934.2173591368
2025-11-14,2221134.392344594,25910.05078125,363044.70342442393
2025-11-17,2199306.478834048,26013.44921875,360784.9817021545
2025-11-18,2171854.345591292,25910.05078125,359976.9947644789
2025-11-19,2182085.580779344,26052.650390625,361108.06247052364
2025-11-20,2128504.758887619,26192.150390625,358948.3181838989
2025-11-21,2149860.810968876,26068.150390625,361571.4862149805
2025-11-24,2229542.702686608,25959.5,366773.3668356687
2025-11-25,2230331.613600254,25884.80078125,369000.57722613215
2025-11-26,2249888.2090748996,26205.30078125,371330.08244823664
2025-11-28,2272983.9009951353,26202.94921875,376967.5162747279
2025-12-01,2264383.5739275366,26175.75,378781.43108017
2025-12-02,2290129.5956015587,26032.19921875,375172.5444995314
2025-12-03,2302468.2476162314,25986.0,377589.27276016027
2025-12-04,2306714.653123021,26033.75,379780.1014864743
2025-12-05,2308081.4251334965,26186.44921875,378471.77297511324
2025-12-08,2304926.587559879,25960.55078125,376588.4259888679
2025-12-09,2313518.909908995,25839.650390625,379149.87704946846
2025-12-10,2317737.545024693,25758.0,377327.27304278314
2025-12-11,2306484.88725096,25898.55078125,384807.89836120605
2025-12-12,2274080.4734731615,26046.94921875,388096.92702742293
2025-12-15,2270518.15954116,26027.30078125,390087.9985738471
2025-12-16,2281490.3627358377,25860.099609375,390749.17140960693
2025-12-17,2241672.9187653065,25818.55078125,395400.33542633057
2025-12-18,2262093.6428244114,25815.55078125,392350.2350463867
2025-12-19,2287639.682560444,25966.400390625,393641.6300653517
2025-12-22,2280604.3912531435,26172.400390625,398102.829390686
2025-12-23,2292769.2931976616,26177.150390625,401676.3323954791
2025-12-24,2296428.0517856926,26142.099609375,401049.089455422
2025-12-26,2310710.990190625,26042.30078125,408098.6569096036
2025-12-29,2292943.2341638505,25942.099609375,388520.7138856128
2025-12-30,2289084.2320168465,25938.849609375,392872.00544754043
2025-12-31,2266663.8886684924,26129.599609375,388306.5321124904
2026-01-02,2267594.907740861,26328.55078125,388131.6074133888
2026-01-05,2286296.733490348,26250.30078125,399352.0663002804
2026-01-06,2313548.080841303,26178.69921875,404442.3778836429
2026-01-07,2313112.136424288,26140.75,401176.00910986215
2026-01-08,2292180.272816792,25876.849609375,399869.6505617425
2026-01-09,2316525.971566513,25683.30078125,403702.2141473517
2026-01-12,2326975.303433329,25790.25,415473.5974568054
2026-01-13,2320191.3363858163,25732.30078125,413636.99553678185
2026-01-14,2298886.8190876096,25665.599609375,417629.97441033274
2026-01-16,2306864.8302906156,25694.349609375,414615.16938607395
2026-01-20,2271482.6571533084,25232.5,432669.08073103055
2026-01-21,2307717.4687212557,25157.5,440265.87009558827
2026-01-22,2335870.70264481,25289.900390625,449336.33344005793
2026-01-23,2344393.271069661,25048.650390625,455612.41145090014
2026-01-27,2379013.902377978,25175.400390625,465893.35055673495
2026-01-28,2381977.8266267776,25342.75,485278.2631381154
2026-01-29,2382411.803166032,25418.900390625,489509.79237882793
2026-01-30,2345246.9227386713,25320.650390625,432650.68236916885
2026-02-02,2359895.7866499424,25088.400390625,423823.14113616943
2026-02-03,2286698.8327694386,25727.55078125,442537.35575094074
2026-02-04,2250738.060349971,25776.0,444916.81523580104
2026-02-05,2212450.6369628906,25642.80078125,438133.66619873047
2026-02-06,2264713.020985633,25693.69921875,447166.6378117278
2026-02-09,2288990.2581632137,25867.30078125,457550.9074056521
2026-02-10,2282162.6709811687,25935.150390625,454459.1073130518
2026-02-11,2282929.155531004,25953.849609375,459425.59363346174
2026-02-12,2240047.580047846,25807.19921875,446755.3961931914
2026-02-13,2239897.529185474,25471.099609375,454812.92111206055
2026-02-17,2242485.246477589,25725.400390625,443284.2878271304
2026-02-18,2256489.8401066214,25819.349609375,451907.5354042053
2026-02-19,2251437.344724953,25454.349609375,451779.38175386935
2026-02-20,2277176.349146351,25571.25,460604.217163451
2026-02-23,2241758.082173899,25713.0,472204.7561073378
2026-02-24,2273412.6794580817,25424.650390625,469281.43161381036
2026-02-25,2302865.5549328327,25482.5,473355.4625080079
2026-02-26,2276900.817558363,25496.55078125,470807.8328590393
2026-02-27,2271548.2717734575,25178.650390625,476014.20838165283
2026-03-02,2276315.9122293442,24865.69921875,482211.81196732447
2026-03-04,2308834.294929564,24480.5,471102.4431275949
2026-03-05,2304955.2723124623,24765.900390625,466630.61947213113
2026-03-06,2261906.452739507,24450.44921875,472344.59245431796
2026-03-09,2295394.1644248962,24028.05078125,468093.1775894165
2026-03-10,2276546.8050575256,24261.599609375,477056.9289493561
2026-03-11,2300902.623987794,23866.849609375,476253.92924413085
2026-03-12,2262702.5990979224,23639.150390625,471824.06634783
2026-03-13,2252533.2549942434,23151.099609375,466799.97079849243
2026-03-16,2282186.981452465,23408.80078125,462262.6115722656
2026-03-17,2286804.047239572,23581.150390625,461505.78062438965
2026-03-18,2256665.71502614,23777.80078125,451784.1911788285
2026-03-19,2271046.920482129,23002.150390625,428999.63836450875
2026-03-20,2224494.7629719824,23114.5,425423.3269633986
2026-03-23,2271194.9439512193,22512.650390625,413524.30790985003
2026-03-24,2238077.1290965676,22912.400390625,410206.98292817175
2026-03-25,2278561.7579862475,23306.44921875,429044.7469782084
2026-03-27,2181639.9662290514,22819.599609375,423638.2814025879
2026-03-30,2165786.992246315,22331.400390625,427054.81980895996
2026-04-01,2225274.3716237694,22679.400390625,443128.1072605178
2026-04-02,2235599.4778185487,22713.099609375,432466.7110748291
2026-04-06,2245434.8858280033,22968.25,432228.31071086973
2026-04-07,2247436.814055383,23123.650390625,432459.2417130321
2026-04-08,2297935.1026414186,23997.349609375,438259.1776161194
2026-04-09,2319335.9030792117,23775.099609375,443133.8073091656
2026-04-10,2322502.993827045,24050.599609375,440331.94519185275
2026-04-13,2410103.0587428063,23842.650390625,450275.6961477734
2026-04-15,2447161.9488935918,24231.30078125,448256.65283203125
2026-04-16,2450230.2806243896,24196.75,445271.3988387063
2026-04-17,2481813.4993406534,24353.55078125,451989.47519999
2026-04-20,2476188.0702016354,24364.849609375,447607.8865477145
2026-04-21,2479082.262149334,24576.599609375,439877.36722433567
2026-04-22,2526730.2387364656,24378.099609375,443910.8613395691
2026-04-23,2520591.053920418,24173.05078125,442810.6139468774
2026-04-24,2569627.550991088,23897.94921875,444429.3282509595
2026-04-27,2573792.385491729,24092.69921875,440696.17769997567
2026-04-28,2558174.1487216204,23995.69921875,434564.81409072876
2026-04-29,2580495.8343238533,24177.650390625,431414.96289569885
2026-04-30,2601338.1541300565,23997.55078125,437284.8458964005
2026-05-04,2634095.795674324,24119.30078125,430524.85565185547
2026-05-05,2666557.470415324,24032.80078125,433634.68669216335
2026-05-06,2705710.3168442845,24330.94921875,442945.1939622313
2026-05-07,2692237.858642906,24326.650390625,442970.2232461795
2026-05-08,2755485.4863827676,24176.150390625,444911.84421662614
2026-05-11,2796938.9150034785,23815.849609375,450123.43290267885
2026-05-12,2779554.187133938,23379.55078125,447332.94527055696
2026-05-13,2810292.787461281,23412.599609375,449550.1820206642
2026-05-14,2831127.626854658,23689.599609375,447740.4920798242
2026-05-15,2787569.901862383,23643.5,436035.14328175783
2026-05-18,2791293.7924917936,23649.94921875,438270.0975036621
2026-05-19,2782914.42625162,23618.0,435154.461576961
2026-05-20,2828057.0240356624,23659.0,437398.65526562184
2026-05-21,2823403.0099214613,23654.69921875,436610.2378612384
2026-05-22,2835364.2626553774,23719.30078125,434802.1873855591
2026-05-26,2877276.587947607,23913.69921875,431610.8471406251
2026-05-27,2878928.361359656,23907.150390625,427177.4684715271
2026-05-29,2913447.3855382204,23547.75,438027.8275680542
2026-06-01,2915641.959217906,23382.599609375,427611.64050076157
2026-06-02,2920820.7155588865,23483.55078125,427645.14479497075
2026-06-03,2939867.9512839764,23405.599609375,426653.04428795725
2026-06-04,2912773.2478584945,23416.55078125,428738.1991467923
2026-06-05,2773857.1093226373,23366.69921875,415452.1128136888
2026-06-08,2814600.544687465,23123.0,414894.8953360729
2026-06-09,2773506.5917396545,23242.099609375,406234.8701477051
2026-06-10,2726636.228964865,23214.94921875,392926.7565895021
2026-06-11,2819769.150313616,23161.599609375,391687.54709827155
2026-06-12,2837941.4998532534,23622.900390625,403628.82705688477
2026-06-15,2893782.8741998672,23853.900390625,410042.07421875
2026-06-16,2843634.078074053,23989.150390625,410953.04237766936
2026-06-17,2814553.6635219455,24085.69921875,413480.4585663304
2026-06-18,2868516.785906419,24168.0,398501.16878853366
2026-06-22,2873886.681644395,24102.900390625,396028.4285135828
2026-06-23,2793381.7153608203,23824.099609375,393099.1556537524
2026-06-24,2759562.876139596,24021.650390625,376846.7167184483
2026-06-25,2779177.962236941,24056.0,380480.80516433716
2026-06-29,2822363.345375061,23946.25,381275.82001235336
2026-06-30,2873770.5300475955,23865.75,381845.6099842042
2026-07-01,2844312.843841687,24005.849609375,388187.0335660707
2026-07-02,2801734.454690933,24175.69921875,392874.3212211132
2026-07-06,2839220.2432614267,24430.349609375,397242.1137079224
2026-07-07,2788748.097481549,24398.69921875,396263.29840247333
2026-07-08,2804203.1421985924,23882.05078125,390243.7969296947
2026-07-09,2835673.9103883505,23962.80078125,394018.76015773416
2026-07-10,2845023.0813131332,24206.900390625,391490.91991725564
2026-07-13,2818100.5079223365,24211.0,384906.6904678345
2026-07-14,2852866.8164351583,24052.05078125,391592.797675658
2026-07-15,2846959.446301818,24078.5,390240.3229980469
2026-07-16,2805404.446810752,24072.75,385217.01294210926
2026-07-17,2763543.473399788,24334.30078125,387836.2733713221
2026-07-20,2760010.7887105644,24238.5,386952.25214411505
2026-07-21,2808836.151815772,24187.69921875,392213.4335827902
2026-07-22,2799972.3570669293,23996.25,400412.62187857926
2026-07-23,2756613.827879533,23869.599609375,392022.07186450437
2026-07-24,2724986.3583116233,23767.44921875,394056.4867586084
2026-07-27,2685430.2275035977,23995.94921875,390231.57557296753
2026-07-28,2654119.259093687,23985.349609375,385865.0434397254
2026-07-29,2603081.807135895,24250.19921875,386236.17592343874
2026-07-30,2689350.418458849,24317.150390625,392317.25452091545
2026-07-31,2705411.074626744,24383.599609375,387437.3297620043
